2025-11-20T19:16:01.760-03:00  INFO 96503 --- [nubank-challenge-server] [restartedMain] c.c.n.NubankChallengeServerApplication   : Starting NubankChallengeServerApplication using Java 17.0.14 with PID 96503 (/home/cardosofiles/www/java/development/nubank-challenge-server/target/classes started by cardosofiles in /home/cardosofiles/www/java/development/nubank-challenge-server)
2025-11-20T19:16:01.764-03:00  INFO 96503 --- [nubank-challenge-server] [restartedMain] c.c.n.NubankChallengeServerApplication   : The following 1 profile is active: "dev"
2025-11-20T19:16:01.822-03:00  INFO 96503 --- [nubank-challenge-server] [restartedMain] .e.DevToolsPropertyDefaultsPostProcessor : Devtools property defaults active! Set 'spring.devtools.add-properties' to 'false' to disable
2025-11-20T19:16:01.822-03:00  INFO 96503 --- [nubank-challenge-server] [restartedMain] .e.DevToolsPropertyDefaultsPostProcessor : For additional web related logging consider setting the 'logging.level.web' property to 'DEBUG'
2025-11-20T19:16:02.955-03:00  INFO 96503 --- [nubank-challenge-server] [restartedMain] .s.d.r.c.RepositoryConfigurationDelegate : Bootstrapping Spring Data JPA repositories in DEFAULT mode.
2025-11-20T19:16:02.975-03:00  INFO 96503 --- [nubank-challenge-server] [restartedMain] .s.d.r.c.RepositoryConfigurationDelegate : Finished Spring Data repository scanning in 10 ms. Found 0 JPA repository interfaces.
2025-11-20T19:16:03.519-03:00  INFO 96503 --- [nubank-challenge-server] [restartedMain] o.s.b.w.embedded.tomcat.TomcatWebServer  : Tomcat initialized with port 8080 (http)
2025-11-20T19:16:03.530-03:00  INFO 96503 --- [nubank-challenge-server] [restartedMain] o.apache.catalina.core.StandardService   : Starting service [Tomcat]
2025-11-20T19:16:03.531-03:00  INFO 96503 --- [nubank-challenge-server] [restartedMain] o.apache.catalina.core.StandardEngine    : Starting Servlet engine: [Apache Tomcat/10.1.49]
2025-11-20T19:16:03.575-03:00  INFO 96503 --- [nubank-challenge-server] [restartedMain] o.a.c.c.C.[Tomcat].[localhost].[/]       : Initializing Spring embedded WebApplicationContext
2025-11-20T19:16:03.576-03:00  INFO 96503 --- [nubank-challenge-server] [restartedMain] w.s.c.ServletWebServerApplicationContext : Root WebApplicationContext: initialization completed in 1753 ms
2025-11-20T19:16:04.001-03:00  INFO 96503 --- [nubank-challenge-server] [restartedMain] o.hibernate.jpa.internal.util.LogHelper  : HHH000204: Processing PersistenceUnitInfo [name: default]
2025-11-20T19:16:04.081-03:00  INFO 96503 --- [nubank-challenge-server] [restartedMain] org.hibernate.Version                    : HHH000412: Hibernate ORM core version 6.6.36.Final
2025-11-20T19:16:04.122-03:00  INFO 96503 --- [nubank-challenge-server] [restartedMain] o.h.c.internal.RegionFactoryInitiator    : HHH000026: Second-level cache disabled
2025-11-20T19:16:04.413-03:00  INFO 96503 --- [nubank-challenge-server] [restartedMain] o.s.o.j.p.SpringPersistenceUnitInfo      : No LoadTimeWeaver setup: ignoring JPA class transformer
2025-11-20T19:16:04.444-03:00  INFO 96503 --- [nubank-challenge-server] [restartedMain] com.zaxxer.hikari.HikariDataSource       : HikariPool-1 - Starting...
2025-11-20T19:16:04.576-03:00  INFO 96503 --- [nubank-challenge-server] [restartedMain] com.zaxxer.hikari.pool.HikariPool        : HikariPool-1 - Added connection org.postgresql.jdbc.PgConnection@7413d62e
2025-11-20T19:16:04.577-03:00  INFO 96503 --- [nubank-challenge-server] [restartedMain] com.zaxxer.hikari.HikariDataSource       : HikariPool-1 - Start completed.
2025-11-20T19:16:04.608-03:00  WARN 96503 --- [nubank-challenge-server] [restartedMain] org.hibernate.orm.deprecation            : HHH90000025: PostgreSQLDialect does not need to be specified explicitly using 'hibernate.dialect' (remove the property setting and it will be selected by default)
2025-11-20T19:16:04.632-03:00  INFO 96503 --- [nubank-challenge-server] [restartedMain] org.hibernate.orm.connections.pooling    : HHH10001005: Database info:
	Database JDBC URL [Connecting through datasource 'HikariDataSource (HikariPool-1)']
	Database driver: undefined/unknown
	Database version: 15.15
	Autocommit mode: undefined/unknown
	Isolation level: undefined/unknown
	Minimum pool size: undefined/unknown
	Maximum pool size: undefined/unknown
2025-11-20T19:16:04.789-03:00 ERROR 96503 --- [nubank-challenge-server] [restartedMain] j.LocalContainerEntityManagerFactoryBean : Failed to initialize JPA EntityManagerFactory: Association 'com.cardosofiles.nubank_challenge_server.model.Clients.emails' targets the type 'java.lang.Object' which is not an '@Entity' type
2025-11-20T19:16:04.790-03:00  WARN 96503 --- [nubank-challenge-server] [restartedMain] ConfigServletWebServerApplicationContext : Exception encountered during context initialization - cancelling refresh attempt: org.springframework.beans.factory.BeanCreationException: Error creating bean with name 'entityManagerFactory' defined in class path resource [org/springframework/boot/autoconfigure/orm/jpa/HibernateJpaConfiguration.class]: Association 'com.cardosofiles.nubank_challenge_server.model.Clients.emails' targets the type 'java.lang.Object' which is not an '@Entity' type
2025-11-20T19:16:04.792-03:00  INFO 96503 --- [nubank-challenge-server] [restartedMain] com.zaxxer.hikari.HikariDataSource       : HikariPool-1 - Shutdown initiated...
2025-11-20T19:16:04.819-03:00  INFO 96503 --- [nubank-challenge-server] [restartedMain] com.zaxxer.hikari.HikariDataSource       : HikariPool-1 - Shutdown completed.
2025-11-20T19:16:04.823-03:00  INFO 96503 --- [nubank-challenge-server] [restartedMain] o.apache.catalina.core.StandardService   : Stopping service [Tomcat]
2025-11-20T19:16:04.842-03:00  INFO 96503 --- [nubank-challenge-server] [restartedMain] .s.b.a.l.ConditionEvaluationReportLogger : 

Error starting ApplicationContext. To display the condition evaluation report re-run your application with 'debug' enabled.
2025-11-20T19:16:04.856-03:00 ERROR 96503 --- [nubank-challenge-server] [restartedMain] o.s.boot.SpringApplication               : Application run failed

org.springframework.beans.factory.BeanCreationException: Error creating bean with name 'entityManagerFactory' defined in class path resource [org/springframework/boot/autoconfigure/orm/jpa/HibernateJpaConfiguration.class]: Association 'com.cardosofiles.nubank_challenge_server.model.Clients.emails' targets the type 'java.lang.Object' which is not an '@Entity' type
	at org.springframework.beans.factory.support.AbstractAutowireCapableBeanFactory.initializeBean(AbstractAutowireCapableBeanFactory.java:1826) ~[spring-beans-6.2.14.jar:6.2.14]
	at org.springframework.beans.factory.support.AbstractAutowireCapableBeanFactory.doCreateBean(AbstractAutowireCapableBeanFactory.java:607) ~[spring-beans-6.2.14.jar:6.2.14]
	at org.springframework.beans.factory.support.AbstractAutowireCapableBeanFactory.createBean(AbstractAutowireCapableBeanFactory.java:529) ~[spring-beans-6.2.14.jar:6.2.14]
	at org.springframework.beans.factory.support.AbstractBeanFactory.lambda$doGetBean$0(AbstractBeanFactory.java:339) ~[spring-beans-6.2.14.jar:6.2.14]
	at org.springframework.beans.factory.support.DefaultSingletonBeanRegistry.getSingleton(DefaultSingletonBeanRegistry.java:373) ~[spring-beans-6.2.14.jar:6.2.14]
	at org.springframework.beans.factory.support.AbstractBeanFactory.doGetBean(AbstractBeanFactory.java:337) ~[spring-beans-6.2.14.jar:6.2.14]
	at org.springframework.beans.factory.support.AbstractBeanFactory.getBean(AbstractBeanFactory.java:207) ~[spring-beans-6.2.14.jar:6.2.14]
	at org.springframework.context.support.AbstractApplicationContext.finishBeanFactoryInitialization(AbstractApplicationContext.java:973) ~[spring-context-6.2.14.jar:6.2.14]
	at org.springframework.context.support.AbstractApplicationContext.refresh(AbstractApplicationContext.java:627) ~[spring-context-6.2.14.jar:6.2.14]
	at org.springframework.boot.web.servlet.context.ServletWebServerApplicationContext.refresh(ServletWebServerApplicationContext.java:146) ~[spring-boot-3.5.8.jar:3.5.8]
	at org.springframework.boot.SpringApplication.refresh(SpringApplication.java:752) ~[spring-boot-3.5.8.jar:3.5.8]
	at org.springframework.boot.SpringApplication.refreshContext(SpringApplication.java:439) ~[spring-boot-3.5.8.jar:3.5.8]
	at org.springframework.boot.SpringApplication.run(SpringApplication.java:318) ~[spring-boot-3.5.8.jar:3.5.8]
	at org.springframework.boot.SpringApplication.run(SpringApplication.java:1361) ~[spring-boot-3.5.8.jar:3.5.8]
	at org.springframework.boot.SpringApplication.run(SpringApplication.java:1350) ~[spring-boot-3.5.8.jar:3.5.8]
	at com.cardosofiles.nubank_challenge_server.NubankChallengeServerApplication.main(NubankChallengeServerApplication.java:14) ~[classes/:na]
	at java.base/jdk.internal.reflect.NativeMethodAccessorImpl.invoke0(Native Method) ~[na:na]
	at java.base/jdk.internal.reflect.NativeMethodAccessorImpl.invoke(NativeMethodAccessorImpl.java:77) ~[na:na]
	at java.base/jdk.internal.reflect.DelegatingMethodAccessorImpl.invoke(DelegatingMethodAccessorImpl.java:43) ~[na:na]
	at java.base/java.lang.reflect.Method.invoke(Method.java:569) ~[na:na]
	at org.springframework.boot.devtools.restart.RestartLauncher.run(RestartLauncher.java:50) ~[spring-boot-devtools-3.5.8.jar:3.5.8]
Caused by: org.hibernate.AnnotationException: Association 'com.cardosofiles.nubank_challenge_server.model.Clients.emails' targets the type 'java.lang.Object' which is not an '@Entity' type
	at org.hibernate.boot.model.internal.CollectionBinder.detectManyToManyProblems(CollectionBinder.java:2610) ~[hibernate-core-6.6.36.Final.jar:6.6.36.Final]
	at org.hibernate.boot.model.internal.CollectionBinder.bindManyToManySecondPass(CollectionBinder.java:2175) ~[hibernate-core-6.6.36.Final.jar:6.6.36.Final]
	at org.hibernate.boot.model.internal.CollectionBinder.bindStarToManySecondPass(CollectionBinder.java:1620) ~[hibernate-core-6.6.36.Final.jar:6.6.36.Final]
	at org.hibernate.boot.model.internal.CollectionBinder$1.secondPass(CollectionBinder.java:1604) ~[hibernate-core-6.6.36.Final.jar:6.6.36.Final]
	at org.hibernate.boot.model.internal.CollectionSecondPass.doSecondPass(CollectionSecondPass.java:45) ~[hibernate-core-6.6.36.Final.jar:6.6.36.Final]
	at org.hibernate.boot.internal.InFlightMetadataCollectorImpl.processSecondPasses(InFlightMetadataCollectorImpl.java:1842) ~[hibernate-core-6.6.36.Final.jar:6.6.36.Final]
	at org.hibernate.boot.internal.InFlightMetadataCollectorImpl.processSecondPasses(InFlightMetadataCollectorImpl.java:1800) ~[hibernate-core-6.6.36.Final.jar:6.6.36.Final]
	at org.hibernate.boot.model.process.spi.MetadataBuildingProcess.complete(MetadataBuildingProcess.java:334) ~[hibernate-core-6.6.36.Final.jar:6.6.36.Final]
	at org.hibernate.jpa.boot.internal.EntityManagerFactoryBuilderImpl.metadata(EntityManagerFactoryBuilderImpl.java:1442) ~[hibernate-core-6.6.36.Final.jar:6.6.36.Final]
	at org.hibernate.jpa.boot.internal.EntityManagerFactoryBuilderImpl.build(EntityManagerFactoryBuilderImpl.java:1513) ~[hibernate-core-6.6.36.Final.jar:6.6.36.Final]
	at org.springframework.orm.jpa.vendor.SpringHibernateJpaPersistenceProvider.createContainerEntityManagerFactory(SpringHibernateJpaPersistenceProvider.java:66) ~[spring-orm-6.2.14.jar:6.2.14]
	at org.springframework.orm.jpa.LocalContainerEntityManagerFactoryBean.createNativeEntityManagerFactory(LocalContainerEntityManagerFactoryBean.java:390) ~[spring-orm-6.2.14.jar:6.2.14]
	at org.springframework.orm.jpa.AbstractEntityManagerFactoryBean.buildNativeEntityManagerFactory(AbstractEntityManagerFactoryBean.java:419) ~[spring-orm-6.2.14.jar:6.2.14]
	at org.springframework.orm.jpa.AbstractEntityManagerFactoryBean.afterPropertiesSet(AbstractEntityManagerFactoryBean.java:400) ~[spring-orm-6.2.14.jar:6.2.14]
	at org.springframework.orm.jpa.LocalContainerEntityManagerFactoryBean.afterPropertiesSet(LocalContainerEntityManagerFactoryBean.java:366) ~[spring-orm-6.2.14.jar:6.2.14]
	at org.springframework.beans.factory.support.AbstractAutowireCapableBeanFactory.invokeInitMethods(AbstractAutowireCapableBeanFactory.java:1873) ~[spring-beans-6.2.14.jar:6.2.14]
	at org.springframework.beans.factory.support.AbstractAutowireCapableBeanFactory.initializeBean(AbstractAutowireCapableBeanFactory.java:1822) ~[spring-beans-6.2.14.jar:6.2.14]
	... 20 common frames omitted

2025-11-20T19:17:59.381-03:00  INFO 97797 --- [nubank-challenge-server] [restartedMain] c.c.n.NubankChallengeServerApplication   : Starting NubankChallengeServerApplication using Java 17.0.14 with PID 97797 (/home/cardosofiles/www/java/development/nubank-challenge-server/target/classes started by cardosofiles in /home/cardosofiles/www/java/development/nubank-challenge-server)
2025-11-20T19:17:59.384-03:00  INFO 97797 --- [nubank-challenge-server] [restartedMain] c.c.n.NubankChallengeServerApplication   : The following 1 profile is active: "dev"
2025-11-20T19:17:59.439-03:00  INFO 97797 --- [nubank-challenge-server] [restartedMain] .e.DevToolsPropertyDefaultsPostProcessor : Devtools property defaults active! Set 'spring.devtools.add-properties' to 'false' to disable
2025-11-20T19:17:59.439-03:00  INFO 97797 --- [nubank-challenge-server] [restartedMain] .e.DevToolsPropertyDefaultsPostProcessor : For additional web related logging consider setting the 'logging.level.web' property to 'DEBUG'
2025-11-20T19:18:00.486-03:00  INFO 97797 --- [nubank-challenge-server] [restartedMain] .s.d.r.c.RepositoryConfigurationDelegate : Bootstrapping Spring Data JPA repositories in DEFAULT mode.
2025-11-20T19:18:00.505-03:00  INFO 97797 --- [nubank-challenge-server] [restartedMain] .s.d.r.c.RepositoryConfigurationDelegate : Finished Spring Data repository scanning in 11 ms. Found 0 JPA repository interfaces.
2025-11-20T19:18:01.015-03:00  INFO 97797 --- [nubank-challenge-server] [restartedMain] o.s.b.w.embedded.tomcat.TomcatWebServer  : Tomcat initialized with port 8080 (http)
2025-11-20T19:18:01.035-03:00  INFO 97797 --- [nubank-challenge-server] [restartedMain] o.apache.catalina.core.StandardService   : Starting service [Tomcat]
2025-11-20T19:18:01.036-03:00  INFO 97797 --- [nubank-challenge-server] [restartedMain] o.apache.catalina.core.StandardEngine    : Starting Servlet engine: [Apache Tomcat/10.1.49]
2025-11-20T19:18:01.090-03:00  INFO 97797 --- [nubank-challenge-server] [restartedMain] o.a.c.c.C.[Tomcat].[localhost].[/]       : Initializing Spring embedded WebApplicationContext
2025-11-20T19:18:01.091-03:00  INFO 97797 --- [nubank-challenge-server] [restartedMain] w.s.c.ServletWebServerApplicationContext : Root WebApplicationContext: initialization completed in 1651 ms
2025-11-20T19:18:01.474-03:00  INFO 97797 --- [nubank-challenge-server] [restartedMain] o.hibernate.jpa.internal.util.LogHelper  : HHH000204: Processing PersistenceUnitInfo [name: default]
2025-11-20T19:18:01.538-03:00  INFO 97797 --- [nubank-challenge-server] [restartedMain] org.hibernate.Version                    : HHH000412: Hibernate ORM core version 6.6.36.Final
2025-11-20T19:18:01.571-03:00  INFO 97797 --- [nubank-challenge-server] [restartedMain] o.h.c.internal.RegionFactoryInitiator    : HHH000026: Second-level cache disabled
2025-11-20T19:18:01.817-03:00  INFO 97797 --- [nubank-challenge-server] [restartedMain] o.s.o.j.p.SpringPersistenceUnitInfo      : No LoadTimeWeaver setup: ignoring JPA class transformer
2025-11-20T19:18:01.849-03:00  INFO 97797 --- [nubank-challenge-server] [restartedMain] com.zaxxer.hikari.HikariDataSource       : HikariPool-1 - Starting...
2025-11-20T19:18:02.024-03:00  INFO 97797 --- [nubank-challenge-server] [restartedMain] com.zaxxer.hikari.pool.HikariPool        : HikariPool-1 - Added connection org.postgresql.jdbc.PgConnection@16f7e75f
2025-11-20T19:18:02.025-03:00  INFO 97797 --- [nubank-challenge-server] [restartedMain] com.zaxxer.hikari.HikariDataSource       : HikariPool-1 - Start completed.
2025-11-20T19:18:02.049-03:00  WARN 97797 --- [nubank-challenge-server] [restartedMain] org.hibernate.orm.deprecation            : HHH90000025: PostgreSQLDialect does not need to be specified explicitly using 'hibernate.dialect' (remove the property setting and it will be selected by default)
2025-11-20T19:18:02.068-03:00  INFO 97797 --- [nubank-challenge-server] [restartedMain] org.hibernate.orm.connections.pooling    : HHH10001005: Database info:
	Database JDBC URL [Connecting through datasource 'HikariDataSource (HikariPool-1)']
	Database driver: undefined/unknown
	Database version: 15.15
	Autocommit mode: undefined/unknown
	Isolation level: undefined/unknown
	Minimum pool size: undefined/unknown
	Maximum pool size: undefined/unknown
2025-11-20T19:18:02.732-03:00  INFO 97797 --- [nubank-challenge-server] [restartedMain] o.h.e.t.j.p.i.JtaPlatformInitiator       : HHH000489: No JTA platform available (set 'hibernate.transaction.jta.platform' to enable JTA platform integration)
2025-11-20T19:18:02.744-03:00 DEBUG 97797 --- [nubank-challenge-server] [restartedMain] org.hibernate.SQL                        : 
    set client_min_messages = WARNING
2025-11-20T19:18:02.752-03:00 DEBUG 97797 --- [nubank-challenge-server] [restartedMain] org.hibernate.SQL                        : 
    alter table if exists contacts 
       drop constraint if exists FKnk1ggjf4353tv92tdfa5ogcfj
2025-11-20T19:18:02.755-03:00 DEBUG 97797 --- [nubank-challenge-server] [restartedMain] org.hibernate.SQL                        : 
    drop table if exists clients cascade
2025-11-20T19:18:02.757-03:00 DEBUG 97797 --- [nubank-challenge-server] [restartedMain] org.hibernate.SQL                        : 
    drop table if exists contacts cascade
2025-11-20T19:18:02.768-03:00 DEBUG 97797 --- [nubank-challenge-server] [restartedMain] org.hibernate.SQL                        : 
    create table clients (
        id bigint generated by default as identity,
        name varchar(255),
        primary key (id)
    )
2025-11-20T19:18:02.781-03:00 DEBUG 97797 --- [nubank-challenge-server] [restartedMain] org.hibernate.SQL                        : 
    create table contacts (
        clients_id bigint,
        id bigint generated by default as identity,
        email varchar(255),
        phone_number varchar(255),
        primary key (id)
    )
2025-11-20T19:18:02.796-03:00 DEBUG 97797 --- [nubank-challenge-server] [restartedMain] org.hibernate.SQL                        : 
    alter table if exists contacts 
       add constraint FKnk1ggjf4353tv92tdfa5ogcfj 
       foreign key (clients_id) 
       references clients
2025-11-20T19:18:02.802-03:00  INFO 97797 --- [nubank-challenge-server] [restartedMain] j.LocalContainerEntityManagerFactoryBean : Initialized JPA EntityManagerFactory for persistence unit 'default'
2025-11-20T19:18:03.490-03:00  INFO 97797 --- [nubank-challenge-server] [restartedMain] o.s.b.d.a.OptionalLiveReloadServer       : LiveReload server is running on port 35729
2025-11-20T19:18:03.500-03:00  INFO 97797 --- [nubank-challenge-server] [restartedMain] o.s.b.a.e.web.EndpointLinksResolver      : Exposing 1 endpoint beneath base path '/actuator'
2025-11-20T19:18:03.596-03:00  INFO 97797 --- [nubank-challenge-server] [restartedMain] o.s.b.w.embedded.tomcat.TomcatWebServer  : Tomcat started on port 8080 (http) with context path '/'
2025-11-20T19:18:03.617-03:00  INFO 97797 --- [nubank-challenge-server] [restartedMain] c.c.n.NubankChallengeServerApplication   : Started NubankChallengeServerApplication in 4.715 seconds (process running for 5.236)
2025-11-20T19:18:05.118-03:00  INFO 97797 --- [nubank-challenge-server] [RMI TCP Connection(2)-127.0.0.1] o.a.c.c.C.[Tomcat].[localhost].[/]       : Initializing Spring DispatcherServlet 'dispatcherServlet'
2025-11-20T19:18:05.118-03:00  INFO 97797 --- [nubank-challenge-server] [RMI TCP Connection(2)-127.0.0.1] o.s.web.servlet.DispatcherServlet        : Initializing Servlet 'dispatcherServlet'
2025-11-20T19:18:05.119-03:00  INFO 97797 --- [nubank-challenge-server] [RMI TCP Connection(2)-127.0.0.1] o.s.web.servlet.DispatcherServlet        : Completed initialization in 1 ms
2025-11-20T19:19:05.783-03:00  INFO 97797 --- [nubank-challenge-server] [File Watcher] rtingClassPathChangeChangedEventListener : Restarting due to 1 class path change (1 addition, 0 deletions, 0 modifications)
2025-11-20T19:19:05.790-03:00  INFO 97797 --- [nubank-challenge-server] [Thread-5] o.s.b.w.e.tomcat.GracefulShutdown        : Commencing graceful shutdown. Waiting for active requests to complete
2025-11-20T19:19:05.797-03:00  INFO 97797 --- [nubank-challenge-server] [tomcat-shutdown] o.s.b.w.e.tomcat.GracefulShutdown        : Graceful shutdown complete
2025-11-20T19:19:05.812-03:00  INFO 97797 --- [nubank-challenge-server] [Thread-5] j.LocalContainerEntityManagerFactoryBean : Closing JPA EntityManagerFactory for persistence unit 'default'
2025-11-20T19:19:05.818-03:00  INFO 97797 --- [nubank-challenge-server] [Thread-5] com.zaxxer.hikari.HikariDataSource       : HikariPool-1 - Shutdown initiated...
2025-11-20T19:19:05.823-03:00  INFO 97797 --- [nubank-challenge-server] [Thread-5] com.zaxxer.hikari.HikariDataSource       : HikariPool-1 - Shutdown completed.
2025-11-20T19:19:05.891-03:00  INFO 97797 --- [nubank-challenge-server] [restartedMain] c.c.n.NubankChallengeServerApplication   : Starting NubankChallengeServerApplication using Java 17.0.14 with PID 97797 (/home/cardosofiles/www/java/development/nubank-challenge-server/target/classes started by cardosofiles in /home/cardosofiles/www/java/development/nubank-challenge-server)
2025-11-20T19:19:05.891-03:00  INFO 97797 --- [nubank-challenge-server] [restartedMain] c.c.n.NubankChallengeServerApplication   : The following 1 profile is active: "dev"
2025-11-20T19:19:06.142-03:00  INFO 97797 --- [nubank-challenge-server] [restartedMain] .s.d.r.c.RepositoryConfigurationDelegate : Bootstrapping Spring Data JPA repositories in DEFAULT mode.
2025-11-20T19:19:06.145-03:00  INFO 97797 --- [nubank-challenge-server] [restartedMain] .s.d.r.c.RepositoryConfigurationDelegate : Finished Spring Data repository scanning in 1 ms. Found 0 JPA repository interfaces.
2025-11-20T19:19:06.270-03:00  INFO 97797 --- [nubank-challenge-server] [restartedMain] o.s.b.w.embedded.tomcat.TomcatWebServer  : Tomcat initialized with port 8080 (http)
2025-11-20T19:19:06.271-03:00  INFO 97797 --- [nubank-challenge-server] [restartedMain] o.apache.catalina.core.StandardService   : Starting service [Tomcat]
2025-11-20T19:19:06.272-03:00  INFO 97797 --- [nubank-challenge-server] [restartedMain] o.apache.catalina.core.StandardEngine    : Starting Servlet engine: [Apache Tomcat/10.1.49]
2025-11-20T19:19:06.283-03:00  INFO 97797 --- [nubank-challenge-server] [restartedMain] o.a.c.c.C.[Tomcat].[localhost].[/]       : Initializing Spring embedded WebApplicationContext
2025-11-20T19:19:06.283-03:00  INFO 97797 --- [nubank-challenge-server] [restartedMain] w.s.c.ServletWebServerApplicationContext : Root WebApplicationContext: initialization completed in 390 ms
2025-11-20T19:19:06.364-03:00  INFO 97797 --- [nubank-challenge-server] [restartedMain] o.hibernate.jpa.internal.util.LogHelper  : HHH000204: Processing PersistenceUnitInfo [name: default]
2025-11-20T19:19:06.366-03:00  INFO 97797 --- [nubank-challenge-server] [restartedMain] o.h.c.internal.RegionFactoryInitiator    : HHH000026: Second-level cache disabled
2025-11-20T19:19:06.380-03:00  INFO 97797 --- [nubank-challenge-server] [restartedMain] o.s.o.j.p.SpringPersistenceUnitInfo      : No LoadTimeWeaver setup: ignoring JPA class transformer
2025-11-20T19:19:06.382-03:00  INFO 97797 --- [nubank-challenge-server] [restartedMain] com.zaxxer.hikari.HikariDataSource       : HikariPool-2 - Starting...
2025-11-20T19:19:06.400-03:00  INFO 97797 --- [nubank-challenge-server] [restartedMain] com.zaxxer.hikari.pool.HikariPool        : HikariPool-2 - Added connection org.postgresql.jdbc.PgConnection@759f4ffd
2025-11-20T19:19:06.401-03:00  INFO 97797 --- [nubank-challenge-server] [restartedMain] com.zaxxer.hikari.HikariDataSource       : HikariPool-2 - Start completed.
2025-11-20T19:19:06.405-03:00  WARN 97797 --- [nubank-challenge-server] [restartedMain] org.hibernate.orm.deprecation            : HHH90000025: PostgreSQLDialect does not need to be specified explicitly using 'hibernate.dialect' (remove the property setting and it will be selected by default)
2025-11-20T19:19:06.409-03:00  INFO 97797 --- [nubank-challenge-server] [restartedMain] org.hibernate.orm.connections.pooling    : HHH10001005: Database info:
	Database JDBC URL [Connecting through datasource 'HikariDataSource (HikariPool-2)']
	Database driver: undefined/unknown
	Database version: 15.15
	Autocommit mode: undefined/unknown
	Isolation level: undefined/unknown
	Minimum pool size: undefined/unknown
	Maximum pool size: undefined/unknown
2025-11-20T19:19:06.477-03:00  INFO 97797 --- [nubank-challenge-server] [restartedMain] o.h.e.t.j.p.i.JtaPlatformInitiator       : HHH000489: No JTA platform available (set 'hibernate.transaction.jta.platform' to enable JTA platform integration)
2025-11-20T19:19:06.477-03:00 DEBUG 97797 --- [nubank-challenge-server] [restartedMain] org.hibernate.SQL                        : 
    set client_min_messages = WARNING
2025-11-20T19:19:06.478-03:00 DEBUG 97797 --- [nubank-challenge-server] [restartedMain] org.hibernate.SQL                        : 
    alter table if exists contacts 
       drop constraint if exists FKnk1ggjf4353tv92tdfa5ogcfj
2025-11-20T19:19:06.486-03:00 DEBUG 97797 --- [nubank-challenge-server] [restartedMain] org.hibernate.SQL                        : 
    drop table if exists clients cascade
2025-11-20T19:19:06.492-03:00 DEBUG 97797 --- [nubank-challenge-server] [restartedMain] org.hibernate.SQL                        : 
    drop table if exists contacts cascade
2025-11-20T19:19:06.499-03:00 DEBUG 97797 --- [nubank-challenge-server] [restartedMain] org.hibernate.SQL                        : 
    create table clients (
        id bigint generated by default as identity,
        name varchar(255),
        primary key (id)
    )
2025-11-20T19:19:06.511-03:00 DEBUG 97797 --- [nubank-challenge-server] [restartedMain] org.hibernate.SQL                        : 
    create table contacts (
        clients_id bigint,
        id bigint generated by default as identity,
        email varchar(255),
        phone_number varchar(255),
        primary key (id)
    )
2025-11-20T19:19:06.527-03:00 DEBUG 97797 --- [nubank-challenge-server] [restartedMain] org.hibernate.SQL                        : 
    alter table if exists contacts 
       add constraint FKnk1ggjf4353tv92tdfa5ogcfj 
       foreign key (clients_id) 
       references clients
2025-11-20T19:19:06.532-03:00  INFO 97797 --- [nubank-challenge-server] [restartedMain] j.LocalContainerEntityManagerFactoryBean : Initialized JPA EntityManagerFactory for persistence unit 'default'
2025-11-20T19:19:06.690-03:00  INFO 97797 --- [nubank-challenge-server] [restartedMain] o.s.b.d.a.OptionalLiveReloadServer       : LiveReload server is running on port 35729
2025-11-20T19:19:06.692-03:00  INFO 97797 --- [nubank-challenge-server] [restartedMain] o.s.b.a.e.web.EndpointLinksResolver      : Exposing 1 endpoint beneath base path '/actuator'
2025-11-20T19:19:06.711-03:00  INFO 97797 --- [nubank-challenge-server] [restartedMain] o.s.b.w.embedded.tomcat.TomcatWebServer  : Tomcat started on port 8080 (http) with context path '/'
2025-11-20T19:19:06.720-03:00  INFO 97797 --- [nubank-challenge-server] [restartedMain] c.c.n.NubankChallengeServerApplication   : Started NubankChallengeServerApplication in 0.848 seconds (process running for 64.502)
2025-11-20T19:19:06.724-03:00  INFO 97797 --- [nubank-challenge-server] [restartedMain] .ConditionEvaluationDeltaLoggingListener : Condition evaluation unchanged
2025-11-20T19:19:14.179-03:00  INFO 97797 --- [nubank-challenge-server] [http-nio-8080-exec-1] o.a.c.c.C.[Tomcat].[localhost].[/]       : Initializing Spring DispatcherServlet 'dispatcherServlet'
2025-11-20T19:19:14.179-03:00  INFO 97797 --- [nubank-challenge-server] [http-nio-8080-exec-1] o.s.web.servlet.DispatcherServlet        : Initializing Servlet 'dispatcherServlet'
2025-11-20T19:19:14.181-03:00  INFO 97797 --- [nubank-challenge-server] [http-nio-8080-exec-1] o.s.web.servlet.DispatcherServlet        : Completed initialization in 1 ms
2025-11-20T19:26:16.906-03:00  INFO 97797 --- [nubank-challenge-server] [SpringApplicationShutdownHook] o.s.b.w.e.tomcat.GracefulShutdown        : Commencing graceful shutdown. Waiting for active requests to complete
2025-11-20T19:26:16.909-03:00  INFO 97797 --- [nubank-challenge-server] [tomcat-shutdown] o.s.b.w.e.tomcat.GracefulShutdown        : Graceful shutdown complete
2025-11-20T19:26:16.914-03:00  INFO 97797 --- [nubank-challenge-server] [SpringApplicationShutdownHook] j.LocalContainerEntityManagerFactoryBean : Closing JPA EntityManagerFactory for persistence unit 'default'
2025-11-20T19:26:16.915-03:00  INFO 97797 --- [nubank-challenge-server] [SpringApplicationShutdownHook] com.zaxxer.hikari.HikariDataSource       : HikariPool-2 - Shutdown initiated...
2025-11-20T19:26:16.917-03:00  INFO 97797 --- [nubank-challenge-server] [SpringApplicationShutdownHook] com.zaxxer.hikari.HikariDataSource       : HikariPool-2 - Shutdown completed.
2025-11-20T19:27:11.978-03:00  INFO 2992 --- [nubank-challenge-server] [restartedMain] c.c.n.NubankChallengeServerApplication   : Starting NubankChallengeServerApplication using Java 17.0.14 with PID 2992 (/home/cardosofiles/www/java/development/nubank-challenge-server/target/classes started by cardosofiles in /home/cardosofiles/www/java/development/nubank-challenge-server)
2025-11-20T19:27:11.979-03:00  INFO 2992 --- [nubank-challenge-server] [restartedMain] c.c.n.NubankChallengeServerApplication   : The following 1 profile is active: "dev"
2025-11-20T19:27:12.027-03:00  INFO 2992 --- [nubank-challenge-server] [restartedMain] .e.DevToolsPropertyDefaultsPostProcessor : Devtools property defaults active! Set 'spring.devtools.add-properties' to 'false' to disable
2025-11-20T19:27:12.027-03:00  INFO 2992 --- [nubank-challenge-server] [restartedMain] .e.DevToolsPropertyDefaultsPostProcessor : For additional web related logging consider setting the 'logging.level.web' property to 'DEBUG'
2025-11-20T19:27:12.796-03:00  INFO 2992 --- [nubank-challenge-server] [restartedMain] .s.d.r.c.RepositoryConfigurationDelegate : Bootstrapping Spring Data JPA repositories in DEFAULT mode.
2025-11-20T19:27:12.815-03:00  INFO 2992 --- [nubank-challenge-server] [restartedMain] .s.d.r.c.RepositoryConfigurationDelegate : Finished Spring Data repository scanning in 10 ms. Found 0 JPA repository interfaces.
2025-11-20T19:27:13.204-03:00  INFO 2992 --- [nubank-challenge-server] [restartedMain] o.s.b.w.embedded.tomcat.TomcatWebServer  : Tomcat initialized with port 8080 (http)
2025-11-20T19:27:13.214-03:00  INFO 2992 --- [nubank-challenge-server] [restartedMain] o.apache.catalina.core.StandardService   : Starting service [Tomcat]
2025-11-20T19:27:13.215-03:00  INFO 2992 --- [nubank-challenge-server] [restartedMain] o.apache.catalina.core.StandardEngine    : Starting Servlet engine: [Apache Tomcat/10.1.49]
2025-11-20T19:27:13.258-03:00  INFO 2992 --- [nubank-challenge-server] [restartedMain] o.a.c.c.C.[Tomcat].[localhost].[/]       : Initializing Spring embedded WebApplicationContext
2025-11-20T19:27:13.258-03:00  INFO 2992 --- [nubank-challenge-server] [restartedMain] w.s.c.ServletWebServerApplicationContext : Root WebApplicationContext: initialization completed in 1230 ms
2025-11-20T19:27:13.441-03:00  INFO 2992 --- [nubank-challenge-server] [restartedMain] o.hibernate.jpa.internal.util.LogHelper  : HHH000204: Processing PersistenceUnitInfo [name: default]
2025-11-20T19:27:13.468-03:00  INFO 2992 --- [nubank-challenge-server] [restartedMain] org.hibernate.Version                    : HHH000412: Hibernate ORM core version 6.6.36.Final
2025-11-20T19:27:13.488-03:00  INFO 2992 --- [nubank-challenge-server] [restartedMain] o.h.c.internal.RegionFactoryInitiator    : HHH000026: Second-level cache disabled
2025-11-20T19:27:13.639-03:00  INFO 2992 --- [nubank-challenge-server] [restartedMain] o.s.o.j.p.SpringPersistenceUnitInfo      : No LoadTimeWeaver setup: ignoring JPA class transformer
2025-11-20T19:27:13.665-03:00  INFO 2992 --- [nubank-challenge-server] [restartedMain] com.zaxxer.hikari.HikariDataSource       : HikariPool-1 - Starting...
2025-11-20T19:27:13.781-03:00  INFO 2992 --- [nubank-challenge-server] [restartedMain] com.zaxxer.hikari.pool.HikariPool        : HikariPool-1 - Added connection org.postgresql.jdbc.PgConnection@1070897b
2025-11-20T19:27:13.782-03:00  INFO 2992 --- [nubank-challenge-server] [restartedMain] com.zaxxer.hikari.HikariDataSource       : HikariPool-1 - Start completed.
2025-11-20T19:27:13.805-03:00  WARN 2992 --- [nubank-challenge-server] [restartedMain] org.hibernate.orm.deprecation            : HHH90000025: PostgreSQLDialect does not need to be specified explicitly using 'hibernate.dialect' (remove the property setting and it will be selected by default)
2025-11-20T19:27:13.821-03:00  INFO 2992 --- [nubank-challenge-server] [restartedMain] org.hibernate.orm.connections.pooling    : HHH10001005: Database info:
	Database JDBC URL [Connecting through datasource 'HikariDataSource (HikariPool-1)']
	Database driver: undefined/unknown
	Database version: 15.15
	Autocommit mode: undefined/unknown
	Isolation level: undefined/unknown
	Minimum pool size: undefined/unknown
	Maximum pool size: undefined/unknown
2025-11-20T19:27:14.393-03:00  INFO 2992 --- [nubank-challenge-server] [restartedMain] o.h.e.t.j.p.i.JtaPlatformInitiator       : HHH000489: No JTA platform available (set 'hibernate.transaction.jta.platform' to enable JTA platform integration)
2025-11-20T19:27:14.404-03:00 DEBUG 2992 --- [nubank-challenge-server] [restartedMain] org.hibernate.SQL                        : 
    set client_min_messages = WARNING
2025-11-20T19:27:14.407-03:00 DEBUG 2992 --- [nubank-challenge-server] [restartedMain] org.hibernate.SQL                        : 
    alter table if exists contacts 
       drop constraint if exists FKnk1ggjf4353tv92tdfa5ogcfj
2025-11-20T19:27:14.416-03:00 DEBUG 2992 --- [nubank-challenge-server] [restartedMain] org.hibernate.SQL                        : 
    drop table if exists clients cascade
2025-11-20T19:27:14.421-03:00 DEBUG 2992 --- [nubank-challenge-server] [restartedMain] org.hibernate.SQL                        : 
    drop table if exists contacts cascade
2025-11-20T19:27:14.431-03:00 DEBUG 2992 --- [nubank-challenge-server] [restartedMain] org.hibernate.SQL                        : 
    create table clients (
        id bigint generated by default as identity,
        name varchar(255),
        primary key (id)
    )
2025-11-20T19:27:14.443-03:00 DEBUG 2992 --- [nubank-challenge-server] [restartedMain] org.hibernate.SQL                        : 
    create table contacts (
        clients_id bigint,
        id bigint generated by default as identity,
        email varchar(255),
        phone_number varchar(255),
        primary key (id)
    )
2025-11-20T19:27:14.468-03:00 DEBUG 2992 --- [nubank-challenge-server] [restartedMain] org.hibernate.SQL                        : 
    alter table if exists contacts 
       add constraint FKnk1ggjf4353tv92tdfa5ogcfj 
       foreign key (clients_id) 
       references clients
2025-11-20T19:27:14.475-03:00  INFO 2992 --- [nubank-challenge-server] [restartedMain] j.LocalContainerEntityManagerFactoryBean : Initialized JPA EntityManagerFactory for persistence unit 'default'
2025-11-20T19:27:14.835-03:00  INFO 2992 --- [nubank-challenge-server] [restartedMain] o.s.b.d.a.OptionalLiveReloadServer       : LiveReload server is running on port 35729
2025-11-20T19:27:14.840-03:00  INFO 2992 --- [nubank-challenge-server] [restartedMain] o.s.b.a.e.web.EndpointLinksResolver      : Exposing 1 endpoint beneath base path '/actuator'
2025-11-20T19:27:14.897-03:00  INFO 2992 --- [nubank-challenge-server] [restartedMain] o.s.b.w.embedded.tomcat.TomcatWebServer  : Tomcat started on port 8080 (http) with context path '/'
2025-11-20T19:27:14.912-03:00  INFO 2992 --- [nubank-challenge-server] [restartedMain] c.c.n.NubankChallengeServerApplication   : Started NubankChallengeServerApplication in 3.277 seconds (process running for 3.527)
2025-11-20T19:29:30.475-03:00  INFO 2992 --- [nubank-challenge-server] [SpringApplicationShutdownHook] o.s.b.w.e.tomcat.GracefulShutdown        : Commencing graceful shutdown. Waiting for active requests to complete
2025-11-20T19:29:30.484-03:00  INFO 2992 --- [nubank-challenge-server] [tomcat-shutdown] o.s.b.w.e.tomcat.GracefulShutdown        : Graceful shutdown complete
2025-11-20T19:29:30.490-03:00  INFO 2992 --- [nubank-challenge-server] [SpringApplicationShutdownHook] j.LocalContainerEntityManagerFactoryBean : Closing JPA EntityManagerFactory for persistence unit 'default'
2025-11-20T19:29:30.499-03:00  INFO 2992 --- [nubank-challenge-server] [SpringApplicationShutdownHook] com.zaxxer.hikari.HikariDataSource       : HikariPool-1 - Shutdown initiated...
2025-11-20T19:29:30.505-03:00  INFO 2992 --- [nubank-challenge-server] [SpringApplicationShutdownHook] com.zaxxer.hikari.HikariDataSource       : HikariPool-1 - Shutdown completed.
2025-11-20T19:32:42.010-03:00  INFO 5660 --- [nubank-challenge-server] [restartedMain] c.c.n.NubankChallengeServerApplication   : Starting NubankChallengeServerApplication using Java 17.0.14 with PID 5660 (/home/cardosofiles/www/java/development/nubank-challenge-server/target/classes started by cardosofiles in /home/cardosofiles/www/java/development/nubank-challenge-server)
2025-11-20T19:32:42.012-03:00  INFO 5660 --- [nubank-challenge-server] [restartedMain] c.c.n.NubankChallengeServerApplication   : The following 1 profile is active: "dev"
2025-11-20T19:32:42.066-03:00  INFO 5660 --- [nubank-challenge-server] [restartedMain] .e.DevToolsPropertyDefaultsPostProcessor : Devtools property defaults active! Set 'spring.devtools.add-properties' to 'false' to disable
2025-11-20T19:32:42.066-03:00  INFO 5660 --- [nubank-challenge-server] [restartedMain] .e.DevToolsPropertyDefaultsPostProcessor : For additional web related logging consider setting the 'logging.level.web' property to 'DEBUG'
2025-11-20T19:32:43.010-03:00  INFO 5660 --- [nubank-challenge-server] [restartedMain] .s.d.r.c.RepositoryConfigurationDelegate : Bootstrapping Spring Data JPA repositories in DEFAULT mode.
2025-11-20T19:32:43.039-03:00  INFO 5660 --- [nubank-challenge-server] [restartedMain] .s.d.r.c.RepositoryConfigurationDelegate : Finished Spring Data repository scanning in 17 ms. Found 0 JPA repository interfaces.
2025-11-20T19:32:43.569-03:00  INFO 5660 --- [nubank-challenge-server] [restartedMain] o.s.b.w.embedded.tomcat.TomcatWebServer  : Tomcat initialized with port 8080 (http)
2025-11-20T19:32:43.592-03:00  INFO 5660 --- [nubank-challenge-server] [restartedMain] o.apache.catalina.core.StandardService   : Starting service [Tomcat]
2025-11-20T19:32:43.594-03:00  INFO 5660 --- [nubank-challenge-server] [restartedMain] o.apache.catalina.core.StandardEngine    : Starting Servlet engine: [Apache Tomcat/10.1.49]
2025-11-20T19:32:43.640-03:00  INFO 5660 --- [nubank-challenge-server] [restartedMain] o.a.c.c.C.[Tomcat].[localhost].[/]       : Initializing Spring embedded WebApplicationContext
2025-11-20T19:32:43.641-03:00  INFO 5660 --- [nubank-challenge-server] [restartedMain] w.s.c.ServletWebServerApplicationContext : Root WebApplicationContext: initialization completed in 1574 ms
2025-11-20T19:32:43.834-03:00  INFO 5660 --- [nubank-challenge-server] [restartedMain] o.hibernate.jpa.internal.util.LogHelper  : HHH000204: Processing PersistenceUnitInfo [name: default]
2025-11-20T19:32:43.863-03:00  INFO 5660 --- [nubank-challenge-server] [restartedMain] org.hibernate.Version                    : HHH000412: Hibernate ORM core version 6.6.36.Final
2025-11-20T19:32:43.885-03:00  INFO 5660 --- [nubank-challenge-server] [restartedMain] o.h.c.internal.RegionFactoryInitiator    : HHH000026: Second-level cache disabled
2025-11-20T19:32:44.028-03:00  INFO 5660 --- [nubank-challenge-server] [restartedMain] o.s.o.j.p.SpringPersistenceUnitInfo      : No LoadTimeWeaver setup: ignoring JPA class transformer
2025-11-20T19:32:44.056-03:00  INFO 5660 --- [nubank-challenge-server] [restartedMain] com.zaxxer.hikari.HikariDataSource       : HikariPool-1 - Starting...
2025-11-20T19:32:44.197-03:00  INFO 5660 --- [nubank-challenge-server] [restartedMain] com.zaxxer.hikari.pool.HikariPool        : HikariPool-1 - Added connection org.postgresql.jdbc.PgConnection@345a5b2d
2025-11-20T19:32:44.198-03:00  INFO 5660 --- [nubank-challenge-server] [restartedMain] com.zaxxer.hikari.HikariDataSource       : HikariPool-1 - Start completed.
2025-11-20T19:32:44.228-03:00  WARN 5660 --- [nubank-challenge-server] [restartedMain] org.hibernate.orm.deprecation            : HHH90000025: PostgreSQLDialect does not need to be specified explicitly using 'hibernate.dialect' (remove the property setting and it will be selected by default)
2025-11-20T19:32:44.251-03:00  INFO 5660 --- [nubank-challenge-server] [restartedMain] org.hibernate.orm.connections.pooling    : HHH10001005: Database info:
	Database JDBC URL [Connecting through datasource 'HikariDataSource (HikariPool-1)']
	Database driver: undefined/unknown
	Database version: 15.15
	Autocommit mode: undefined/unknown
	Isolation level: undefined/unknown
	Minimum pool size: undefined/unknown
	Maximum pool size: undefined/unknown
2025-11-20T19:32:44.774-03:00  INFO 5660 --- [nubank-challenge-server] [restartedMain] o.h.e.t.j.p.i.JtaPlatformInitiator       : HHH000489: No JTA platform available (set 'hibernate.transaction.jta.platform' to enable JTA platform integration)
2025-11-20T19:32:44.788-03:00 DEBUG 5660 --- [nubank-challenge-server] [restartedMain] org.hibernate.SQL                        : 
    set client_min_messages = WARNING
2025-11-20T19:32:44.790-03:00 DEBUG 5660 --- [nubank-challenge-server] [restartedMain] org.hibernate.SQL                        : 
    alter table if exists contacts 
       drop constraint if exists FKnk1ggjf4353tv92tdfa5ogcfj
2025-11-20T19:32:44.796-03:00 DEBUG 5660 --- [nubank-challenge-server] [restartedMain] org.hibernate.SQL                        : 
    drop table if exists clients cascade
2025-11-20T19:32:44.802-03:00 DEBUG 5660 --- [nubank-challenge-server] [restartedMain] org.hibernate.SQL                        : 
    drop table if exists contacts cascade
2025-11-20T19:32:44.812-03:00 DEBUG 5660 --- [nubank-challenge-server] [restartedMain] org.hibernate.SQL                        : 
    create table clients (
        id bigint generated by default as identity,
        name varchar(255),
        primary key (id)
    )
2025-11-20T19:32:44.829-03:00 DEBUG 5660 --- [nubank-challenge-server] [restartedMain] org.hibernate.SQL                        : 
    create table contacts (
        clients_id bigint,
        id bigint generated by default as identity,
        email varchar(255),
        phone_number varchar(255),
        primary key (id)
    )
2025-11-20T19:32:44.849-03:00 DEBUG 5660 --- [nubank-challenge-server] [restartedMain] org.hibernate.SQL                        : 
    alter table if exists contacts 
       add constraint FKnk1ggjf4353tv92tdfa5ogcfj 
       foreign key (clients_id) 
       references clients
2025-11-20T19:32:44.860-03:00  INFO 5660 --- [nubank-challenge-server] [restartedMain] j.LocalContainerEntityManagerFactoryBean : Initialized JPA EntityManagerFactory for persistence unit 'default'
2025-11-20T19:32:45.223-03:00  INFO 5660 --- [nubank-challenge-server] [restartedMain] o.s.b.d.a.OptionalLiveReloadServer       : LiveReload server is running on port 35729
2025-11-20T19:32:45.228-03:00  INFO 5660 --- [nubank-challenge-server] [restartedMain] o.s.b.a.e.web.EndpointLinksResolver      : Exposing 1 endpoint beneath base path '/actuator'
2025-11-20T19:32:45.299-03:00  INFO 5660 --- [nubank-challenge-server] [restartedMain] o.s.b.w.embedded.tomcat.TomcatWebServer  : Tomcat started on port 8080 (http) with context path '/'
2025-11-20T19:32:45.317-03:00  INFO 5660 --- [nubank-challenge-server] [restartedMain] c.c.n.NubankChallengeServerApplication   : Started NubankChallengeServerApplication in 3.677 seconds (process running for 3.952)
2025-11-20T19:38:54.444-03:00  INFO 5660 --- [nubank-challenge-server] [File Watcher] rtingClassPathChangeChangedEventListener : Restarting due to 1 class path change (1 addition, 0 deletions, 0 modifications)
2025-11-20T19:38:54.449-03:00  INFO 5660 --- [nubank-challenge-server] [Thread-5] o.s.b.w.e.tomcat.GracefulShutdown        : Commencing graceful shutdown. Waiting for active requests to complete
2025-11-20T19:38:54.456-03:00  INFO 5660 --- [nubank-challenge-server] [tomcat-shutdown] o.s.b.w.e.tomcat.GracefulShutdown        : Graceful shutdown complete
2025-11-20T19:38:54.461-03:00  INFO 5660 --- [nubank-challenge-server] [Thread-5] j.LocalContainerEntityManagerFactoryBean : Closing JPA EntityManagerFactory for persistence unit 'default'
2025-11-20T19:38:54.465-03:00  INFO 5660 --- [nubank-challenge-server] [Thread-5] com.zaxxer.hikari.HikariDataSource       : HikariPool-1 - Shutdown initiated...
2025-11-20T19:38:54.467-03:00  INFO 5660 --- [nubank-challenge-server] [Thread-5] com.zaxxer.hikari.HikariDataSource       : HikariPool-1 - Shutdown completed.
2025-11-20T19:38:54.542-03:00  INFO 5660 --- [nubank-challenge-server] [restartedMain] c.c.n.NubankChallengeServerApplication   : Starting NubankChallengeServerApplication using Java 17.0.14 with PID 5660 (/home/cardosofiles/www/java/development/nubank-challenge-server/target/classes started by cardosofiles in /home/cardosofiles/www/java/development/nubank-challenge-server)
2025-11-20T19:38:54.542-03:00  INFO 5660 --- [nubank-challenge-server] [restartedMain] c.c.n.NubankChallengeServerApplication   : The following 1 profile is active: "dev"
2025-11-20T19:38:54.708-03:00  INFO 5660 --- [nubank-challenge-server] [restartedMain] .s.d.r.c.RepositoryConfigurationDelegate : Bootstrapping Spring Data JPA repositories in DEFAULT mode.
2025-11-20T19:38:54.709-03:00  INFO 5660 --- [nubank-challenge-server] [restartedMain] .s.d.r.c.RepositoryConfigurationDelegate : Finished Spring Data repository scanning in 0 ms. Found 0 JPA repository interfaces.
2025-11-20T19:38:54.776-03:00  INFO 5660 --- [nubank-challenge-server] [restartedMain] o.s.b.w.embedded.tomcat.TomcatWebServer  : Tomcat initialized with port 8080 (http)
2025-11-20T19:38:54.777-03:00  INFO 5660 --- [nubank-challenge-server] [restartedMain] o.apache.catalina.core.StandardService   : Starting service [Tomcat]
2025-11-20T19:38:54.777-03:00  INFO 5660 --- [nubank-challenge-server] [restartedMain] o.apache.catalina.core.StandardEngine    : Starting Servlet engine: [Apache Tomcat/10.1.49]
2025-11-20T19:38:54.782-03:00  INFO 5660 --- [nubank-challenge-server] [restartedMain] o.a.c.c.C.[Tomcat].[localhost].[/]       : Initializing Spring embedded WebApplicationContext
2025-11-20T19:38:54.782-03:00  INFO 5660 --- [nubank-challenge-server] [restartedMain] w.s.c.ServletWebServerApplicationContext : Root WebApplicationContext: initialization completed in 238 ms
2025-11-20T19:38:54.821-03:00  INFO 5660 --- [nubank-challenge-server] [restartedMain] o.hibernate.jpa.internal.util.LogHelper  : HHH000204: Processing PersistenceUnitInfo [name: default]
2025-11-20T19:38:54.822-03:00  INFO 5660 --- [nubank-challenge-server] [restartedMain] o.h.c.internal.RegionFactoryInitiator    : HHH000026: Second-level cache disabled
2025-11-20T19:38:54.830-03:00  INFO 5660 --- [nubank-challenge-server] [restartedMain] o.s.o.j.p.SpringPersistenceUnitInfo      : No LoadTimeWeaver setup: ignoring JPA class transformer
2025-11-20T19:38:54.831-03:00  INFO 5660 --- [nubank-challenge-server] [restartedMain] com.zaxxer.hikari.HikariDataSource       : HikariPool-2 - Starting...
2025-11-20T19:38:54.845-03:00  INFO 5660 --- [nubank-challenge-server] [restartedMain] com.zaxxer.hikari.pool.HikariPool        : HikariPool-2 - Added connection org.postgresql.jdbc.PgConnection@5efcf184
2025-11-20T19:38:54.845-03:00  INFO 5660 --- [nubank-challenge-server] [restartedMain] com.zaxxer.hikari.HikariDataSource       : HikariPool-2 - Start completed.
2025-11-20T19:38:54.848-03:00  WARN 5660 --- [nubank-challenge-server] [restartedMain] org.hibernate.orm.deprecation            : HHH90000025: PostgreSQLDialect does not need to be specified explicitly using 'hibernate.dialect' (remove the property setting and it will be selected by default)
2025-11-20T19:38:54.850-03:00  INFO 5660 --- [nubank-challenge-server] [restartedMain] org.hibernate.orm.connections.pooling    : HHH10001005: Database info:
	Database JDBC URL [Connecting through datasource 'HikariDataSource (HikariPool-2)']
	Database driver: undefined/unknown
	Database version: 15.15
	Autocommit mode: undefined/unknown
	Isolation level: undefined/unknown
	Minimum pool size: undefined/unknown
	Maximum pool size: undefined/unknown
2025-11-20T19:38:54.889-03:00  INFO 5660 --- [nubank-challenge-server] [restartedMain] o.h.e.t.j.p.i.JtaPlatformInitiator       : HHH000489: No JTA platform available (set 'hibernate.transaction.jta.platform' to enable JTA platform integration)
2025-11-20T19:38:54.889-03:00 DEBUG 5660 --- [nubank-challenge-server] [restartedMain] org.hibernate.SQL                        : 
    set client_min_messages = WARNING
2025-11-20T19:38:54.890-03:00 DEBUG 5660 --- [nubank-challenge-server] [restartedMain] org.hibernate.SQL                        : 
    alter table if exists contacts 
       drop constraint if exists FKnk1ggjf4353tv92tdfa5ogcfj
2025-11-20T19:38:54.895-03:00 DEBUG 5660 --- [nubank-challenge-server] [restartedMain] org.hibernate.SQL                        : 
    drop table if exists clients cascade
2025-11-20T19:38:54.900-03:00 DEBUG 5660 --- [nubank-challenge-server] [restartedMain] org.hibernate.SQL                        : 
    drop table if exists contacts cascade
2025-11-20T19:38:54.905-03:00 DEBUG 5660 --- [nubank-challenge-server] [restartedMain] org.hibernate.SQL                        : 
    create table clients (
        id bigint generated by default as identity,
        name varchar(255),
        primary key (id)
    )
2025-11-20T19:38:54.915-03:00 DEBUG 5660 --- [nubank-challenge-server] [restartedMain] org.hibernate.SQL                        : 
    create table contacts (
        clients_id bigint,
        id bigint generated by default as identity,
        email varchar(255),
        phone_number varchar(255),
        primary key (id)
    )
2025-11-20T19:38:54.932-03:00 DEBUG 5660 --- [nubank-challenge-server] [restartedMain] org.hibernate.SQL                        : 
    alter table if exists contacts 
       add constraint FKnk1ggjf4353tv92tdfa5ogcfj 
       foreign key (clients_id) 
       references clients
2025-11-20T19:38:54.939-03:00  INFO 5660 --- [nubank-challenge-server] [restartedMain] j.LocalContainerEntityManagerFactoryBean : Initialized JPA EntityManagerFactory for persistence unit 'default'
2025-11-20T19:38:55.064-03:00  INFO 5660 --- [nubank-challenge-server] [restartedMain] o.s.b.d.a.OptionalLiveReloadServer       : LiveReload server is running on port 35729
2025-11-20T19:38:55.066-03:00  INFO 5660 --- [nubank-challenge-server] [restartedMain] o.s.b.a.e.web.EndpointLinksResolver      : Exposing 1 endpoint beneath base path '/actuator'
2025-11-20T19:38:55.079-03:00  INFO 5660 --- [nubank-challenge-server] [restartedMain] o.s.b.w.embedded.tomcat.TomcatWebServer  : Tomcat started on port 8080 (http) with context path '/'
2025-11-20T19:38:55.085-03:00  INFO 5660 --- [nubank-challenge-server] [restartedMain] c.c.n.NubankChallengeServerApplication   : Started NubankChallengeServerApplication in 0.564 seconds (process running for 356.187)
2025-11-20T19:38:55.088-03:00  INFO 5660 --- [nubank-challenge-server] [restartedMain] .ConditionEvaluationDeltaLoggingListener : Condition evaluation unchanged
2025-11-20T19:39:38.221-03:00  INFO 5660 --- [nubank-challenge-server] [File Watcher] rtingClassPathChangeChangedEventListener : Restarting due to 1 class path change (1 addition, 0 deletions, 0 modifications)
2025-11-20T19:39:38.226-03:00  INFO 5660 --- [nubank-challenge-server] [Thread-7] o.s.b.w.e.tomcat.GracefulShutdown        : Commencing graceful shutdown. Waiting for active requests to complete
2025-11-20T19:39:38.229-03:00  INFO 5660 --- [nubank-challenge-server] [tomcat-shutdown] o.s.b.w.e.tomcat.GracefulShutdown        : Graceful shutdown complete
2025-11-20T19:39:38.236-03:00  INFO 5660 --- [nubank-challenge-server] [Thread-7] j.LocalContainerEntityManagerFactoryBean : Closing JPA EntityManagerFactory for persistence unit 'default'
2025-11-20T19:39:38.238-03:00  INFO 5660 --- [nubank-challenge-server] [Thread-7] com.zaxxer.hikari.HikariDataSource       : HikariPool-2 - Shutdown initiated...
2025-11-20T19:39:38.241-03:00  INFO 5660 --- [nubank-challenge-server] [Thread-7] com.zaxxer.hikari.HikariDataSource       : HikariPool-2 - Shutdown completed.
2025-11-20T19:39:38.307-03:00  INFO 5660 --- [nubank-challenge-server] [restartedMain] c.c.n.NubankChallengeServerApplication   : Starting NubankChallengeServerApplication using Java 17.0.14 with PID 5660 (/home/cardosofiles/www/java/development/nubank-challenge-server/target/classes started by cardosofiles in /home/cardosofiles/www/java/development/nubank-challenge-server)
2025-11-20T19:39:38.307-03:00  INFO 5660 --- [nubank-challenge-server] [restartedMain] c.c.n.NubankChallengeServerApplication   : The following 1 profile is active: "dev"
2025-11-20T19:39:38.423-03:00  INFO 5660 --- [nubank-challenge-server] [restartedMain] .s.d.r.c.RepositoryConfigurationDelegate : Bootstrapping Spring Data JPA repositories in DEFAULT mode.
2025-11-20T19:39:38.425-03:00  INFO 5660 --- [nubank-challenge-server] [restartedMain] .s.d.r.c.RepositoryConfigurationDelegate : Finished Spring Data repository scanning in 1 ms. Found 0 JPA repository interfaces.
2025-11-20T19:39:38.470-03:00  INFO 5660 --- [nubank-challenge-server] [restartedMain] o.s.b.w.embedded.tomcat.TomcatWebServer  : Tomcat initialized with port 8080 (http)
2025-11-20T19:39:38.471-03:00  INFO 5660 --- [nubank-challenge-server] [restartedMain] o.apache.catalina.core.StandardService   : Starting service [Tomcat]
2025-11-20T19:39:38.471-03:00  INFO 5660 --- [nubank-challenge-server] [restartedMain] o.apache.catalina.core.StandardEngine    : Starting Servlet engine: [Apache Tomcat/10.1.49]
2025-11-20T19:39:38.476-03:00  INFO 5660 --- [nubank-challenge-server] [restartedMain] o.a.c.c.C.[Tomcat].[localhost].[/]       : Initializing Spring embedded WebApplicationContext
2025-11-20T19:39:38.476-03:00  INFO 5660 --- [nubank-challenge-server] [restartedMain] w.s.c.ServletWebServerApplicationContext : Root WebApplicationContext: initialization completed in 167 ms
2025-11-20T19:39:38.506-03:00  INFO 5660 --- [nubank-challenge-server] [restartedMain] o.hibernate.jpa.internal.util.LogHelper  : HHH000204: Processing PersistenceUnitInfo [name: default]
2025-11-20T19:39:38.509-03:00  INFO 5660 --- [nubank-challenge-server] [restartedMain] o.h.c.internal.RegionFactoryInitiator    : HHH000026: Second-level cache disabled
2025-11-20T19:39:38.515-03:00  INFO 5660 --- [nubank-challenge-server] [restartedMain] o.s.o.j.p.SpringPersistenceUnitInfo      : No LoadTimeWeaver setup: ignoring JPA class transformer
2025-11-20T19:39:38.516-03:00  INFO 5660 --- [nubank-challenge-server] [restartedMain] com.zaxxer.hikari.HikariDataSource       : HikariPool-3 - Starting...
2025-11-20T19:39:38.539-03:00  INFO 5660 --- [nubank-challenge-server] [restartedMain] com.zaxxer.hikari.pool.HikariPool        : HikariPool-3 - Added connection org.postgresql.jdbc.PgConnection@3d6caf5
2025-11-20T19:39:38.540-03:00  INFO 5660 --- [nubank-challenge-server] [restartedMain] com.zaxxer.hikari.HikariDataSource       : HikariPool-3 - Start completed.
2025-11-20T19:39:38.543-03:00  WARN 5660 --- [nubank-challenge-server] [restartedMain] org.hibernate.orm.deprecation            : HHH90000025: PostgreSQLDialect does not need to be specified explicitly using 'hibernate.dialect' (remove the property setting and it will be selected by default)
2025-11-20T19:39:38.546-03:00  INFO 5660 --- [nubank-challenge-server] [restartedMain] org.hibernate.orm.connections.pooling    : HHH10001005: Database info:
	Database JDBC URL [Connecting through datasource 'HikariDataSource (HikariPool-3)']
	Database driver: undefined/unknown
	Database version: 15.15
	Autocommit mode: undefined/unknown
	Isolation level: undefined/unknown
	Minimum pool size: undefined/unknown
	Maximum pool size: undefined/unknown
2025-11-20T19:39:38.589-03:00  INFO 5660 --- [nubank-challenge-server] [restartedMain] o.h.e.t.j.p.i.JtaPlatformInitiator       : HHH000489: No JTA platform available (set 'hibernate.transaction.jta.platform' to enable JTA platform integration)
2025-11-20T19:39:38.589-03:00 DEBUG 5660 --- [nubank-challenge-server] [restartedMain] org.hibernate.SQL                        : 
    set client_min_messages = WARNING
2025-11-20T19:39:38.591-03:00 DEBUG 5660 --- [nubank-challenge-server] [restartedMain] org.hibernate.SQL                        : 
    alter table if exists contacts 
       drop constraint if exists FKnk1ggjf4353tv92tdfa5ogcfj
2025-11-20T19:39:38.596-03:00 DEBUG 5660 --- [nubank-challenge-server] [restartedMain] org.hibernate.SQL                        : 
    drop table if exists clients cascade
2025-11-20T19:39:38.601-03:00 DEBUG 5660 --- [nubank-challenge-server] [restartedMain] org.hibernate.SQL                        : 
    drop table if exists contacts cascade
2025-11-20T19:39:38.606-03:00 DEBUG 5660 --- [nubank-challenge-server] [restartedMain] org.hibernate.SQL                        : 
    create table clients (
        id bigint generated by default as identity,
        name varchar(255),
        primary key (id)
    )
2025-11-20T19:39:38.617-03:00 DEBUG 5660 --- [nubank-challenge-server] [restartedMain] org.hibernate.SQL                        : 
    create table contacts (
        clients_id bigint,
        id bigint generated by default as identity,
        email varchar(255),
        phone_number varchar(255),
        primary key (id)
    )
2025-11-20T19:39:38.631-03:00 DEBUG 5660 --- [nubank-challenge-server] [restartedMain] org.hibernate.SQL                        : 
    alter table if exists contacts 
       add constraint FKnk1ggjf4353tv92tdfa5ogcfj 
       foreign key (clients_id) 
       references clients
2025-11-20T19:39:38.637-03:00  INFO 5660 --- [nubank-challenge-server] [restartedMain] j.LocalContainerEntityManagerFactoryBean : Initialized JPA EntityManagerFactory for persistence unit 'default'
2025-11-20T19:39:38.733-03:00  INFO 5660 --- [nubank-challenge-server] [restartedMain] o.s.b.d.a.OptionalLiveReloadServer       : LiveReload server is running on port 35729
2025-11-20T19:39:38.735-03:00  INFO 5660 --- [nubank-challenge-server] [restartedMain] o.s.b.a.e.web.EndpointLinksResolver      : Exposing 1 endpoint beneath base path '/actuator'
2025-11-20T19:39:38.748-03:00  INFO 5660 --- [nubank-challenge-server] [restartedMain] o.s.b.w.embedded.tomcat.TomcatWebServer  : Tomcat started on port 8080 (http) with context path '/'
2025-11-20T19:39:38.754-03:00  INFO 5660 --- [nubank-challenge-server] [restartedMain] c.c.n.NubankChallengeServerApplication   : Started NubankChallengeServerApplication in 0.464 seconds (process running for 397.13)
2025-11-20T19:39:38.756-03:00  INFO 5660 --- [nubank-challenge-server] [restartedMain] .ConditionEvaluationDeltaLoggingListener : Condition evaluation unchanged
2025-11-20T19:39:46.863-03:00  INFO 5660 --- [nubank-challenge-server] [File Watcher] rtingClassPathChangeChangedEventListener : Restarting due to 1 class path change (0 additions, 0 deletions, 1 modification)
2025-11-20T19:39:46.864-03:00  INFO 5660 --- [nubank-challenge-server] [Thread-11] o.s.b.w.e.tomcat.GracefulShutdown        : Commencing graceful shutdown. Waiting for active requests to complete
2025-11-20T19:39:46.867-03:00  INFO 5660 --- [nubank-challenge-server] [tomcat-shutdown] o.s.b.w.e.tomcat.GracefulShutdown        : Graceful shutdown complete
2025-11-20T19:39:46.870-03:00  INFO 5660 --- [nubank-challenge-server] [Thread-11] j.LocalContainerEntityManagerFactoryBean : Closing JPA EntityManagerFactory for persistence unit 'default'
2025-11-20T19:39:46.871-03:00  INFO 5660 --- [nubank-challenge-server] [Thread-11] com.zaxxer.hikari.HikariDataSource       : HikariPool-3 - Shutdown initiated...
2025-11-20T19:39:46.873-03:00  INFO 5660 --- [nubank-challenge-server] [Thread-11] com.zaxxer.hikari.HikariDataSource       : HikariPool-3 - Shutdown completed.
2025-11-20T19:39:46.927-03:00  INFO 5660 --- [nubank-challenge-server] [restartedMain] c.c.n.NubankChallengeServerApplication   : Starting NubankChallengeServerApplication using Java 17.0.14 with PID 5660 (/home/cardosofiles/www/java/development/nubank-challenge-server/target/classes started by cardosofiles in /home/cardosofiles/www/java/development/nubank-challenge-server)
2025-11-20T19:39:46.928-03:00  INFO 5660 --- [nubank-challenge-server] [restartedMain] c.c.n.NubankChallengeServerApplication   : The following 1 profile is active: "dev"
2025-11-20T19:39:47.075-03:00  INFO 5660 --- [nubank-challenge-server] [restartedMain] .s.d.r.c.RepositoryConfigurationDelegate : Bootstrapping Spring Data JPA repositories in DEFAULT mode.
2025-11-20T19:39:47.077-03:00  INFO 5660 --- [nubank-challenge-server] [restartedMain] .s.d.r.c.RepositoryConfigurationDelegate : Finished Spring Data repository scanning in 1 ms. Found 0 JPA repository interfaces.
2025-11-20T19:39:47.128-03:00  INFO 5660 --- [nubank-challenge-server] [restartedMain] o.s.b.w.embedded.tomcat.TomcatWebServer  : Tomcat initialized with port 8080 (http)
2025-11-20T19:39:47.129-03:00  INFO 5660 --- [nubank-challenge-server] [restartedMain] o.apache.catalina.core.StandardService   : Starting service [Tomcat]
2025-11-20T19:39:47.129-03:00  INFO 5660 --- [nubank-challenge-server] [restartedMain] o.apache.catalina.core.StandardEngine    : Starting Servlet engine: [Apache Tomcat/10.1.49]
2025-11-20T19:39:47.134-03:00  INFO 5660 --- [nubank-challenge-server] [restartedMain] o.a.c.c.C.[Tomcat].[localhost].[/]       : Initializing Spring embedded WebApplicationContext
2025-11-20T19:39:47.134-03:00  INFO 5660 --- [nubank-challenge-server] [restartedMain] w.s.c.ServletWebServerApplicationContext : Root WebApplicationContext: initialization completed in 204 ms
2025-11-20T19:39:47.170-03:00  INFO 5660 --- [nubank-challenge-server] [restartedMain] o.hibernate.jpa.internal.util.LogHelper  : HHH000204: Processing PersistenceUnitInfo [name: default]
2025-11-20T19:39:47.173-03:00  INFO 5660 --- [nubank-challenge-server] [restartedMain] o.h.c.internal.RegionFactoryInitiator    : HHH000026: Second-level cache disabled
2025-11-20T19:39:47.179-03:00  INFO 5660 --- [nubank-challenge-server] [restartedMain] o.s.o.j.p.SpringPersistenceUnitInfo      : No LoadTimeWeaver setup: ignoring JPA class transformer
2025-11-20T19:39:47.180-03:00  INFO 5660 --- [nubank-challenge-server] [restartedMain] com.zaxxer.hikari.HikariDataSource       : HikariPool-4 - Starting...
2025-11-20T19:39:47.201-03:00  INFO 5660 --- [nubank-challenge-server] [restartedMain] com.zaxxer.hikari.pool.HikariPool        : HikariPool-4 - Added connection org.postgresql.jdbc.PgConnection@17b3738c
2025-11-20T19:39:47.201-03:00  INFO 5660 --- [nubank-challenge-server] [restartedMain] com.zaxxer.hikari.HikariDataSource       : HikariPool-4 - Start completed.
2025-11-20T19:39:47.207-03:00  WARN 5660 --- [nubank-challenge-server] [restartedMain] org.hibernate.orm.deprecation            : HHH90000025: PostgreSQLDialect does not need to be specified explicitly using 'hibernate.dialect' (remove the property setting and it will be selected by default)
2025-11-20T19:39:47.210-03:00  INFO 5660 --- [nubank-challenge-server] [restartedMain] org.hibernate.orm.connections.pooling    : HHH10001005: Database info:
	Database JDBC URL [Connecting through datasource 'HikariDataSource (HikariPool-4)']
	Database driver: undefined/unknown
	Database version: 15.15
	Autocommit mode: undefined/unknown
	Isolation level: undefined/unknown
	Minimum pool size: undefined/unknown
	Maximum pool size: undefined/unknown
2025-11-20T19:39:47.256-03:00  INFO 5660 --- [nubank-challenge-server] [restartedMain] o.h.e.t.j.p.i.JtaPlatformInitiator       : HHH000489: No JTA platform available (set 'hibernate.transaction.jta.platform' to enable JTA platform integration)
2025-11-20T19:39:47.256-03:00 DEBUG 5660 --- [nubank-challenge-server] [restartedMain] org.hibernate.SQL                        : 
    set client_min_messages = WARNING
2025-11-20T19:39:47.257-03:00 DEBUG 5660 --- [nubank-challenge-server] [restartedMain] org.hibernate.SQL                        : 
    alter table if exists contacts 
       drop constraint if exists FKnk1ggjf4353tv92tdfa5ogcfj
2025-11-20T19:39:47.262-03:00 DEBUG 5660 --- [nubank-challenge-server] [restartedMain] org.hibernate.SQL                        : 
    drop table if exists clients cascade
2025-11-20T19:39:47.268-03:00 DEBUG 5660 --- [nubank-challenge-server] [restartedMain] org.hibernate.SQL                        : 
    drop table if exists contacts cascade
2025-11-20T19:39:47.273-03:00 DEBUG 5660 --- [nubank-challenge-server] [restartedMain] org.hibernate.SQL                        : 
    create table clients (
        id bigint generated by default as identity,
        name varchar(255),
        primary key (id)
    )
2025-11-20T19:39:47.284-03:00 DEBUG 5660 --- [nubank-challenge-server] [restartedMain] org.hibernate.SQL                        : 
    create table contacts (
        clients_id bigint,
        id bigint generated by default as identity,
        email varchar(255),
        phone_number varchar(255),
        primary key (id)
    )
2025-11-20T19:39:47.299-03:00 DEBUG 5660 --- [nubank-challenge-server] [restartedMain] org.hibernate.SQL                        : 
    alter table if exists contacts 
       add constraint FKnk1ggjf4353tv92tdfa5ogcfj 
       foreign key (clients_id) 
       references clients
2025-11-20T19:39:47.305-03:00  INFO 5660 --- [nubank-challenge-server] [restartedMain] j.LocalContainerEntityManagerFactoryBean : Initialized JPA EntityManagerFactory for persistence unit 'default'
2025-11-20T19:39:47.427-03:00  INFO 5660 --- [nubank-challenge-server] [restartedMain] o.s.b.d.a.OptionalLiveReloadServer       : LiveReload server is running on port 35729
2025-11-20T19:39:47.429-03:00  INFO 5660 --- [nubank-challenge-server] [restartedMain] o.s.b.a.e.web.EndpointLinksResolver      : Exposing 1 endpoint beneath base path '/actuator'
2025-11-20T19:39:47.444-03:00  INFO 5660 --- [nubank-challenge-server] [restartedMain] o.s.b.w.embedded.tomcat.TomcatWebServer  : Tomcat started on port 8080 (http) with context path '/'
2025-11-20T19:39:47.452-03:00  INFO 5660 --- [nubank-challenge-server] [restartedMain] c.c.n.NubankChallengeServerApplication   : Started NubankChallengeServerApplication in 0.541 seconds (process running for 403.104)
2025-11-20T19:39:47.454-03:00  INFO 5660 --- [nubank-challenge-server] [restartedMain] .ConditionEvaluationDeltaLoggingListener : Condition evaluation unchanged
2025-11-20T19:42:44.236-03:00  INFO 5660 --- [nubank-challenge-server] [File Watcher] rtingClassPathChangeChangedEventListener : Restarting due to 1 class path change (1 addition, 0 deletions, 0 modifications)
2025-11-20T19:42:44.240-03:00  INFO 5660 --- [nubank-challenge-server] [Thread-15] o.s.b.w.e.tomcat.GracefulShutdown        : Commencing graceful shutdown. Waiting for active requests to complete
2025-11-20T19:42:44.243-03:00  INFO 5660 --- [nubank-challenge-server] [tomcat-shutdown] o.s.b.w.e.tomcat.GracefulShutdown        : Graceful shutdown complete
2025-11-20T19:42:44.248-03:00  INFO 5660 --- [nubank-challenge-server] [Thread-15] j.LocalContainerEntityManagerFactoryBean : Closing JPA EntityManagerFactory for persistence unit 'default'
2025-11-20T19:42:44.250-03:00  INFO 5660 --- [nubank-challenge-server] [Thread-15] com.zaxxer.hikari.HikariDataSource       : HikariPool-4 - Shutdown initiated...
2025-11-20T19:42:44.253-03:00  INFO 5660 --- [nubank-challenge-server] [Thread-15] com.zaxxer.hikari.HikariDataSource       : HikariPool-4 - Shutdown completed.
2025-11-20T19:42:44.321-03:00  INFO 5660 --- [nubank-challenge-server] [restartedMain] c.c.n.NubankChallengeServerApplication   : Starting NubankChallengeServerApplication using Java 17.0.14 with PID 5660 (/home/cardosofiles/www/java/development/nubank-challenge-server/target/classes started by cardosofiles in /home/cardosofiles/www/java/development/nubank-challenge-server)
2025-11-20T19:42:44.321-03:00  INFO 5660 --- [nubank-challenge-server] [restartedMain] c.c.n.NubankChallengeServerApplication   : The following 1 profile is active: "dev"
2025-11-20T19:42:44.469-03:00  INFO 5660 --- [nubank-challenge-server] [restartedMain] .s.d.r.c.RepositoryConfigurationDelegate : Bootstrapping Spring Data JPA repositories in DEFAULT mode.
2025-11-20T19:42:44.471-03:00  INFO 5660 --- [nubank-challenge-server] [restartedMain] .s.d.r.c.RepositoryConfigurationDelegate : Finished Spring Data repository scanning in 1 ms. Found 0 JPA repository interfaces.
2025-11-20T19:42:44.523-03:00  INFO 5660 --- [nubank-challenge-server] [restartedMain] o.s.b.w.embedded.tomcat.TomcatWebServer  : Tomcat initialized with port 8080 (http)
2025-11-20T19:42:44.523-03:00  INFO 5660 --- [nubank-challenge-server] [restartedMain] o.apache.catalina.core.StandardService   : Starting service [Tomcat]
2025-11-20T19:42:44.523-03:00  INFO 5660 --- [nubank-challenge-server] [restartedMain] o.apache.catalina.core.StandardEngine    : Starting Servlet engine: [Apache Tomcat/10.1.49]
2025-11-20T19:42:44.529-03:00  INFO 5660 --- [nubank-challenge-server] [restartedMain] o.a.c.c.C.[Tomcat].[localhost].[/]       : Initializing Spring embedded WebApplicationContext
2025-11-20T19:42:44.529-03:00  INFO 5660 --- [nubank-challenge-server] [restartedMain] w.s.c.ServletWebServerApplicationContext : Root WebApplicationContext: initialization completed in 205 ms
2025-11-20T19:42:44.566-03:00  INFO 5660 --- [nubank-challenge-server] [restartedMain] o.hibernate.jpa.internal.util.LogHelper  : HHH000204: Processing PersistenceUnitInfo [name: default]
2025-11-20T19:42:44.568-03:00  INFO 5660 --- [nubank-challenge-server] [restartedMain] o.h.c.internal.RegionFactoryInitiator    : HHH000026: Second-level cache disabled
2025-11-20T19:42:44.572-03:00  INFO 5660 --- [nubank-challenge-server] [restartedMain] o.s.o.j.p.SpringPersistenceUnitInfo      : No LoadTimeWeaver setup: ignoring JPA class transformer
2025-11-20T19:42:44.572-03:00  INFO 5660 --- [nubank-challenge-server] [restartedMain] com.zaxxer.hikari.HikariDataSource       : HikariPool-5 - Starting...
2025-11-20T19:42:44.589-03:00  INFO 5660 --- [nubank-challenge-server] [restartedMain] com.zaxxer.hikari.pool.HikariPool        : HikariPool-5 - Added connection org.postgresql.jdbc.PgConnection@36b3ad60
2025-11-20T19:42:44.589-03:00  INFO 5660 --- [nubank-challenge-server] [restartedMain] com.zaxxer.hikari.HikariDataSource       : HikariPool-5 - Start completed.
2025-11-20T19:42:44.593-03:00  WARN 5660 --- [nubank-challenge-server] [restartedMain] org.hibernate.orm.deprecation            : HHH90000025: PostgreSQLDialect does not need to be specified explicitly using 'hibernate.dialect' (remove the property setting and it will be selected by default)
2025-11-20T19:42:44.594-03:00  INFO 5660 --- [nubank-challenge-server] [restartedMain] org.hibernate.orm.connections.pooling    : HHH10001005: Database info:
	Database JDBC URL [Connecting through datasource 'HikariDataSource (HikariPool-5)']
	Database driver: undefined/unknown
	Database version: 15.15
	Autocommit mode: undefined/unknown
	Isolation level: undefined/unknown
	Minimum pool size: undefined/unknown
	Maximum pool size: undefined/unknown
2025-11-20T19:42:44.638-03:00  INFO 5660 --- [nubank-challenge-server] [restartedMain] o.h.e.t.j.p.i.JtaPlatformInitiator       : HHH000489: No JTA platform available (set 'hibernate.transaction.jta.platform' to enable JTA platform integration)
2025-11-20T19:42:44.639-03:00 DEBUG 5660 --- [nubank-challenge-server] [restartedMain] org.hibernate.SQL                        : 
    set client_min_messages = WARNING
2025-11-20T19:42:44.640-03:00 DEBUG 5660 --- [nubank-challenge-server] [restartedMain] org.hibernate.SQL                        : 
    alter table if exists contacts 
       drop constraint if exists FKnk1ggjf4353tv92tdfa5ogcfj
2025-11-20T19:42:44.646-03:00 DEBUG 5660 --- [nubank-challenge-server] [restartedMain] org.hibernate.SQL                        : 
    drop table if exists clients cascade
2025-11-20T19:42:44.651-03:00 DEBUG 5660 --- [nubank-challenge-server] [restartedMain] org.hibernate.SQL                        : 
    drop table if exists contacts cascade
2025-11-20T19:42:44.662-03:00 DEBUG 5660 --- [nubank-challenge-server] [restartedMain] org.hibernate.SQL                        : 
    create table clients (
        id bigint generated by default as identity,
        name varchar(255),
        primary key (id)
    )
2025-11-20T19:42:44.679-03:00 DEBUG 5660 --- [nubank-challenge-server] [restartedMain] org.hibernate.SQL                        : 
    create table contacts (
        clients_id bigint,
        id bigint generated by default as identity,
        email varchar(255),
        phone_number varchar(255),
        primary key (id)
    )
2025-11-20T19:42:44.704-03:00 DEBUG 5660 --- [nubank-challenge-server] [restartedMain] org.hibernate.SQL                        : 
    alter table if exists contacts 
       add constraint FKnk1ggjf4353tv92tdfa5ogcfj 
       foreign key (clients_id) 
       references clients
2025-11-20T19:42:44.715-03:00  INFO 5660 --- [nubank-challenge-server] [restartedMain] j.LocalContainerEntityManagerFactoryBean : Initialized JPA EntityManagerFactory for persistence unit 'default'
2025-11-20T19:42:44.839-03:00  INFO 5660 --- [nubank-challenge-server] [restartedMain] o.s.b.d.a.OptionalLiveReloadServer       : LiveReload server is running on port 35729
2025-11-20T19:42:44.841-03:00  INFO 5660 --- [nubank-challenge-server] [restartedMain] o.s.b.a.e.web.EndpointLinksResolver      : Exposing 1 endpoint beneath base path '/actuator'
2025-11-20T19:42:44.861-03:00  INFO 5660 --- [nubank-challenge-server] [restartedMain] o.s.b.w.embedded.tomcat.TomcatWebServer  : Tomcat started on port 8080 (http) with context path '/'
2025-11-20T19:42:44.868-03:00  INFO 5660 --- [nubank-challenge-server] [restartedMain] c.c.n.NubankChallengeServerApplication   : Started NubankChallengeServerApplication in 0.567 seconds (process running for 574.251)
2025-11-20T19:42:44.871-03:00  INFO 5660 --- [nubank-challenge-server] [restartedMain] .ConditionEvaluationDeltaLoggingListener : Condition evaluation unchanged
2025-11-20T19:42:55.968-03:00  INFO 5660 --- [nubank-challenge-server] [File Watcher] rtingClassPathChangeChangedEventListener : Restarting due to 1 class path change (0 additions, 0 deletions, 1 modification)
2025-11-20T19:42:55.970-03:00  INFO 5660 --- [nubank-challenge-server] [Thread-19] o.s.b.w.e.tomcat.GracefulShutdown        : Commencing graceful shutdown. Waiting for active requests to complete
2025-11-20T19:42:55.973-03:00  INFO 5660 --- [nubank-challenge-server] [tomcat-shutdown] o.s.b.w.e.tomcat.GracefulShutdown        : Graceful shutdown complete
2025-11-20T19:42:55.977-03:00  INFO 5660 --- [nubank-challenge-server] [Thread-19] j.LocalContainerEntityManagerFactoryBean : Closing JPA EntityManagerFactory for persistence unit 'default'
2025-11-20T19:42:55.978-03:00  INFO 5660 --- [nubank-challenge-server] [Thread-19] com.zaxxer.hikari.HikariDataSource       : HikariPool-5 - Shutdown initiated...
2025-11-20T19:42:55.980-03:00  INFO 5660 --- [nubank-challenge-server] [Thread-19] com.zaxxer.hikari.HikariDataSource       : HikariPool-5 - Shutdown completed.
2025-11-20T19:42:56.042-03:00  INFO 5660 --- [nubank-challenge-server] [restartedMain] c.c.n.NubankChallengeServerApplication   : Starting NubankChallengeServerApplication using Java 17.0.14 with PID 5660 (/home/cardosofiles/www/java/development/nubank-challenge-server/target/classes started by cardosofiles in /home/cardosofiles/www/java/development/nubank-challenge-server)
2025-11-20T19:42:56.042-03:00  INFO 5660 --- [nubank-challenge-server] [restartedMain] c.c.n.NubankChallengeServerApplication   : The following 1 profile is active: "dev"
2025-11-20T19:42:56.164-03:00  INFO 5660 --- [nubank-challenge-server] [restartedMain] .s.d.r.c.RepositoryConfigurationDelegate : Bootstrapping Spring Data JPA repositories in DEFAULT mode.
2025-11-20T19:42:56.165-03:00  INFO 5660 --- [nubank-challenge-server] [restartedMain] .s.d.r.c.RepositoryConfigurationDelegate : Finished Spring Data repository scanning in 0 ms. Found 0 JPA repository interfaces.
2025-11-20T19:42:56.227-03:00  INFO 5660 --- [nubank-challenge-server] [restartedMain] o.s.b.w.embedded.tomcat.TomcatWebServer  : Tomcat initialized with port 8080 (http)
2025-11-20T19:42:56.229-03:00  INFO 5660 --- [nubank-challenge-server] [restartedMain] o.apache.catalina.core.StandardService   : Starting service [Tomcat]
2025-11-20T19:42:56.230-03:00  INFO 5660 --- [nubank-challenge-server] [restartedMain] o.apache.catalina.core.StandardEngine    : Starting Servlet engine: [Apache Tomcat/10.1.49]
2025-11-20T19:42:56.238-03:00  INFO 5660 --- [nubank-challenge-server] [restartedMain] o.a.c.c.C.[Tomcat].[localhost].[/]       : Initializing Spring embedded WebApplicationContext
2025-11-20T19:42:56.238-03:00  INFO 5660 --- [nubank-challenge-server] [restartedMain] w.s.c.ServletWebServerApplicationContext : Root WebApplicationContext: initialization completed in 195 ms
2025-11-20T19:42:56.276-03:00  INFO 5660 --- [nubank-challenge-server] [restartedMain] o.hibernate.jpa.internal.util.LogHelper  : HHH000204: Processing PersistenceUnitInfo [name: default]
2025-11-20T19:42:56.277-03:00  INFO 5660 --- [nubank-challenge-server] [restartedMain] o.h.c.internal.RegionFactoryInitiator    : HHH000026: Second-level cache disabled
2025-11-20T19:42:56.282-03:00  INFO 5660 --- [nubank-challenge-server] [restartedMain] o.s.o.j.p.SpringPersistenceUnitInfo      : No LoadTimeWeaver setup: ignoring JPA class transformer
2025-11-20T19:42:56.283-03:00  INFO 5660 --- [nubank-challenge-server] [restartedMain] com.zaxxer.hikari.HikariDataSource       : HikariPool-6 - Starting...
2025-11-20T19:42:56.308-03:00  INFO 5660 --- [nubank-challenge-server] [restartedMain] com.zaxxer.hikari.pool.HikariPool        : HikariPool-6 - Added connection org.postgresql.jdbc.PgConnection@66dcac4f
2025-11-20T19:42:56.308-03:00  INFO 5660 --- [nubank-challenge-server] [restartedMain] com.zaxxer.hikari.HikariDataSource       : HikariPool-6 - Start completed.
2025-11-20T19:42:56.313-03:00  WARN 5660 --- [nubank-challenge-server] [restartedMain] org.hibernate.orm.deprecation            : HHH90000025: PostgreSQLDialect does not need to be specified explicitly using 'hibernate.dialect' (remove the property setting and it will be selected by default)
2025-11-20T19:42:56.315-03:00  INFO 5660 --- [nubank-challenge-server] [restartedMain] org.hibernate.orm.connections.pooling    : HHH10001005: Database info:
	Database JDBC URL [Connecting through datasource 'HikariDataSource (HikariPool-6)']
	Database driver: undefined/unknown
	Database version: 15.15
	Autocommit mode: undefined/unknown
	Isolation level: undefined/unknown
	Minimum pool size: undefined/unknown
	Maximum pool size: undefined/unknown
2025-11-20T19:42:56.379-03:00  INFO 5660 --- [nubank-challenge-server] [restartedMain] o.h.e.t.j.p.i.JtaPlatformInitiator       : HHH000489: No JTA platform available (set 'hibernate.transaction.jta.platform' to enable JTA platform integration)
2025-11-20T19:42:56.380-03:00 DEBUG 5660 --- [nubank-challenge-server] [restartedMain] org.hibernate.SQL                        : 
    set client_min_messages = WARNING
2025-11-20T19:42:56.381-03:00 DEBUG 5660 --- [nubank-challenge-server] [restartedMain] org.hibernate.SQL                        : 
    alter table if exists contacts 
       drop constraint if exists FKnk1ggjf4353tv92tdfa5ogcfj
2025-11-20T19:42:56.387-03:00 DEBUG 5660 --- [nubank-challenge-server] [restartedMain] org.hibernate.SQL                        : 
    drop table if exists clients cascade
2025-11-20T19:42:56.395-03:00 DEBUG 5660 --- [nubank-challenge-server] [restartedMain] org.hibernate.SQL                        : 
    drop table if exists contacts cascade
2025-11-20T19:42:56.406-03:00 DEBUG 5660 --- [nubank-challenge-server] [restartedMain] org.hibernate.SQL                        : 
    create table clients (
        id bigint generated by default as identity,
        name varchar(255),
        primary key (id)
    )
2025-11-20T19:42:56.423-03:00 DEBUG 5660 --- [nubank-challenge-server] [restartedMain] org.hibernate.SQL                        : 
    create table contacts (
        clients_id bigint,
        id bigint generated by default as identity,
        email varchar(255),
        phone_number varchar(255),
        primary key (id)
    )
2025-11-20T19:42:56.450-03:00 DEBUG 5660 --- [nubank-challenge-server] [restartedMain] org.hibernate.SQL                        : 
    alter table if exists contacts 
       add constraint FKnk1ggjf4353tv92tdfa5ogcfj 
       foreign key (clients_id) 
       references clients
2025-11-20T19:42:56.458-03:00  INFO 5660 --- [nubank-challenge-server] [restartedMain] j.LocalContainerEntityManagerFactoryBean : Initialized JPA EntityManagerFactory for persistence unit 'default'
2025-11-20T19:42:56.581-03:00  INFO 5660 --- [nubank-challenge-server] [restartedMain] o.s.b.d.a.OptionalLiveReloadServer       : LiveReload server is running on port 35729
2025-11-20T19:42:56.583-03:00  INFO 5660 --- [nubank-challenge-server] [restartedMain] o.s.b.a.e.web.EndpointLinksResolver      : Exposing 1 endpoint beneath base path '/actuator'
2025-11-20T19:42:56.604-03:00  INFO 5660 --- [nubank-challenge-server] [restartedMain] o.s.b.w.embedded.tomcat.TomcatWebServer  : Tomcat started on port 8080 (http) with context path '/'
2025-11-20T19:42:56.611-03:00  INFO 5660 --- [nubank-challenge-server] [restartedMain] c.c.n.NubankChallengeServerApplication   : Started NubankChallengeServerApplication in 0.583 seconds (process running for 583.274)
2025-11-20T19:42:56.614-03:00  INFO 5660 --- [nubank-challenge-server] [restartedMain] .ConditionEvaluationDeltaLoggingListener : Condition evaluation unchanged
2025-11-20T19:43:53.158-03:00  INFO 5660 --- [nubank-challenge-server] [File Watcher] rtingClassPathChangeChangedEventListener : Restarting due to 1 class path change (0 additions, 0 deletions, 1 modification)
2025-11-20T19:43:53.162-03:00  INFO 5660 --- [nubank-challenge-server] [Thread-23] o.s.b.w.e.tomcat.GracefulShutdown        : Commencing graceful shutdown. Waiting for active requests to complete
2025-11-20T19:43:53.166-03:00  INFO 5660 --- [nubank-challenge-server] [tomcat-shutdown] o.s.b.w.e.tomcat.GracefulShutdown        : Graceful shutdown complete
2025-11-20T19:43:53.177-03:00  INFO 5660 --- [nubank-challenge-server] [Thread-23] j.LocalContainerEntityManagerFactoryBean : Closing JPA EntityManagerFactory for persistence unit 'default'
2025-11-20T19:43:53.178-03:00  INFO 5660 --- [nubank-challenge-server] [Thread-23] com.zaxxer.hikari.HikariDataSource       : HikariPool-6 - Shutdown initiated...
2025-11-20T19:43:53.180-03:00  INFO 5660 --- [nubank-challenge-server] [Thread-23] com.zaxxer.hikari.HikariDataSource       : HikariPool-6 - Shutdown completed.
2025-11-20T19:43:53.259-03:00  INFO 5660 --- [nubank-challenge-server] [restartedMain] c.c.n.NubankChallengeServerApplication   : Starting NubankChallengeServerApplication using Java 17.0.14 with PID 5660 (/home/cardosofiles/www/java/development/nubank-challenge-server/target/classes started by cardosofiles in /home/cardosofiles/www/java/development/nubank-challenge-server)
2025-11-20T19:43:53.259-03:00  INFO 5660 --- [nubank-challenge-server] [restartedMain] c.c.n.NubankChallengeServerApplication   : The following 1 profile is active: "dev"
2025-11-20T19:43:53.389-03:00  INFO 5660 --- [nubank-challenge-server] [restartedMain] .s.d.r.c.RepositoryConfigurationDelegate : Bootstrapping Spring Data JPA repositories in DEFAULT mode.
2025-11-20T19:43:53.390-03:00  INFO 5660 --- [nubank-challenge-server] [restartedMain] .s.d.r.c.RepositoryConfigurationDelegate : Finished Spring Data repository scanning in 0 ms. Found 0 JPA repository interfaces.
2025-11-20T19:43:53.446-03:00  INFO 5660 --- [nubank-challenge-server] [restartedMain] o.s.b.w.embedded.tomcat.TomcatWebServer  : Tomcat initialized with port 8080 (http)
2025-11-20T19:43:53.446-03:00  INFO 5660 --- [nubank-challenge-server] [restartedMain] o.apache.catalina.core.StandardService   : Starting service [Tomcat]
2025-11-20T19:43:53.446-03:00  INFO 5660 --- [nubank-challenge-server] [restartedMain] o.apache.catalina.core.StandardEngine    : Starting Servlet engine: [Apache Tomcat/10.1.49]
2025-11-20T19:43:53.450-03:00  INFO 5660 --- [nubank-challenge-server] [restartedMain] o.a.c.c.C.[Tomcat].[localhost].[/]       : Initializing Spring embedded WebApplicationContext
2025-11-20T19:43:53.451-03:00  INFO 5660 --- [nubank-challenge-server] [restartedMain] w.s.c.ServletWebServerApplicationContext : Root WebApplicationContext: initialization completed in 190 ms
2025-11-20T19:43:53.481-03:00  INFO 5660 --- [nubank-challenge-server] [restartedMain] o.hibernate.jpa.internal.util.LogHelper  : HHH000204: Processing PersistenceUnitInfo [name: default]
2025-11-20T19:43:53.482-03:00  INFO 5660 --- [nubank-challenge-server] [restartedMain] o.h.c.internal.RegionFactoryInitiator    : HHH000026: Second-level cache disabled
2025-11-20T19:43:53.485-03:00  INFO 5660 --- [nubank-challenge-server] [restartedMain] o.s.o.j.p.SpringPersistenceUnitInfo      : No LoadTimeWeaver setup: ignoring JPA class transformer
2025-11-20T19:43:53.486-03:00  INFO 5660 --- [nubank-challenge-server] [restartedMain] com.zaxxer.hikari.HikariDataSource       : HikariPool-7 - Starting...
2025-11-20T19:43:53.504-03:00  INFO 5660 --- [nubank-challenge-server] [restartedMain] com.zaxxer.hikari.pool.HikariPool        : HikariPool-7 - Added connection org.postgresql.jdbc.PgConnection@3da5834d
2025-11-20T19:43:53.505-03:00  INFO 5660 --- [nubank-challenge-server] [restartedMain] com.zaxxer.hikari.HikariDataSource       : HikariPool-7 - Start completed.
2025-11-20T19:43:53.508-03:00  WARN 5660 --- [nubank-challenge-server] [restartedMain] org.hibernate.orm.deprecation            : HHH90000025: PostgreSQLDialect does not need to be specified explicitly using 'hibernate.dialect' (remove the property setting and it will be selected by default)
2025-11-20T19:43:53.510-03:00  INFO 5660 --- [nubank-challenge-server] [restartedMain] org.hibernate.orm.connections.pooling    : HHH10001005: Database info:
	Database JDBC URL [Connecting through datasource 'HikariDataSource (HikariPool-7)']
	Database driver: undefined/unknown
	Database version: 15.15
	Autocommit mode: undefined/unknown
	Isolation level: undefined/unknown
	Minimum pool size: undefined/unknown
	Maximum pool size: undefined/unknown
2025-11-20T19:43:53.545-03:00  INFO 5660 --- [nubank-challenge-server] [restartedMain] o.h.e.t.j.p.i.JtaPlatformInitiator       : HHH000489: No JTA platform available (set 'hibernate.transaction.jta.platform' to enable JTA platform integration)
2025-11-20T19:43:53.546-03:00 DEBUG 5660 --- [nubank-challenge-server] [restartedMain] org.hibernate.SQL                        : 
    set client_min_messages = WARNING
2025-11-20T19:43:53.548-03:00 DEBUG 5660 --- [nubank-challenge-server] [restartedMain] org.hibernate.SQL                        : 
    alter table if exists contacts 
       drop constraint if exists FKnk1ggjf4353tv92tdfa5ogcfj
2025-11-20T19:43:53.554-03:00 DEBUG 5660 --- [nubank-challenge-server] [restartedMain] org.hibernate.SQL                        : 
    drop table if exists clients cascade
2025-11-20T19:43:53.561-03:00 DEBUG 5660 --- [nubank-challenge-server] [restartedMain] org.hibernate.SQL                        : 
    drop table if exists contacts cascade
2025-11-20T19:43:53.568-03:00 DEBUG 5660 --- [nubank-challenge-server] [restartedMain] org.hibernate.SQL                        : 
    create table clients (
        id bigint generated by default as identity,
        name varchar(255),
        primary key (id)
    )
2025-11-20T19:43:53.580-03:00 DEBUG 5660 --- [nubank-challenge-server] [restartedMain] org.hibernate.SQL                        : 
    create table contacts (
        clients_id bigint,
        id bigint generated by default as identity,
        email varchar(255),
        phone_number varchar(255),
        primary key (id)
    )
2025-11-20T19:43:53.597-03:00 DEBUG 5660 --- [nubank-challenge-server] [restartedMain] org.hibernate.SQL                        : 
    alter table if exists contacts 
       add constraint FKnk1ggjf4353tv92tdfa5ogcfj 
       foreign key (clients_id) 
       references clients
2025-11-20T19:43:53.602-03:00  INFO 5660 --- [nubank-challenge-server] [restartedMain] j.LocalContainerEntityManagerFactoryBean : Initialized JPA EntityManagerFactory for persistence unit 'default'
2025-11-20T19:43:53.726-03:00  INFO 5660 --- [nubank-challenge-server] [restartedMain] o.s.b.d.a.OptionalLiveReloadServer       : LiveReload server is running on port 35729
2025-11-20T19:43:53.732-03:00  INFO 5660 --- [nubank-challenge-server] [restartedMain] o.s.b.a.e.web.EndpointLinksResolver      : Exposing 1 endpoint beneath base path '/actuator'
2025-11-20T19:43:53.752-03:00  INFO 5660 --- [nubank-challenge-server] [restartedMain] o.s.b.w.embedded.tomcat.TomcatWebServer  : Tomcat started on port 8080 (http) with context path '/'
2025-11-20T19:43:53.759-03:00  INFO 5660 --- [nubank-challenge-server] [restartedMain] c.c.n.NubankChallengeServerApplication   : Started NubankChallengeServerApplication in 0.522 seconds (process running for 639.288)
2025-11-20T19:43:53.761-03:00  INFO 5660 --- [nubank-challenge-server] [restartedMain] .ConditionEvaluationDeltaLoggingListener : Condition evaluation unchanged
2025-11-20T19:44:08.094-03:00  INFO 5660 --- [nubank-challenge-server] [File Watcher] rtingClassPathChangeChangedEventListener : Restarting due to 1 class path change (1 addition, 0 deletions, 0 modifications)
2025-11-20T19:44:08.096-03:00  INFO 5660 --- [nubank-challenge-server] [Thread-27] o.s.b.w.e.tomcat.GracefulShutdown        : Commencing graceful shutdown. Waiting for active requests to complete
2025-11-20T19:44:08.098-03:00  INFO 5660 --- [nubank-challenge-server] [tomcat-shutdown] o.s.b.w.e.tomcat.GracefulShutdown        : Graceful shutdown complete
2025-11-20T19:44:08.100-03:00  INFO 5660 --- [nubank-challenge-server] [Thread-27] j.LocalContainerEntityManagerFactoryBean : Closing JPA EntityManagerFactory for persistence unit 'default'
2025-11-20T19:44:08.101-03:00  INFO 5660 --- [nubank-challenge-server] [Thread-27] com.zaxxer.hikari.HikariDataSource       : HikariPool-7 - Shutdown initiated...
2025-11-20T19:44:08.102-03:00  INFO 5660 --- [nubank-challenge-server] [Thread-27] com.zaxxer.hikari.HikariDataSource       : HikariPool-7 - Shutdown completed.
2025-11-20T19:44:08.151-03:00  INFO 5660 --- [nubank-challenge-server] [restartedMain] c.c.n.NubankChallengeServerApplication   : Starting NubankChallengeServerApplication using Java 17.0.14 with PID 5660 (/home/cardosofiles/www/java/development/nubank-challenge-server/target/classes started by cardosofiles in /home/cardosofiles/www/java/development/nubank-challenge-server)
2025-11-20T19:44:08.151-03:00  INFO 5660 --- [nubank-challenge-server] [restartedMain] c.c.n.NubankChallengeServerApplication   : The following 1 profile is active: "dev"
2025-11-20T19:44:08.255-03:00  INFO 5660 --- [nubank-challenge-server] [restartedMain] .s.d.r.c.RepositoryConfigurationDelegate : Bootstrapping Spring Data JPA repositories in DEFAULT mode.
2025-11-20T19:44:08.257-03:00  INFO 5660 --- [nubank-challenge-server] [restartedMain] .s.d.r.c.RepositoryConfigurationDelegate : Finished Spring Data repository scanning in 1 ms. Found 0 JPA repository interfaces.
2025-11-20T19:44:08.306-03:00  INFO 5660 --- [nubank-challenge-server] [restartedMain] o.s.b.w.embedded.tomcat.TomcatWebServer  : Tomcat initialized with port 8080 (http)
2025-11-20T19:44:08.307-03:00  INFO 5660 --- [nubank-challenge-server] [restartedMain] o.apache.catalina.core.StandardService   : Starting service [Tomcat]
2025-11-20T19:44:08.307-03:00  INFO 5660 --- [nubank-challenge-server] [restartedMain] o.apache.catalina.core.StandardEngine    : Starting Servlet engine: [Apache Tomcat/10.1.49]
2025-11-20T19:44:08.311-03:00  INFO 5660 --- [nubank-challenge-server] [restartedMain] o.a.c.c.C.[Tomcat].[localhost].[/]       : Initializing Spring embedded WebApplicationContext
2025-11-20T19:44:08.311-03:00  INFO 5660 --- [nubank-challenge-server] [restartedMain] w.s.c.ServletWebServerApplicationContext : Root WebApplicationContext: initialization completed in 159 ms
2025-11-20T19:44:08.345-03:00  INFO 5660 --- [nubank-challenge-server] [restartedMain] o.hibernate.jpa.internal.util.LogHelper  : HHH000204: Processing PersistenceUnitInfo [name: default]
2025-11-20T19:44:08.347-03:00  INFO 5660 --- [nubank-challenge-server] [restartedMain] o.h.c.internal.RegionFactoryInitiator    : HHH000026: Second-level cache disabled
2025-11-20T19:44:08.351-03:00  INFO 5660 --- [nubank-challenge-server] [restartedMain] o.s.o.j.p.SpringPersistenceUnitInfo      : No LoadTimeWeaver setup: ignoring JPA class transformer
2025-11-20T19:44:08.351-03:00  INFO 5660 --- [nubank-challenge-server] [restartedMain] com.zaxxer.hikari.HikariDataSource       : HikariPool-8 - Starting...
2025-11-20T19:44:08.366-03:00  INFO 5660 --- [nubank-challenge-server] [restartedMain] com.zaxxer.hikari.pool.HikariPool        : HikariPool-8 - Added connection org.postgresql.jdbc.PgConnection@7092ed6b
2025-11-20T19:44:08.367-03:00  INFO 5660 --- [nubank-challenge-server] [restartedMain] com.zaxxer.hikari.HikariDataSource       : HikariPool-8 - Start completed.
2025-11-20T19:44:08.369-03:00  WARN 5660 --- [nubank-challenge-server] [restartedMain] org.hibernate.orm.deprecation            : HHH90000025: PostgreSQLDialect does not need to be specified explicitly using 'hibernate.dialect' (remove the property setting and it will be selected by default)
2025-11-20T19:44:08.370-03:00  INFO 5660 --- [nubank-challenge-server] [restartedMain] org.hibernate.orm.connections.pooling    : HHH10001005: Database info:
	Database JDBC URL [Connecting through datasource 'HikariDataSource (HikariPool-8)']
	Database driver: undefined/unknown
	Database version: 15.15
	Autocommit mode: undefined/unknown
	Isolation level: undefined/unknown
	Minimum pool size: undefined/unknown
	Maximum pool size: undefined/unknown
2025-11-20T19:44:08.400-03:00  INFO 5660 --- [nubank-challenge-server] [restartedMain] o.h.e.t.j.p.i.JtaPlatformInitiator       : HHH000489: No JTA platform available (set 'hibernate.transaction.jta.platform' to enable JTA platform integration)
2025-11-20T19:44:08.400-03:00 DEBUG 5660 --- [nubank-challenge-server] [restartedMain] org.hibernate.SQL                        : 
    set client_min_messages = WARNING
2025-11-20T19:44:08.401-03:00 DEBUG 5660 --- [nubank-challenge-server] [restartedMain] org.hibernate.SQL                        : 
    alter table if exists contacts 
       drop constraint if exists FKnk1ggjf4353tv92tdfa5ogcfj
2025-11-20T19:44:08.407-03:00 DEBUG 5660 --- [nubank-challenge-server] [restartedMain] org.hibernate.SQL                        : 
    drop table if exists clients cascade
2025-11-20T19:44:08.412-03:00 DEBUG 5660 --- [nubank-challenge-server] [restartedMain] org.hibernate.SQL                        : 
    drop table if exists contacts cascade
2025-11-20T19:44:08.418-03:00 DEBUG 5660 --- [nubank-challenge-server] [restartedMain] org.hibernate.SQL                        : 
    create table clients (
        id bigint generated by default as identity,
        name varchar(255),
        primary key (id)
    )
2025-11-20T19:44:08.429-03:00 DEBUG 5660 --- [nubank-challenge-server] [restartedMain] org.hibernate.SQL                        : 
    create table contacts (
        clients_id bigint,
        id bigint generated by default as identity,
        email varchar(255),
        phone_number varchar(255),
        primary key (id)
    )
2025-11-20T19:44:08.448-03:00 DEBUG 5660 --- [nubank-challenge-server] [restartedMain] org.hibernate.SQL                        : 
    alter table if exists contacts 
       add constraint FKnk1ggjf4353tv92tdfa5ogcfj 
       foreign key (clients_id) 
       references clients
2025-11-20T19:44:08.455-03:00  INFO 5660 --- [nubank-challenge-server] [restartedMain] j.LocalContainerEntityManagerFactoryBean : Initialized JPA EntityManagerFactory for persistence unit 'default'
2025-11-20T19:44:08.554-03:00  INFO 5660 --- [nubank-challenge-server] [restartedMain] o.s.b.d.a.OptionalLiveReloadServer       : LiveReload server is running on port 35729
2025-11-20T19:44:08.556-03:00  INFO 5660 --- [nubank-challenge-server] [restartedMain] o.s.b.a.e.web.EndpointLinksResolver      : Exposing 1 endpoint beneath base path '/actuator'
2025-11-20T19:44:08.571-03:00  INFO 5660 --- [nubank-challenge-server] [restartedMain] o.s.b.w.embedded.tomcat.TomcatWebServer  : Tomcat started on port 8080 (http) with context path '/'
2025-11-20T19:44:08.577-03:00  INFO 5660 --- [nubank-challenge-server] [restartedMain] c.c.n.NubankChallengeServerApplication   : Started NubankChallengeServerApplication in 0.439 seconds (process running for 653.153)
2025-11-20T19:44:08.578-03:00  INFO 5660 --- [nubank-challenge-server] [restartedMain] .ConditionEvaluationDeltaLoggingListener : Condition evaluation unchanged
2025-11-20T19:44:36.753-03:00  INFO 5660 --- [nubank-challenge-server] [File Watcher] rtingClassPathChangeChangedEventListener : Restarting due to 1 class path change (0 additions, 0 deletions, 1 modification)
2025-11-20T19:44:36.756-03:00  INFO 5660 --- [nubank-challenge-server] [Thread-31] o.s.b.w.e.tomcat.GracefulShutdown        : Commencing graceful shutdown. Waiting for active requests to complete
2025-11-20T19:44:36.760-03:00  INFO 5660 --- [nubank-challenge-server] [tomcat-shutdown] o.s.b.w.e.tomcat.GracefulShutdown        : Graceful shutdown complete
2025-11-20T19:44:36.766-03:00  INFO 5660 --- [nubank-challenge-server] [Thread-31] j.LocalContainerEntityManagerFactoryBean : Closing JPA EntityManagerFactory for persistence unit 'default'
2025-11-20T19:44:36.768-03:00  INFO 5660 --- [nubank-challenge-server] [Thread-31] com.zaxxer.hikari.HikariDataSource       : HikariPool-8 - Shutdown initiated...
2025-11-20T19:44:36.771-03:00  INFO 5660 --- [nubank-challenge-server] [Thread-31] com.zaxxer.hikari.HikariDataSource       : HikariPool-8 - Shutdown completed.
2025-11-20T19:44:36.828-03:00  INFO 5660 --- [nubank-challenge-server] [restartedMain] c.c.n.NubankChallengeServerApplication   : Starting NubankChallengeServerApplication using Java 17.0.14 with PID 5660 (/home/cardosofiles/www/java/development/nubank-challenge-server/target/classes started by cardosofiles in /home/cardosofiles/www/java/development/nubank-challenge-server)
2025-11-20T19:44:36.828-03:00  INFO 5660 --- [nubank-challenge-server] [restartedMain] c.c.n.NubankChallengeServerApplication   : The following 1 profile is active: "dev"
2025-11-20T19:44:36.949-03:00  INFO 5660 --- [nubank-challenge-server] [restartedMain] .s.d.r.c.RepositoryConfigurationDelegate : Bootstrapping Spring Data JPA repositories in DEFAULT mode.
2025-11-20T19:44:36.950-03:00  INFO 5660 --- [nubank-challenge-server] [restartedMain] .s.d.r.c.RepositoryConfigurationDelegate : Finished Spring Data repository scanning in 0 ms. Found 0 JPA repository interfaces.
2025-11-20T19:44:36.991-03:00  INFO 5660 --- [nubank-challenge-server] [restartedMain] o.s.b.w.embedded.tomcat.TomcatWebServer  : Tomcat initialized with port 8080 (http)
2025-11-20T19:44:36.992-03:00  INFO 5660 --- [nubank-challenge-server] [restartedMain] o.apache.catalina.core.StandardService   : Starting service [Tomcat]
2025-11-20T19:44:36.992-03:00  INFO 5660 --- [nubank-challenge-server] [restartedMain] o.apache.catalina.core.StandardEngine    : Starting Servlet engine: [Apache Tomcat/10.1.49]
2025-11-20T19:44:36.997-03:00  INFO 5660 --- [nubank-challenge-server] [restartedMain] o.a.c.c.C.[Tomcat].[localhost].[/]       : Initializing Spring embedded WebApplicationContext
2025-11-20T19:44:36.997-03:00  INFO 5660 --- [nubank-challenge-server] [restartedMain] w.s.c.ServletWebServerApplicationContext : Root WebApplicationContext: initialization completed in 168 ms
2025-11-20T19:44:37.029-03:00  INFO 5660 --- [nubank-challenge-server] [restartedMain] o.hibernate.jpa.internal.util.LogHelper  : HHH000204: Processing PersistenceUnitInfo [name: default]
2025-11-20T19:44:37.030-03:00  INFO 5660 --- [nubank-challenge-server] [restartedMain] o.h.c.internal.RegionFactoryInitiator    : HHH000026: Second-level cache disabled
2025-11-20T19:44:37.034-03:00  INFO 5660 --- [nubank-challenge-server] [restartedMain] o.s.o.j.p.SpringPersistenceUnitInfo      : No LoadTimeWeaver setup: ignoring JPA class transformer
2025-11-20T19:44:37.034-03:00  INFO 5660 --- [nubank-challenge-server] [restartedMain] com.zaxxer.hikari.HikariDataSource       : HikariPool-9 - Starting...
2025-11-20T19:44:37.049-03:00  INFO 5660 --- [nubank-challenge-server] [restartedMain] com.zaxxer.hikari.pool.HikariPool        : HikariPool-9 - Added connection org.postgresql.jdbc.PgConnection@605b3d56
2025-11-20T19:44:37.050-03:00  INFO 5660 --- [nubank-challenge-server] [restartedMain] com.zaxxer.hikari.HikariDataSource       : HikariPool-9 - Start completed.
2025-11-20T19:44:37.052-03:00  WARN 5660 --- [nubank-challenge-server] [restartedMain] org.hibernate.orm.deprecation            : HHH90000025: PostgreSQLDialect does not need to be specified explicitly using 'hibernate.dialect' (remove the property setting and it will be selected by default)
2025-11-20T19:44:37.053-03:00  INFO 5660 --- [nubank-challenge-server] [restartedMain] org.hibernate.orm.connections.pooling    : HHH10001005: Database info:
	Database JDBC URL [Connecting through datasource 'HikariDataSource (HikariPool-9)']
	Database driver: undefined/unknown
	Database version: 15.15
	Autocommit mode: undefined/unknown
	Isolation level: undefined/unknown
	Minimum pool size: undefined/unknown
	Maximum pool size: undefined/unknown
2025-11-20T19:44:37.076-03:00  INFO 5660 --- [nubank-challenge-server] [restartedMain] o.h.e.t.j.p.i.JtaPlatformInitiator       : HHH000489: No JTA platform available (set 'hibernate.transaction.jta.platform' to enable JTA platform integration)
2025-11-20T19:44:37.076-03:00 DEBUG 5660 --- [nubank-challenge-server] [restartedMain] org.hibernate.SQL                        : 
    set client_min_messages = WARNING
2025-11-20T19:44:37.077-03:00 DEBUG 5660 --- [nubank-challenge-server] [restartedMain] org.hibernate.SQL                        : 
    alter table if exists contacts 
       drop constraint if exists FKnk1ggjf4353tv92tdfa5ogcfj
2025-11-20T19:44:37.081-03:00 DEBUG 5660 --- [nubank-challenge-server] [restartedMain] org.hibernate.SQL                        : 
    drop table if exists clients cascade
2025-11-20T19:44:37.086-03:00 DEBUG 5660 --- [nubank-challenge-server] [restartedMain] org.hibernate.SQL                        : 
    drop table if exists contacts cascade
2025-11-20T19:44:37.092-03:00 DEBUG 5660 --- [nubank-challenge-server] [restartedMain] org.hibernate.SQL                        : 
    create table clients (
        id bigint generated by default as identity,
        name varchar(255),
        primary key (id)
    )
2025-11-20T19:44:37.102-03:00 DEBUG 5660 --- [nubank-challenge-server] [restartedMain] org.hibernate.SQL                        : 
    create table contacts (
        clients_id bigint,
        id bigint generated by default as identity,
        email varchar(255),
        phone_number varchar(255),
        primary key (id)
    )
2025-11-20T19:44:37.119-03:00 DEBUG 5660 --- [nubank-challenge-server] [restartedMain] org.hibernate.SQL                        : 
    alter table if exists contacts 
       add constraint FKnk1ggjf4353tv92tdfa5ogcfj 
       foreign key (clients_id) 
       references clients
2025-11-20T19:44:37.124-03:00  INFO 5660 --- [nubank-challenge-server] [restartedMain] j.LocalContainerEntityManagerFactoryBean : Initialized JPA EntityManagerFactory for persistence unit 'default'
2025-11-20T19:44:37.233-03:00  INFO 5660 --- [nubank-challenge-server] [restartedMain] o.s.b.d.a.OptionalLiveReloadServer       : LiveReload server is running on port 35729
2025-11-20T19:44:37.234-03:00  INFO 5660 --- [nubank-challenge-server] [restartedMain] o.s.b.a.e.web.EndpointLinksResolver      : Exposing 1 endpoint beneath base path '/actuator'
2025-11-20T19:44:37.246-03:00  INFO 5660 --- [nubank-challenge-server] [restartedMain] o.s.b.w.embedded.tomcat.TomcatWebServer  : Tomcat started on port 8080 (http) with context path '/'
2025-11-20T19:44:37.253-03:00  INFO 5660 --- [nubank-challenge-server] [restartedMain] c.c.n.NubankChallengeServerApplication   : Started NubankChallengeServerApplication in 0.436 seconds (process running for 681.055)
2025-11-20T19:44:37.255-03:00  INFO 5660 --- [nubank-challenge-server] [restartedMain] .ConditionEvaluationDeltaLoggingListener : Condition evaluation unchanged
2025-11-20T19:44:53.648-03:00  INFO 5660 --- [nubank-challenge-server] [File Watcher] rtingClassPathChangeChangedEventListener : Restarting due to 1 class path change (0 additions, 0 deletions, 1 modification)
2025-11-20T19:44:53.649-03:00  INFO 5660 --- [nubank-challenge-server] [Thread-35] o.s.b.w.e.tomcat.GracefulShutdown        : Commencing graceful shutdown. Waiting for active requests to complete
2025-11-20T19:44:53.652-03:00  INFO 5660 --- [nubank-challenge-server] [tomcat-shutdown] o.s.b.w.e.tomcat.GracefulShutdown        : Graceful shutdown complete
2025-11-20T19:44:53.656-03:00  INFO 5660 --- [nubank-challenge-server] [Thread-35] j.LocalContainerEntityManagerFactoryBean : Closing JPA EntityManagerFactory for persistence unit 'default'
2025-11-20T19:44:53.657-03:00  INFO 5660 --- [nubank-challenge-server] [Thread-35] com.zaxxer.hikari.HikariDataSource       : HikariPool-9 - Shutdown initiated...
2025-11-20T19:44:53.659-03:00  INFO 5660 --- [nubank-challenge-server] [Thread-35] com.zaxxer.hikari.HikariDataSource       : HikariPool-9 - Shutdown completed.
2025-11-20T19:44:53.717-03:00  INFO 5660 --- [nubank-challenge-server] [restartedMain] c.c.n.NubankChallengeServerApplication   : Starting NubankChallengeServerApplication using Java 17.0.14 with PID 5660 (/home/cardosofiles/www/java/development/nubank-challenge-server/target/classes started by cardosofiles in /home/cardosofiles/www/java/development/nubank-challenge-server)
2025-11-20T19:44:53.717-03:00  INFO 5660 --- [nubank-challenge-server] [restartedMain] c.c.n.NubankChallengeServerApplication   : The following 1 profile is active: "dev"
2025-11-20T19:44:53.874-03:00  INFO 5660 --- [nubank-challenge-server] [restartedMain] .s.d.r.c.RepositoryConfigurationDelegate : Bootstrapping Spring Data JPA repositories in DEFAULT mode.
2025-11-20T19:44:53.875-03:00  INFO 5660 --- [nubank-challenge-server] [restartedMain] .s.d.r.c.RepositoryConfigurationDelegate : Finished Spring Data repository scanning in 0 ms. Found 0 JPA repository interfaces.
2025-11-20T19:44:53.937-03:00  INFO 5660 --- [nubank-challenge-server] [restartedMain] o.s.b.w.embedded.tomcat.TomcatWebServer  : Tomcat initialized with port 8080 (http)
2025-11-20T19:44:53.938-03:00  INFO 5660 --- [nubank-challenge-server] [restartedMain] o.apache.catalina.core.StandardService   : Starting service [Tomcat]
2025-11-20T19:44:53.938-03:00  INFO 5660 --- [nubank-challenge-server] [restartedMain] o.apache.catalina.core.StandardEngine    : Starting Servlet engine: [Apache Tomcat/10.1.49]
2025-11-20T19:44:53.945-03:00  INFO 5660 --- [nubank-challenge-server] [restartedMain] o.a.c.c.C.[Tomcat].[localhost].[/]       : Initializing Spring embedded WebApplicationContext
2025-11-20T19:44:53.945-03:00  INFO 5660 --- [nubank-challenge-server] [restartedMain] w.s.c.ServletWebServerApplicationContext : Root WebApplicationContext: initialization completed in 227 ms
2025-11-20T19:44:53.992-03:00  INFO 5660 --- [nubank-challenge-server] [restartedMain] o.hibernate.jpa.internal.util.LogHelper  : HHH000204: Processing PersistenceUnitInfo [name: default]
2025-11-20T19:44:53.993-03:00  INFO 5660 --- [nubank-challenge-server] [restartedMain] o.h.c.internal.RegionFactoryInitiator    : HHH000026: Second-level cache disabled
2025-11-20T19:44:53.996-03:00  INFO 5660 --- [nubank-challenge-server] [restartedMain] o.s.o.j.p.SpringPersistenceUnitInfo      : No LoadTimeWeaver setup: ignoring JPA class transformer
2025-11-20T19:44:53.997-03:00  INFO 5660 --- [nubank-challenge-server] [restartedMain] com.zaxxer.hikari.HikariDataSource       : HikariPool-10 - Starting...
2025-11-20T19:44:54.011-03:00  INFO 5660 --- [nubank-challenge-server] [restartedMain] com.zaxxer.hikari.pool.HikariPool        : HikariPool-10 - Added connection org.postgresql.jdbc.PgConnection@76ae197f
2025-11-20T19:44:54.012-03:00  INFO 5660 --- [nubank-challenge-server] [restartedMain] com.zaxxer.hikari.HikariDataSource       : HikariPool-10 - Start completed.
2025-11-20T19:44:54.014-03:00  WARN 5660 --- [nubank-challenge-server] [restartedMain] org.hibernate.orm.deprecation            : HHH90000025: PostgreSQLDialect does not need to be specified explicitly using 'hibernate.dialect' (remove the property setting and it will be selected by default)
2025-11-20T19:44:54.015-03:00  INFO 5660 --- [nubank-challenge-server] [restartedMain] org.hibernate.orm.connections.pooling    : HHH10001005: Database info:
	Database JDBC URL [Connecting through datasource 'HikariDataSource (HikariPool-10)']
	Database driver: undefined/unknown
	Database version: 15.15
	Autocommit mode: undefined/unknown
	Isolation level: undefined/unknown
	Minimum pool size: undefined/unknown
	Maximum pool size: undefined/unknown
2025-11-20T19:44:54.039-03:00  INFO 5660 --- [nubank-challenge-server] [restartedMain] o.h.e.t.j.p.i.JtaPlatformInitiator       : HHH000489: No JTA platform available (set 'hibernate.transaction.jta.platform' to enable JTA platform integration)
2025-11-20T19:44:54.040-03:00 DEBUG 5660 --- [nubank-challenge-server] [restartedMain] org.hibernate.SQL                        : 
    set client_min_messages = WARNING
2025-11-20T19:44:54.040-03:00 DEBUG 5660 --- [nubank-challenge-server] [restartedMain] org.hibernate.SQL                        : 
    alter table if exists contacts 
       drop constraint if exists FKnk1ggjf4353tv92tdfa5ogcfj
2025-11-20T19:44:54.045-03:00 DEBUG 5660 --- [nubank-challenge-server] [restartedMain] org.hibernate.SQL                        : 
    drop table if exists clients cascade
2025-11-20T19:44:54.049-03:00 DEBUG 5660 --- [nubank-challenge-server] [restartedMain] org.hibernate.SQL                        : 
    drop table if exists contacts cascade
2025-11-20T19:44:54.054-03:00 DEBUG 5660 --- [nubank-challenge-server] [restartedMain] org.hibernate.SQL                        : 
    create table clients (
        id bigint generated by default as identity,
        name varchar(255),
        primary key (id)
    )
2025-11-20T19:44:54.063-03:00 DEBUG 5660 --- [nubank-challenge-server] [restartedMain] org.hibernate.SQL                        : 
    create table contacts (
        clients_id bigint,
        id bigint generated by default as identity,
        email varchar(255),
        phone_number varchar(255),
        primary key (id)
    )
2025-11-20T19:44:54.079-03:00 DEBUG 5660 --- [nubank-challenge-server] [restartedMain] org.hibernate.SQL                        : 
    alter table if exists contacts 
       add constraint FKnk1ggjf4353tv92tdfa5ogcfj 
       foreign key (clients_id) 
       references clients
2025-11-20T19:44:54.086-03:00  INFO 5660 --- [nubank-challenge-server] [restartedMain] j.LocalContainerEntityManagerFactoryBean : Initialized JPA EntityManagerFactory for persistence unit 'default'
2025-11-20T19:44:54.193-03:00  INFO 5660 --- [nubank-challenge-server] [restartedMain] o.s.b.d.a.OptionalLiveReloadServer       : LiveReload server is running on port 35729
2025-11-20T19:44:54.195-03:00  INFO 5660 --- [nubank-challenge-server] [restartedMain] o.s.b.a.e.web.EndpointLinksResolver      : Exposing 1 endpoint beneath base path '/actuator'
2025-11-20T19:44:54.210-03:00  INFO 5660 --- [nubank-challenge-server] [restartedMain] o.s.b.w.embedded.tomcat.TomcatWebServer  : Tomcat started on port 8080 (http) with context path '/'
2025-11-20T19:44:54.219-03:00  INFO 5660 --- [nubank-challenge-server] [restartedMain] c.c.n.NubankChallengeServerApplication   : Started NubankChallengeServerApplication in 0.512 seconds (process running for 698.02)
2025-11-20T19:44:54.221-03:00  INFO 5660 --- [nubank-challenge-server] [restartedMain] .ConditionEvaluationDeltaLoggingListener : Condition evaluation unchanged
2025-11-20T19:44:55.594-03:00  INFO 5660 --- [nubank-challenge-server] [File Watcher] rtingClassPathChangeChangedEventListener : Restarting due to 1 class path change (0 additions, 0 deletions, 1 modification)
2025-11-20T19:44:55.595-03:00  INFO 5660 --- [nubank-challenge-server] [Thread-39] o.s.b.w.e.tomcat.GracefulShutdown        : Commencing graceful shutdown. Waiting for active requests to complete
2025-11-20T19:44:55.597-03:00  INFO 5660 --- [nubank-challenge-server] [tomcat-shutdown] o.s.b.w.e.tomcat.GracefulShutdown        : Graceful shutdown complete
2025-11-20T19:44:55.598-03:00  INFO 5660 --- [nubank-challenge-server] [Thread-39] j.LocalContainerEntityManagerFactoryBean : Closing JPA EntityManagerFactory for persistence unit 'default'
2025-11-20T19:44:55.599-03:00  INFO 5660 --- [nubank-challenge-server] [Thread-39] com.zaxxer.hikari.HikariDataSource       : HikariPool-10 - Shutdown initiated...
2025-11-20T19:44:55.600-03:00  INFO 5660 --- [nubank-challenge-server] [Thread-39] com.zaxxer.hikari.HikariDataSource       : HikariPool-10 - Shutdown completed.
2025-11-20T19:44:55.638-03:00  INFO 5660 --- [nubank-challenge-server] [restartedMain] c.c.n.NubankChallengeServerApplication   : Starting NubankChallengeServerApplication using Java 17.0.14 with PID 5660 (/home/cardosofiles/www/java/development/nubank-challenge-server/target/classes started by cardosofiles in /home/cardosofiles/www/java/development/nubank-challenge-server)
2025-11-20T19:44:55.638-03:00  INFO 5660 --- [nubank-challenge-server] [restartedMain] c.c.n.NubankChallengeServerApplication   : The following 1 profile is active: "dev"
2025-11-20T19:44:55.725-03:00  INFO 5660 --- [nubank-challenge-server] [restartedMain] .s.d.r.c.RepositoryConfigurationDelegate : Bootstrapping Spring Data JPA repositories in DEFAULT mode.
2025-11-20T19:44:55.727-03:00  INFO 5660 --- [nubank-challenge-server] [restartedMain] .s.d.r.c.RepositoryConfigurationDelegate : Finished Spring Data repository scanning in 0 ms. Found 0 JPA repository interfaces.
2025-11-20T19:44:55.761-03:00  INFO 5660 --- [nubank-challenge-server] [restartedMain] o.s.b.w.embedded.tomcat.TomcatWebServer  : Tomcat initialized with port 8080 (http)
2025-11-20T19:44:55.762-03:00  INFO 5660 --- [nubank-challenge-server] [restartedMain] o.apache.catalina.core.StandardService   : Starting service [Tomcat]
2025-11-20T19:44:55.762-03:00  INFO 5660 --- [nubank-challenge-server] [restartedMain] o.apache.catalina.core.StandardEngine    : Starting Servlet engine: [Apache Tomcat/10.1.49]
2025-11-20T19:44:55.766-03:00  INFO 5660 --- [nubank-challenge-server] [restartedMain] o.a.c.c.C.[Tomcat].[localhost].[/]       : Initializing Spring embedded WebApplicationContext
2025-11-20T19:44:55.766-03:00  INFO 5660 --- [nubank-challenge-server] [restartedMain] w.s.c.ServletWebServerApplicationContext : Root WebApplicationContext: initialization completed in 127 ms
2025-11-20T19:44:55.796-03:00  INFO 5660 --- [nubank-challenge-server] [restartedMain] o.hibernate.jpa.internal.util.LogHelper  : HHH000204: Processing PersistenceUnitInfo [name: default]
2025-11-20T19:44:55.797-03:00  INFO 5660 --- [nubank-challenge-server] [restartedMain] o.h.c.internal.RegionFactoryInitiator    : HHH000026: Second-level cache disabled
2025-11-20T19:44:55.799-03:00  INFO 5660 --- [nubank-challenge-server] [restartedMain] o.s.o.j.p.SpringPersistenceUnitInfo      : No LoadTimeWeaver setup: ignoring JPA class transformer
2025-11-20T19:44:55.800-03:00  INFO 5660 --- [nubank-challenge-server] [restartedMain] com.zaxxer.hikari.HikariDataSource       : HikariPool-11 - Starting...
2025-11-20T19:44:55.813-03:00  INFO 5660 --- [nubank-challenge-server] [restartedMain] com.zaxxer.hikari.pool.HikariPool        : HikariPool-11 - Added connection org.postgresql.jdbc.PgConnection@4413492a
2025-11-20T19:44:55.813-03:00  INFO 5660 --- [nubank-challenge-server] [restartedMain] com.zaxxer.hikari.HikariDataSource       : HikariPool-11 - Start completed.
2025-11-20T19:44:55.815-03:00  WARN 5660 --- [nubank-challenge-server] [restartedMain] org.hibernate.orm.deprecation            : HHH90000025: PostgreSQLDialect does not need to be specified explicitly using 'hibernate.dialect' (remove the property setting and it will be selected by default)
2025-11-20T19:44:55.816-03:00  INFO 5660 --- [nubank-challenge-server] [restartedMain] org.hibernate.orm.connections.pooling    : HHH10001005: Database info:
	Database JDBC URL [Connecting through datasource 'HikariDataSource (HikariPool-11)']
	Database driver: undefined/unknown
	Database version: 15.15
	Autocommit mode: undefined/unknown
	Isolation level: undefined/unknown
	Minimum pool size: undefined/unknown
	Maximum pool size: undefined/unknown
2025-11-20T19:44:55.847-03:00  INFO 5660 --- [nubank-challenge-server] [restartedMain] o.h.e.t.j.p.i.JtaPlatformInitiator       : HHH000489: No JTA platform available (set 'hibernate.transaction.jta.platform' to enable JTA platform integration)
2025-11-20T19:44:55.848-03:00 DEBUG 5660 --- [nubank-challenge-server] [restartedMain] org.hibernate.SQL                        : 
    set client_min_messages = WARNING
2025-11-20T19:44:55.848-03:00 DEBUG 5660 --- [nubank-challenge-server] [restartedMain] org.hibernate.SQL                        : 
    alter table if exists contacts 
       drop constraint if exists FKnk1ggjf4353tv92tdfa5ogcfj
2025-11-20T19:44:55.853-03:00 DEBUG 5660 --- [nubank-challenge-server] [restartedMain] org.hibernate.SQL                        : 
    drop table if exists clients cascade
2025-11-20T19:44:55.857-03:00 DEBUG 5660 --- [nubank-challenge-server] [restartedMain] org.hibernate.SQL                        : 
    drop table if exists contacts cascade
2025-11-20T19:44:55.862-03:00 DEBUG 5660 --- [nubank-challenge-server] [restartedMain] org.hibernate.SQL                        : 
    create table clients (
        id bigint generated by default as identity,
        name varchar(255),
        primary key (id)
    )
2025-11-20T19:44:55.871-03:00 DEBUG 5660 --- [nubank-challenge-server] [restartedMain] org.hibernate.SQL                        : 
    create table contacts (
        clients_id bigint,
        id bigint generated by default as identity,
        email varchar(255),
        phone_number varchar(255),
        primary key (id)
    )
2025-11-20T19:44:55.885-03:00 DEBUG 5660 --- [nubank-challenge-server] [restartedMain] org.hibernate.SQL                        : 
    alter table if exists contacts 
       add constraint FKnk1ggjf4353tv92tdfa5ogcfj 
       foreign key (clients_id) 
       references clients
2025-11-20T19:44:55.891-03:00  INFO 5660 --- [nubank-challenge-server] [restartedMain] j.LocalContainerEntityManagerFactoryBean : Initialized JPA EntityManagerFactory for persistence unit 'default'
2025-11-20T19:44:56.001-03:00  INFO 5660 --- [nubank-challenge-server] [restartedMain] o.s.b.d.a.OptionalLiveReloadServer       : LiveReload server is running on port 35729
2025-11-20T19:44:56.003-03:00  INFO 5660 --- [nubank-challenge-server] [restartedMain] o.s.b.a.e.web.EndpointLinksResolver      : Exposing 1 endpoint beneath base path '/actuator'
2025-11-20T19:44:56.019-03:00  INFO 5660 --- [nubank-challenge-server] [restartedMain] o.s.b.w.embedded.tomcat.TomcatWebServer  : Tomcat started on port 8080 (http) with context path '/'
2025-11-20T19:44:56.026-03:00  INFO 5660 --- [nubank-challenge-server] [restartedMain] c.c.n.NubankChallengeServerApplication   : Started NubankChallengeServerApplication in 0.398 seconds (process running for 699.827)
2025-11-20T19:44:56.028-03:00  INFO 5660 --- [nubank-challenge-server] [restartedMain] .ConditionEvaluationDeltaLoggingListener : Condition evaluation unchanged
2025-11-20T19:44:57.994-03:00  INFO 5660 --- [nubank-challenge-server] [File Watcher] rtingClassPathChangeChangedEventListener : Restarting due to 1 class path change (0 additions, 0 deletions, 1 modification)
2025-11-20T19:44:57.996-03:00  INFO 5660 --- [nubank-challenge-server] [Thread-43] o.s.b.w.e.tomcat.GracefulShutdown        : Commencing graceful shutdown. Waiting for active requests to complete
2025-11-20T19:44:57.999-03:00  INFO 5660 --- [nubank-challenge-server] [tomcat-shutdown] o.s.b.w.e.tomcat.GracefulShutdown        : Graceful shutdown complete
2025-11-20T19:44:58.004-03:00  INFO 5660 --- [nubank-challenge-server] [Thread-43] j.LocalContainerEntityManagerFactoryBean : Closing JPA EntityManagerFactory for persistence unit 'default'
2025-11-20T19:44:58.005-03:00  INFO 5660 --- [nubank-challenge-server] [Thread-43] com.zaxxer.hikari.HikariDataSource       : HikariPool-11 - Shutdown initiated...
2025-11-20T19:44:58.006-03:00  INFO 5660 --- [nubank-challenge-server] [Thread-43] com.zaxxer.hikari.HikariDataSource       : HikariPool-11 - Shutdown completed.
2025-11-20T19:44:58.079-03:00  INFO 5660 --- [nubank-challenge-server] [restartedMain] c.c.n.NubankChallengeServerApplication   : Starting NubankChallengeServerApplication using Java 17.0.14 with PID 5660 (/home/cardosofiles/www/java/development/nubank-challenge-server/target/classes started by cardosofiles in /home/cardosofiles/www/java/development/nubank-challenge-server)
2025-11-20T19:44:58.080-03:00  INFO 5660 --- [nubank-challenge-server] [restartedMain] c.c.n.NubankChallengeServerApplication   : The following 1 profile is active: "dev"
2025-11-20T19:44:58.171-03:00  INFO 5660 --- [nubank-challenge-server] [restartedMain] .s.d.r.c.RepositoryConfigurationDelegate : Bootstrapping Spring Data JPA repositories in DEFAULT mode.
2025-11-20T19:44:58.172-03:00  INFO 5660 --- [nubank-challenge-server] [restartedMain] .s.d.r.c.RepositoryConfigurationDelegate : Finished Spring Data repository scanning in 0 ms. Found 0 JPA repository interfaces.
2025-11-20T19:44:58.212-03:00  INFO 5660 --- [nubank-challenge-server] [restartedMain] o.s.b.w.embedded.tomcat.TomcatWebServer  : Tomcat initialized with port 8080 (http)
2025-11-20T19:44:58.212-03:00  INFO 5660 --- [nubank-challenge-server] [restartedMain] o.apache.catalina.core.StandardService   : Starting service [Tomcat]
2025-11-20T19:44:58.212-03:00  INFO 5660 --- [nubank-challenge-server] [restartedMain] o.apache.catalina.core.StandardEngine    : Starting Servlet engine: [Apache Tomcat/10.1.49]
2025-11-20T19:44:58.216-03:00  INFO 5660 --- [nubank-challenge-server] [restartedMain] o.a.c.c.C.[Tomcat].[localhost].[/]       : Initializing Spring embedded WebApplicationContext
2025-11-20T19:44:58.217-03:00  INFO 5660 --- [nubank-challenge-server] [restartedMain] w.s.c.ServletWebServerApplicationContext : Root WebApplicationContext: initialization completed in 136 ms
2025-11-20T19:44:58.247-03:00  INFO 5660 --- [nubank-challenge-server] [restartedMain] o.hibernate.jpa.internal.util.LogHelper  : HHH000204: Processing PersistenceUnitInfo [name: default]
2025-11-20T19:44:58.248-03:00  INFO 5660 --- [nubank-challenge-server] [restartedMain] o.h.c.internal.RegionFactoryInitiator    : HHH000026: Second-level cache disabled
2025-11-20T19:44:58.250-03:00  INFO 5660 --- [nubank-challenge-server] [restartedMain] o.s.o.j.p.SpringPersistenceUnitInfo      : No LoadTimeWeaver setup: ignoring JPA class transformer
2025-11-20T19:44:58.251-03:00  INFO 5660 --- [nubank-challenge-server] [restartedMain] com.zaxxer.hikari.HikariDataSource       : HikariPool-12 - Starting...
2025-11-20T19:44:58.264-03:00  INFO 5660 --- [nubank-challenge-server] [restartedMain] com.zaxxer.hikari.pool.HikariPool        : HikariPool-12 - Added connection org.postgresql.jdbc.PgConnection@81fa7ac
2025-11-20T19:44:58.264-03:00  INFO 5660 --- [nubank-challenge-server] [restartedMain] com.zaxxer.hikari.HikariDataSource       : HikariPool-12 - Start completed.
2025-11-20T19:44:58.266-03:00  WARN 5660 --- [nubank-challenge-server] [restartedMain] org.hibernate.orm.deprecation            : HHH90000025: PostgreSQLDialect does not need to be specified explicitly using 'hibernate.dialect' (remove the property setting and it will be selected by default)
2025-11-20T19:44:58.268-03:00  INFO 5660 --- [nubank-challenge-server] [restartedMain] org.hibernate.orm.connections.pooling    : HHH10001005: Database info:
	Database JDBC URL [Connecting through datasource 'HikariDataSource (HikariPool-12)']
	Database driver: undefined/unknown
	Database version: 15.15
	Autocommit mode: undefined/unknown
	Isolation level: undefined/unknown
	Minimum pool size: undefined/unknown
	Maximum pool size: undefined/unknown
2025-11-20T19:44:58.287-03:00  INFO 5660 --- [nubank-challenge-server] [restartedMain] o.h.e.t.j.p.i.JtaPlatformInitiator       : HHH000489: No JTA platform available (set 'hibernate.transaction.jta.platform' to enable JTA platform integration)
2025-11-20T19:44:58.288-03:00 DEBUG 5660 --- [nubank-challenge-server] [restartedMain] org.hibernate.SQL                        : 
    set client_min_messages = WARNING
2025-11-20T19:44:58.288-03:00 DEBUG 5660 --- [nubank-challenge-server] [restartedMain] org.hibernate.SQL                        : 
    alter table if exists contacts 
       drop constraint if exists FKnk1ggjf4353tv92tdfa5ogcfj
2025-11-20T19:44:58.293-03:00 DEBUG 5660 --- [nubank-challenge-server] [restartedMain] org.hibernate.SQL                        : 
    drop table if exists clients cascade
2025-11-20T19:44:58.299-03:00 DEBUG 5660 --- [nubank-challenge-server] [restartedMain] org.hibernate.SQL                        : 
    drop table if exists contacts cascade
2025-11-20T19:44:58.308-03:00 DEBUG 5660 --- [nubank-challenge-server] [restartedMain] org.hibernate.SQL                        : 
    create table clients (
        id bigint generated by default as identity,
        name varchar(255),
        primary key (id)
    )
2025-11-20T19:44:58.323-03:00 DEBUG 5660 --- [nubank-challenge-server] [restartedMain] org.hibernate.SQL                        : 
    create table contacts (
        clients_id bigint,
        id bigint generated by default as identity,
        email varchar(255),
        phone_number varchar(255),
        primary key (id)
    )
2025-11-20T19:44:58.341-03:00 DEBUG 5660 --- [nubank-challenge-server] [restartedMain] org.hibernate.SQL                        : 
    alter table if exists contacts 
       add constraint FKnk1ggjf4353tv92tdfa5ogcfj 
       foreign key (clients_id) 
       references clients
2025-11-20T19:44:58.348-03:00  INFO 5660 --- [nubank-challenge-server] [restartedMain] j.LocalContainerEntityManagerFactoryBean : Initialized JPA EntityManagerFactory for persistence unit 'default'
2025-11-20T19:44:58.439-03:00  INFO 5660 --- [nubank-challenge-server] [restartedMain] o.s.b.d.a.OptionalLiveReloadServer       : LiveReload server is running on port 35729
2025-11-20T19:44:58.441-03:00  INFO 5660 --- [nubank-challenge-server] [restartedMain] o.s.b.a.e.web.EndpointLinksResolver      : Exposing 1 endpoint beneath base path '/actuator'
2025-11-20T19:44:58.451-03:00  INFO 5660 --- [nubank-challenge-server] [restartedMain] o.s.b.w.embedded.tomcat.TomcatWebServer  : Tomcat started on port 8080 (http) with context path '/'
2025-11-20T19:44:58.457-03:00  INFO 5660 --- [nubank-challenge-server] [restartedMain] c.c.n.NubankChallengeServerApplication   : Started NubankChallengeServerApplication in 0.394 seconds (process running for 701.668)
2025-11-20T19:44:58.459-03:00  INFO 5660 --- [nubank-challenge-server] [restartedMain] .ConditionEvaluationDeltaLoggingListener : Condition evaluation unchanged
2025-11-20T19:45:00.841-03:00  INFO 5660 --- [nubank-challenge-server] [File Watcher] rtingClassPathChangeChangedEventListener : Restarting due to 1 class path change (0 additions, 0 deletions, 1 modification)
2025-11-20T19:45:00.842-03:00  INFO 5660 --- [nubank-challenge-server] [Thread-47] o.s.b.w.e.tomcat.GracefulShutdown        : Commencing graceful shutdown. Waiting for active requests to complete
2025-11-20T19:45:00.844-03:00  INFO 5660 --- [nubank-challenge-server] [tomcat-shutdown] o.s.b.w.e.tomcat.GracefulShutdown        : Graceful shutdown complete
2025-11-20T19:45:00.846-03:00  INFO 5660 --- [nubank-challenge-server] [Thread-47] j.LocalContainerEntityManagerFactoryBean : Closing JPA EntityManagerFactory for persistence unit 'default'
2025-11-20T19:45:00.847-03:00  INFO 5660 --- [nubank-challenge-server] [Thread-47] com.zaxxer.hikari.HikariDataSource       : HikariPool-12 - Shutdown initiated...
2025-11-20T19:45:00.848-03:00  INFO 5660 --- [nubank-challenge-server] [Thread-47] com.zaxxer.hikari.HikariDataSource       : HikariPool-12 - Shutdown completed.
2025-11-20T19:45:00.891-03:00  INFO 5660 --- [nubank-challenge-server] [restartedMain] c.c.n.NubankChallengeServerApplication   : Starting NubankChallengeServerApplication using Java 17.0.14 with PID 5660 (/home/cardosofiles/www/java/development/nubank-challenge-server/target/classes started by cardosofiles in /home/cardosofiles/www/java/development/nubank-challenge-server)
2025-11-20T19:45:00.891-03:00  INFO 5660 --- [nubank-challenge-server] [restartedMain] c.c.n.NubankChallengeServerApplication   : The following 1 profile is active: "dev"
2025-11-20T19:45:01.105-03:00  INFO 5660 --- [nubank-challenge-server] [restartedMain] .s.d.r.c.RepositoryConfigurationDelegate : Bootstrapping Spring Data JPA repositories in DEFAULT mode.
2025-11-20T19:45:01.107-03:00  INFO 5660 --- [nubank-challenge-server] [restartedMain] .s.d.r.c.RepositoryConfigurationDelegate : Finished Spring Data repository scanning in 0 ms. Found 0 JPA repository interfaces.
2025-11-20T19:45:01.206-03:00  INFO 5660 --- [nubank-challenge-server] [restartedMain] o.s.b.w.embedded.tomcat.TomcatWebServer  : Tomcat initialized with port 8080 (http)
2025-11-20T19:45:01.207-03:00  INFO 5660 --- [nubank-challenge-server] [restartedMain] o.apache.catalina.core.StandardService   : Starting service [Tomcat]
2025-11-20T19:45:01.207-03:00  INFO 5660 --- [nubank-challenge-server] [restartedMain] o.apache.catalina.core.StandardEngine    : Starting Servlet engine: [Apache Tomcat/10.1.49]
2025-11-20T19:45:01.215-03:00  INFO 5660 --- [nubank-challenge-server] [restartedMain] o.a.c.c.C.[Tomcat].[localhost].[/]       : Initializing Spring embedded WebApplicationContext
2025-11-20T19:45:01.215-03:00  INFO 5660 --- [nubank-challenge-server] [restartedMain] w.s.c.ServletWebServerApplicationContext : Root WebApplicationContext: initialization completed in 323 ms
2025-11-20T19:45:01.278-03:00  INFO 5660 --- [nubank-challenge-server] [restartedMain] o.hibernate.jpa.internal.util.LogHelper  : HHH000204: Processing PersistenceUnitInfo [name: default]
2025-11-20T19:45:01.279-03:00  INFO 5660 --- [nubank-challenge-server] [restartedMain] o.h.c.internal.RegionFactoryInitiator    : HHH000026: Second-level cache disabled
2025-11-20T19:45:01.283-03:00  INFO 5660 --- [nubank-challenge-server] [restartedMain] o.s.o.j.p.SpringPersistenceUnitInfo      : No LoadTimeWeaver setup: ignoring JPA class transformer
2025-11-20T19:45:01.283-03:00  INFO 5660 --- [nubank-challenge-server] [restartedMain] com.zaxxer.hikari.HikariDataSource       : HikariPool-13 - Starting...
2025-11-20T19:45:01.299-03:00  INFO 5660 --- [nubank-challenge-server] [restartedMain] com.zaxxer.hikari.pool.HikariPool        : HikariPool-13 - Added connection org.postgresql.jdbc.PgConnection@6481bd1e
2025-11-20T19:45:01.299-03:00  INFO 5660 --- [nubank-challenge-server] [restartedMain] com.zaxxer.hikari.HikariDataSource       : HikariPool-13 - Start completed.
2025-11-20T19:45:01.302-03:00  WARN 5660 --- [nubank-challenge-server] [restartedMain] org.hibernate.orm.deprecation            : HHH90000025: PostgreSQLDialect does not need to be specified explicitly using 'hibernate.dialect' (remove the property setting and it will be selected by default)
2025-11-20T19:45:01.304-03:00  INFO 5660 --- [nubank-challenge-server] [restartedMain] org.hibernate.orm.connections.pooling    : HHH10001005: Database info:
	Database JDBC URL [Connecting through datasource 'HikariDataSource (HikariPool-13)']
	Database driver: undefined/unknown
	Database version: 15.15
	Autocommit mode: undefined/unknown
	Isolation level: undefined/unknown
	Minimum pool size: undefined/unknown
	Maximum pool size: undefined/unknown
2025-11-20T19:45:01.342-03:00  INFO 5660 --- [nubank-challenge-server] [restartedMain] o.h.e.t.j.p.i.JtaPlatformInitiator       : HHH000489: No JTA platform available (set 'hibernate.transaction.jta.platform' to enable JTA platform integration)
2025-11-20T19:45:01.342-03:00 DEBUG 5660 --- [nubank-challenge-server] [restartedMain] org.hibernate.SQL                        : 
    set client_min_messages = WARNING
2025-11-20T19:45:01.343-03:00 DEBUG 5660 --- [nubank-challenge-server] [restartedMain] org.hibernate.SQL                        : 
    alter table if exists contacts 
       drop constraint if exists FKnk1ggjf4353tv92tdfa5ogcfj
2025-11-20T19:45:01.349-03:00 DEBUG 5660 --- [nubank-challenge-server] [restartedMain] org.hibernate.SQL                        : 
    drop table if exists clients cascade
2025-11-20T19:45:01.354-03:00 DEBUG 5660 --- [nubank-challenge-server] [restartedMain] org.hibernate.SQL                        : 
    drop table if exists contacts cascade
2025-11-20T19:45:01.359-03:00 DEBUG 5660 --- [nubank-challenge-server] [restartedMain] org.hibernate.SQL                        : 
    create table clients (
        id bigint generated by default as identity,
        name varchar(255),
        primary key (id)
    )
2025-11-20T19:45:01.373-03:00 DEBUG 5660 --- [nubank-challenge-server] [restartedMain] org.hibernate.SQL                        : 
    create table contacts (
        clients_id bigint,
        id bigint generated by default as identity,
        email varchar(255),
        phone_number varchar(255),
        primary key (id)
    )
2025-11-20T19:45:01.389-03:00 DEBUG 5660 --- [nubank-challenge-server] [restartedMain] org.hibernate.SQL                        : 
    alter table if exists contacts 
       add constraint FKnk1ggjf4353tv92tdfa5ogcfj 
       foreign key (clients_id) 
       references clients
2025-11-20T19:45:01.393-03:00  INFO 5660 --- [nubank-challenge-server] [restartedMain] j.LocalContainerEntityManagerFactoryBean : Initialized JPA EntityManagerFactory for persistence unit 'default'
2025-11-20T19:45:01.533-03:00  INFO 5660 --- [nubank-challenge-server] [restartedMain] o.s.b.d.a.OptionalLiveReloadServer       : LiveReload server is running on port 35729
2025-11-20T19:45:01.536-03:00  INFO 5660 --- [nubank-challenge-server] [restartedMain] o.s.b.a.e.web.EndpointLinksResolver      : Exposing 1 endpoint beneath base path '/actuator'
2025-11-20T19:45:01.550-03:00  INFO 5660 --- [nubank-challenge-server] [restartedMain] o.s.b.w.embedded.tomcat.TomcatWebServer  : Tomcat started on port 8080 (http) with context path '/'
2025-11-20T19:45:01.557-03:00  INFO 5660 --- [nubank-challenge-server] [restartedMain] c.c.n.NubankChallengeServerApplication   : Started NubankChallengeServerApplication in 0.678 seconds (process running for 704.768)
2025-11-20T19:45:01.559-03:00  INFO 5660 --- [nubank-challenge-server] [restartedMain] .ConditionEvaluationDeltaLoggingListener : Condition evaluation unchanged
2025-11-20T19:45:17.945-03:00  INFO 5660 --- [nubank-challenge-server] [File Watcher] rtingClassPathChangeChangedEventListener : Restarting due to 1 class path change (0 additions, 0 deletions, 1 modification)
2025-11-20T19:45:17.946-03:00  INFO 5660 --- [nubank-challenge-server] [Thread-51] o.s.b.w.e.tomcat.GracefulShutdown        : Commencing graceful shutdown. Waiting for active requests to complete
2025-11-20T19:45:17.947-03:00  INFO 5660 --- [nubank-challenge-server] [tomcat-shutdown] o.s.b.w.e.tomcat.GracefulShutdown        : Graceful shutdown complete
2025-11-20T19:45:17.948-03:00  INFO 5660 --- [nubank-challenge-server] [Thread-51] j.LocalContainerEntityManagerFactoryBean : Closing JPA EntityManagerFactory for persistence unit 'default'
2025-11-20T19:45:17.948-03:00  INFO 5660 --- [nubank-challenge-server] [Thread-51] com.zaxxer.hikari.HikariDataSource       : HikariPool-13 - Shutdown initiated...
2025-11-20T19:45:17.949-03:00  INFO 5660 --- [nubank-challenge-server] [Thread-51] com.zaxxer.hikari.HikariDataSource       : HikariPool-13 - Shutdown completed.
2025-11-20T19:45:17.995-03:00  INFO 5660 --- [nubank-challenge-server] [restartedMain] c.c.n.NubankChallengeServerApplication   : Starting NubankChallengeServerApplication using Java 17.0.14 with PID 5660 (/home/cardosofiles/www/java/development/nubank-challenge-server/target/classes started by cardosofiles in /home/cardosofiles/www/java/development/nubank-challenge-server)
2025-11-20T19:45:17.995-03:00  INFO 5660 --- [nubank-challenge-server] [restartedMain] c.c.n.NubankChallengeServerApplication   : The following 1 profile is active: "dev"
2025-11-20T19:45:18.101-03:00  INFO 5660 --- [nubank-challenge-server] [restartedMain] .s.d.r.c.RepositoryConfigurationDelegate : Bootstrapping Spring Data JPA repositories in DEFAULT mode.
2025-11-20T19:45:18.102-03:00  INFO 5660 --- [nubank-challenge-server] [restartedMain] .s.d.r.c.RepositoryConfigurationDelegate : Finished Spring Data repository scanning in 0 ms. Found 0 JPA repository interfaces.
2025-11-20T19:45:18.149-03:00  INFO 5660 --- [nubank-challenge-server] [restartedMain] o.s.b.w.embedded.tomcat.TomcatWebServer  : Tomcat initialized with port 8080 (http)
2025-11-20T19:45:18.150-03:00  INFO 5660 --- [nubank-challenge-server] [restartedMain] o.apache.catalina.core.StandardService   : Starting service [Tomcat]
2025-11-20T19:45:18.150-03:00  INFO 5660 --- [nubank-challenge-server] [restartedMain] o.apache.catalina.core.StandardEngine    : Starting Servlet engine: [Apache Tomcat/10.1.49]
2025-11-20T19:45:18.156-03:00  INFO 5660 --- [nubank-challenge-server] [restartedMain] o.a.c.c.C.[Tomcat].[localhost].[/]       : Initializing Spring embedded WebApplicationContext
2025-11-20T19:45:18.156-03:00  INFO 5660 --- [nubank-challenge-server] [restartedMain] w.s.c.ServletWebServerApplicationContext : Root WebApplicationContext: initialization completed in 160 ms
2025-11-20T19:45:18.184-03:00  INFO 5660 --- [nubank-challenge-server] [restartedMain] o.hibernate.jpa.internal.util.LogHelper  : HHH000204: Processing PersistenceUnitInfo [name: default]
2025-11-20T19:45:18.186-03:00  INFO 5660 --- [nubank-challenge-server] [restartedMain] o.h.c.internal.RegionFactoryInitiator    : HHH000026: Second-level cache disabled
2025-11-20T19:45:18.188-03:00  INFO 5660 --- [nubank-challenge-server] [restartedMain] o.s.o.j.p.SpringPersistenceUnitInfo      : No LoadTimeWeaver setup: ignoring JPA class transformer
2025-11-20T19:45:18.189-03:00  INFO 5660 --- [nubank-challenge-server] [restartedMain] com.zaxxer.hikari.HikariDataSource       : HikariPool-14 - Starting...
2025-11-20T19:45:18.202-03:00  INFO 5660 --- [nubank-challenge-server] [restartedMain] com.zaxxer.hikari.pool.HikariPool        : HikariPool-14 - Added connection org.postgresql.jdbc.PgConnection@16ffae4e
2025-11-20T19:45:18.203-03:00  INFO 5660 --- [nubank-challenge-server] [restartedMain] com.zaxxer.hikari.HikariDataSource       : HikariPool-14 - Start completed.
2025-11-20T19:45:18.205-03:00  WARN 5660 --- [nubank-challenge-server] [restartedMain] org.hibernate.orm.deprecation            : HHH90000025: PostgreSQLDialect does not need to be specified explicitly using 'hibernate.dialect' (remove the property setting and it will be selected by default)
2025-11-20T19:45:18.206-03:00  INFO 5660 --- [nubank-challenge-server] [restartedMain] org.hibernate.orm.connections.pooling    : HHH10001005: Database info:
	Database JDBC URL [Connecting through datasource 'HikariDataSource (HikariPool-14)']
	Database driver: undefined/unknown
	Database version: 15.15
	Autocommit mode: undefined/unknown
	Isolation level: undefined/unknown
	Minimum pool size: undefined/unknown
	Maximum pool size: undefined/unknown
2025-11-20T19:45:18.235-03:00  INFO 5660 --- [nubank-challenge-server] [restartedMain] o.h.e.t.j.p.i.JtaPlatformInitiator       : HHH000489: No JTA platform available (set 'hibernate.transaction.jta.platform' to enable JTA platform integration)
2025-11-20T19:45:18.236-03:00 DEBUG 5660 --- [nubank-challenge-server] [restartedMain] org.hibernate.SQL                        : 
    set client_min_messages = WARNING
2025-11-20T19:45:18.237-03:00 DEBUG 5660 --- [nubank-challenge-server] [restartedMain] org.hibernate.SQL                        : 
    alter table if exists contacts 
       drop constraint if exists FKnk1ggjf4353tv92tdfa5ogcfj
2025-11-20T19:45:18.243-03:00 DEBUG 5660 --- [nubank-challenge-server] [restartedMain] org.hibernate.SQL                        : 
    drop table if exists clients cascade
2025-11-20T19:45:18.248-03:00 DEBUG 5660 --- [nubank-challenge-server] [restartedMain] org.hibernate.SQL                        : 
    drop table if exists contacts cascade
2025-11-20T19:45:18.254-03:00 DEBUG 5660 --- [nubank-challenge-server] [restartedMain] org.hibernate.SQL                        : 
    create table clients (
        id bigint generated by default as identity,
        name varchar(255),
        primary key (id)
    )
2025-11-20T19:45:18.267-03:00 DEBUG 5660 --- [nubank-challenge-server] [restartedMain] org.hibernate.SQL                        : 
    create table contacts (
        clients_id bigint,
        id bigint generated by default as identity,
        email varchar(255),
        phone_number varchar(255),
        primary key (id)
    )
2025-11-20T19:45:18.285-03:00 DEBUG 5660 --- [nubank-challenge-server] [restartedMain] org.hibernate.SQL                        : 
    alter table if exists contacts 
       add constraint FKnk1ggjf4353tv92tdfa5ogcfj 
       foreign key (clients_id) 
       references clients
2025-11-20T19:45:18.290-03:00  INFO 5660 --- [nubank-challenge-server] [restartedMain] j.LocalContainerEntityManagerFactoryBean : Initialized JPA EntityManagerFactory for persistence unit 'default'
2025-11-20T19:45:18.400-03:00  INFO 5660 --- [nubank-challenge-server] [restartedMain] o.s.b.d.a.OptionalLiveReloadServer       : LiveReload server is running on port 35729
2025-11-20T19:45:18.405-03:00  INFO 5660 --- [nubank-challenge-server] [restartedMain] o.s.b.a.e.web.EndpointLinksResolver      : Exposing 1 endpoint beneath base path '/actuator'
2025-11-20T19:45:18.431-03:00  INFO 5660 --- [nubank-challenge-server] [restartedMain] o.s.b.w.embedded.tomcat.TomcatWebServer  : Tomcat started on port 8080 (http) with context path '/'
2025-11-20T19:45:18.440-03:00  INFO 5660 --- [nubank-challenge-server] [restartedMain] c.c.n.NubankChallengeServerApplication   : Started NubankChallengeServerApplication in 0.454 seconds (process running for 721.651)
2025-11-20T19:45:18.442-03:00  INFO 5660 --- [nubank-challenge-server] [restartedMain] .ConditionEvaluationDeltaLoggingListener : Condition evaluation unchanged
2025-11-20T19:45:32.544-03:00  INFO 5660 --- [nubank-challenge-server] [File Watcher] rtingClassPathChangeChangedEventListener : Restarting due to 1 class path change (0 additions, 1 deletion, 0 modifications)
2025-11-20T19:45:32.546-03:00  INFO 5660 --- [nubank-challenge-server] [Thread-55] o.s.b.w.e.tomcat.GracefulShutdown        : Commencing graceful shutdown. Waiting for active requests to complete
2025-11-20T19:45:32.549-03:00  INFO 5660 --- [nubank-challenge-server] [tomcat-shutdown] o.s.b.w.e.tomcat.GracefulShutdown        : Graceful shutdown complete
2025-11-20T19:45:32.552-03:00  INFO 5660 --- [nubank-challenge-server] [Thread-55] j.LocalContainerEntityManagerFactoryBean : Closing JPA EntityManagerFactory for persistence unit 'default'
2025-11-20T19:45:32.553-03:00  INFO 5660 --- [nubank-challenge-server] [Thread-55] com.zaxxer.hikari.HikariDataSource       : HikariPool-14 - Shutdown initiated...
2025-11-20T19:45:32.555-03:00  INFO 5660 --- [nubank-challenge-server] [Thread-55] com.zaxxer.hikari.HikariDataSource       : HikariPool-14 - Shutdown completed.
2025-11-20T19:45:32.635-03:00  INFO 5660 --- [nubank-challenge-server] [restartedMain] c.c.n.NubankChallengeServerApplication   : Starting NubankChallengeServerApplication using Java 17.0.14 with PID 5660 (/home/cardosofiles/www/java/development/nubank-challenge-server/target/classes started by cardosofiles in /home/cardosofiles/www/java/development/nubank-challenge-server)
2025-11-20T19:45:32.636-03:00  INFO 5660 --- [nubank-challenge-server] [restartedMain] c.c.n.NubankChallengeServerApplication   : The following 1 profile is active: "dev"
2025-11-20T19:45:32.765-03:00  INFO 5660 --- [nubank-challenge-server] [restartedMain] .s.d.r.c.RepositoryConfigurationDelegate : Bootstrapping Spring Data JPA repositories in DEFAULT mode.
2025-11-20T19:45:32.767-03:00  INFO 5660 --- [nubank-challenge-server] [restartedMain] .s.d.r.c.RepositoryConfigurationDelegate : Finished Spring Data repository scanning in 0 ms. Found 0 JPA repository interfaces.
2025-11-20T19:45:32.822-03:00  INFO 5660 --- [nubank-challenge-server] [restartedMain] o.s.b.w.embedded.tomcat.TomcatWebServer  : Tomcat initialized with port 8080 (http)
2025-11-20T19:45:32.822-03:00  INFO 5660 --- [nubank-challenge-server] [restartedMain] o.apache.catalina.core.StandardService   : Starting service [Tomcat]
2025-11-20T19:45:32.823-03:00  INFO 5660 --- [nubank-challenge-server] [restartedMain] o.apache.catalina.core.StandardEngine    : Starting Servlet engine: [Apache Tomcat/10.1.49]
2025-11-20T19:45:32.828-03:00  INFO 5660 --- [nubank-challenge-server] [restartedMain] o.a.c.c.C.[Tomcat].[localhost].[/]       : Initializing Spring embedded WebApplicationContext
2025-11-20T19:45:32.828-03:00  INFO 5660 --- [nubank-challenge-server] [restartedMain] w.s.c.ServletWebServerApplicationContext : Root WebApplicationContext: initialization completed in 191 ms
2025-11-20T19:45:32.894-03:00  INFO 5660 --- [nubank-challenge-server] [restartedMain] o.hibernate.jpa.internal.util.LogHelper  : HHH000204: Processing PersistenceUnitInfo [name: default]
2025-11-20T19:45:32.895-03:00  INFO 5660 --- [nubank-challenge-server] [restartedMain] o.h.c.internal.RegionFactoryInitiator    : HHH000026: Second-level cache disabled
2025-11-20T19:45:32.900-03:00  INFO 5660 --- [nubank-challenge-server] [restartedMain] o.s.o.j.p.SpringPersistenceUnitInfo      : No LoadTimeWeaver setup: ignoring JPA class transformer
2025-11-20T19:45:32.901-03:00  INFO 5660 --- [nubank-challenge-server] [restartedMain] com.zaxxer.hikari.HikariDataSource       : HikariPool-15 - Starting...
2025-11-20T19:45:32.924-03:00  INFO 5660 --- [nubank-challenge-server] [restartedMain] com.zaxxer.hikari.pool.HikariPool        : HikariPool-15 - Added connection org.postgresql.jdbc.PgConnection@7e779a05
2025-11-20T19:45:32.924-03:00  INFO 5660 --- [nubank-challenge-server] [restartedMain] com.zaxxer.hikari.HikariDataSource       : HikariPool-15 - Start completed.
2025-11-20T19:45:32.927-03:00  WARN 5660 --- [nubank-challenge-server] [restartedMain] org.hibernate.orm.deprecation            : HHH90000025: PostgreSQLDialect does not need to be specified explicitly using 'hibernate.dialect' (remove the property setting and it will be selected by default)
2025-11-20T19:45:32.928-03:00  INFO 5660 --- [nubank-challenge-server] [restartedMain] org.hibernate.orm.connections.pooling    : HHH10001005: Database info:
	Database JDBC URL [Connecting through datasource 'HikariDataSource (HikariPool-15)']
	Database driver: undefined/unknown
	Database version: 15.15
	Autocommit mode: undefined/unknown
	Isolation level: undefined/unknown
	Minimum pool size: undefined/unknown
	Maximum pool size: undefined/unknown
2025-11-20T19:45:32.957-03:00  INFO 5660 --- [nubank-challenge-server] [restartedMain] o.h.e.t.j.p.i.JtaPlatformInitiator       : HHH000489: No JTA platform available (set 'hibernate.transaction.jta.platform' to enable JTA platform integration)
2025-11-20T19:45:32.957-03:00 DEBUG 5660 --- [nubank-challenge-server] [restartedMain] org.hibernate.SQL                        : 
    set client_min_messages = WARNING
2025-11-20T19:45:32.958-03:00 DEBUG 5660 --- [nubank-challenge-server] [restartedMain] org.hibernate.SQL                        : 
    alter table if exists contacts 
       drop constraint if exists FKnk1ggjf4353tv92tdfa5ogcfj
2025-11-20T19:45:32.963-03:00 DEBUG 5660 --- [nubank-challenge-server] [restartedMain] org.hibernate.SQL                        : 
    drop table if exists clients cascade
2025-11-20T19:45:32.968-03:00 DEBUG 5660 --- [nubank-challenge-server] [restartedMain] org.hibernate.SQL                        : 
    drop table if exists contacts cascade
2025-11-20T19:45:32.973-03:00 DEBUG 5660 --- [nubank-challenge-server] [restartedMain] org.hibernate.SQL                        : 
    create table clients (
        id bigint generated by default as identity,
        name varchar(255),
        primary key (id)
    )
2025-11-20T19:45:32.986-03:00 DEBUG 5660 --- [nubank-challenge-server] [restartedMain] org.hibernate.SQL                        : 
    create table contacts (
        clients_id bigint,
        id bigint generated by default as identity,
        email varchar(255),
        phone_number varchar(255),
        primary key (id)
    )
2025-11-20T19:45:33.025-03:00 DEBUG 5660 --- [nubank-challenge-server] [restartedMain] org.hibernate.SQL                        : 
    alter table if exists contacts 
       add constraint FKnk1ggjf4353tv92tdfa5ogcfj 
       foreign key (clients_id) 
       references clients
2025-11-20T19:45:33.040-03:00  INFO 5660 --- [nubank-challenge-server] [restartedMain] j.LocalContainerEntityManagerFactoryBean : Initialized JPA EntityManagerFactory for persistence unit 'default'
2025-11-20T19:45:33.148-03:00  INFO 5660 --- [nubank-challenge-server] [restartedMain] o.s.b.d.a.OptionalLiveReloadServer       : LiveReload server is running on port 35729
2025-11-20T19:45:33.150-03:00  INFO 5660 --- [nubank-challenge-server] [restartedMain] o.s.b.a.e.web.EndpointLinksResolver      : Exposing 1 endpoint beneath base path '/actuator'
2025-11-20T19:45:33.161-03:00  INFO 5660 --- [nubank-challenge-server] [restartedMain] o.s.b.w.embedded.tomcat.TomcatWebServer  : Tomcat started on port 8080 (http) with context path '/'
2025-11-20T19:45:33.167-03:00  INFO 5660 --- [nubank-challenge-server] [restartedMain] c.c.n.NubankChallengeServerApplication   : Started NubankChallengeServerApplication in 0.543 seconds (process running for 733.646)
2025-11-20T19:45:33.168-03:00  INFO 5660 --- [nubank-challenge-server] [restartedMain] .ConditionEvaluationDeltaLoggingListener : Condition evaluation unchanged
2025-11-20T19:45:39.554-03:00  INFO 5660 --- [nubank-challenge-server] [File Watcher] rtingClassPathChangeChangedEventListener : Restarting due to 1 class path change (1 addition, 0 deletions, 0 modifications)
2025-11-20T19:45:39.556-03:00  INFO 5660 --- [nubank-challenge-server] [Thread-59] o.s.b.w.e.tomcat.GracefulShutdown        : Commencing graceful shutdown. Waiting for active requests to complete
2025-11-20T19:45:39.559-03:00  INFO 5660 --- [nubank-challenge-server] [tomcat-shutdown] o.s.b.w.e.tomcat.GracefulShutdown        : Graceful shutdown complete
2025-11-20T19:45:39.563-03:00  INFO 5660 --- [nubank-challenge-server] [Thread-59] j.LocalContainerEntityManagerFactoryBean : Closing JPA EntityManagerFactory for persistence unit 'default'
2025-11-20T19:45:39.564-03:00  INFO 5660 --- [nubank-challenge-server] [Thread-59] com.zaxxer.hikari.HikariDataSource       : HikariPool-15 - Shutdown initiated...
2025-11-20T19:45:39.565-03:00  INFO 5660 --- [nubank-challenge-server] [Thread-59] com.zaxxer.hikari.HikariDataSource       : HikariPool-15 - Shutdown completed.
2025-11-20T19:45:39.619-03:00  INFO 5660 --- [nubank-challenge-server] [restartedMain] c.c.n.NubankChallengeServerApplication   : Starting NubankChallengeServerApplication using Java 17.0.14 with PID 5660 (/home/cardosofiles/www/java/development/nubank-challenge-server/target/classes started by cardosofiles in /home/cardosofiles/www/java/development/nubank-challenge-server)
2025-11-20T19:45:39.619-03:00  INFO 5660 --- [nubank-challenge-server] [restartedMain] c.c.n.NubankChallengeServerApplication   : The following 1 profile is active: "dev"
2025-11-20T19:45:39.764-03:00  INFO 5660 --- [nubank-challenge-server] [restartedMain] .s.d.r.c.RepositoryConfigurationDelegate : Bootstrapping Spring Data JPA repositories in DEFAULT mode.
2025-11-20T19:45:39.766-03:00  INFO 5660 --- [nubank-challenge-server] [restartedMain] .s.d.r.c.RepositoryConfigurationDelegate : Finished Spring Data repository scanning in 0 ms. Found 0 JPA repository interfaces.
2025-11-20T19:45:39.847-03:00  INFO 5660 --- [nubank-challenge-server] [restartedMain] o.s.b.w.embedded.tomcat.TomcatWebServer  : Tomcat initialized with port 8080 (http)
2025-11-20T19:45:39.849-03:00  INFO 5660 --- [nubank-challenge-server] [restartedMain] o.apache.catalina.core.StandardService   : Starting service [Tomcat]
2025-11-20T19:45:39.849-03:00  INFO 5660 --- [nubank-challenge-server] [restartedMain] o.apache.catalina.core.StandardEngine    : Starting Servlet engine: [Apache Tomcat/10.1.49]
2025-11-20T19:45:39.854-03:00  INFO 5660 --- [nubank-challenge-server] [restartedMain] o.a.c.c.C.[Tomcat].[localhost].[/]       : Initializing Spring embedded WebApplicationContext
2025-11-20T19:45:39.855-03:00  INFO 5660 --- [nubank-challenge-server] [restartedMain] w.s.c.ServletWebServerApplicationContext : Root WebApplicationContext: initialization completed in 235 ms
2025-11-20T19:45:39.919-03:00  INFO 5660 --- [nubank-challenge-server] [restartedMain] o.hibernate.jpa.internal.util.LogHelper  : HHH000204: Processing PersistenceUnitInfo [name: default]
2025-11-20T19:45:39.920-03:00  INFO 5660 --- [nubank-challenge-server] [restartedMain] o.h.c.internal.RegionFactoryInitiator    : HHH000026: Second-level cache disabled
2025-11-20T19:45:39.923-03:00  INFO 5660 --- [nubank-challenge-server] [restartedMain] o.s.o.j.p.SpringPersistenceUnitInfo      : No LoadTimeWeaver setup: ignoring JPA class transformer
2025-11-20T19:45:39.923-03:00  INFO 5660 --- [nubank-challenge-server] [restartedMain] com.zaxxer.hikari.HikariDataSource       : HikariPool-16 - Starting...
2025-11-20T19:45:39.937-03:00  INFO 5660 --- [nubank-challenge-server] [restartedMain] com.zaxxer.hikari.pool.HikariPool        : HikariPool-16 - Added connection org.postgresql.jdbc.PgConnection@336973fe
2025-11-20T19:45:39.937-03:00  INFO 5660 --- [nubank-challenge-server] [restartedMain] com.zaxxer.hikari.HikariDataSource       : HikariPool-16 - Start completed.
2025-11-20T19:45:39.939-03:00  WARN 5660 --- [nubank-challenge-server] [restartedMain] org.hibernate.orm.deprecation            : HHH90000025: PostgreSQLDialect does not need to be specified explicitly using 'hibernate.dialect' (remove the property setting and it will be selected by default)
2025-11-20T19:45:39.940-03:00  INFO 5660 --- [nubank-challenge-server] [restartedMain] org.hibernate.orm.connections.pooling    : HHH10001005: Database info:
	Database JDBC URL [Connecting through datasource 'HikariDataSource (HikariPool-16)']
	Database driver: undefined/unknown
	Database version: 15.15
	Autocommit mode: undefined/unknown
	Isolation level: undefined/unknown
	Minimum pool size: undefined/unknown
	Maximum pool size: undefined/unknown
2025-11-20T19:45:39.966-03:00  INFO 5660 --- [nubank-challenge-server] [restartedMain] o.h.e.t.j.p.i.JtaPlatformInitiator       : HHH000489: No JTA platform available (set 'hibernate.transaction.jta.platform' to enable JTA platform integration)
2025-11-20T19:45:39.966-03:00 DEBUG 5660 --- [nubank-challenge-server] [restartedMain] org.hibernate.SQL                        : 
    set client_min_messages = WARNING
2025-11-20T19:45:39.967-03:00 DEBUG 5660 --- [nubank-challenge-server] [restartedMain] org.hibernate.SQL                        : 
    alter table if exists contacts 
       drop constraint if exists FKnk1ggjf4353tv92tdfa5ogcfj
2025-11-20T19:45:39.971-03:00 DEBUG 5660 --- [nubank-challenge-server] [restartedMain] org.hibernate.SQL                        : 
    drop table if exists clients cascade
2025-11-20T19:45:39.975-03:00 DEBUG 5660 --- [nubank-challenge-server] [restartedMain] org.hibernate.SQL                        : 
    drop table if exists contacts cascade
2025-11-20T19:45:39.980-03:00 DEBUG 5660 --- [nubank-challenge-server] [restartedMain] org.hibernate.SQL                        : 
    create table clients (
        id bigint generated by default as identity,
        name varchar(255),
        primary key (id)
    )
2025-11-20T19:45:39.991-03:00 DEBUG 5660 --- [nubank-challenge-server] [restartedMain] org.hibernate.SQL                        : 
    create table contacts (
        clients_id bigint,
        id bigint generated by default as identity,
        email varchar(255),
        phone_number varchar(255),
        primary key (id)
    )
2025-11-20T19:45:40.008-03:00 DEBUG 5660 --- [nubank-challenge-server] [restartedMain] org.hibernate.SQL                        : 
    alter table if exists contacts 
       add constraint FKnk1ggjf4353tv92tdfa5ogcfj 
       foreign key (clients_id) 
       references clients
2025-11-20T19:45:40.015-03:00  INFO 5660 --- [nubank-challenge-server] [restartedMain] j.LocalContainerEntityManagerFactoryBean : Initialized JPA EntityManagerFactory for persistence unit 'default'
2025-11-20T19:45:40.166-03:00  INFO 5660 --- [nubank-challenge-server] [restartedMain] o.s.b.d.a.OptionalLiveReloadServer       : LiveReload server is running on port 35729
2025-11-20T19:45:40.168-03:00  INFO 5660 --- [nubank-challenge-server] [restartedMain] o.s.b.a.e.web.EndpointLinksResolver      : Exposing 1 endpoint beneath base path '/actuator'
2025-11-20T19:45:40.182-03:00  INFO 5660 --- [nubank-challenge-server] [restartedMain] o.s.b.w.embedded.tomcat.TomcatWebServer  : Tomcat started on port 8080 (http) with context path '/'
2025-11-20T19:45:40.189-03:00  INFO 5660 --- [nubank-challenge-server] [restartedMain] c.c.n.NubankChallengeServerApplication   : Started NubankChallengeServerApplication in 0.583 seconds (process running for 740.668)
2025-11-20T19:45:40.190-03:00  INFO 5660 --- [nubank-challenge-server] [restartedMain] .ConditionEvaluationDeltaLoggingListener : Condition evaluation unchanged
2025-11-20T19:45:41.568-03:00  INFO 5660 --- [nubank-challenge-server] [File Watcher] rtingClassPathChangeChangedEventListener : Restarting due to 1 class path change (0 additions, 0 deletions, 1 modification)
2025-11-20T19:45:41.570-03:00  INFO 5660 --- [nubank-challenge-server] [Thread-63] o.s.b.w.e.tomcat.GracefulShutdown        : Commencing graceful shutdown. Waiting for active requests to complete
2025-11-20T19:45:41.573-03:00  INFO 5660 --- [nubank-challenge-server] [tomcat-shutdown] o.s.b.w.e.tomcat.GracefulShutdown        : Graceful shutdown complete
2025-11-20T19:45:41.576-03:00  INFO 5660 --- [nubank-challenge-server] [Thread-63] j.LocalContainerEntityManagerFactoryBean : Closing JPA EntityManagerFactory for persistence unit 'default'
2025-11-20T19:45:41.577-03:00  INFO 5660 --- [nubank-challenge-server] [Thread-63] com.zaxxer.hikari.HikariDataSource       : HikariPool-16 - Shutdown initiated...
2025-11-20T19:45:41.578-03:00  INFO 5660 --- [nubank-challenge-server] [Thread-63] com.zaxxer.hikari.HikariDataSource       : HikariPool-16 - Shutdown completed.
2025-11-20T19:45:41.644-03:00  INFO 5660 --- [nubank-challenge-server] [restartedMain] c.c.n.NubankChallengeServerApplication   : Starting NubankChallengeServerApplication using Java 17.0.14 with PID 5660 (/home/cardosofiles/www/java/development/nubank-challenge-server/target/classes started by cardosofiles in /home/cardosofiles/www/java/development/nubank-challenge-server)
2025-11-20T19:45:41.644-03:00  INFO 5660 --- [nubank-challenge-server] [restartedMain] c.c.n.NubankChallengeServerApplication   : The following 1 profile is active: "dev"
2025-11-20T19:45:41.756-03:00  INFO 5660 --- [nubank-challenge-server] [restartedMain] .s.d.r.c.RepositoryConfigurationDelegate : Bootstrapping Spring Data JPA repositories in DEFAULT mode.
2025-11-20T19:45:41.758-03:00  INFO 5660 --- [nubank-challenge-server] [restartedMain] .s.d.r.c.RepositoryConfigurationDelegate : Finished Spring Data repository scanning in 0 ms. Found 0 JPA repository interfaces.
2025-11-20T19:45:41.800-03:00  INFO 5660 --- [nubank-challenge-server] [restartedMain] o.s.b.w.embedded.tomcat.TomcatWebServer  : Tomcat initialized with port 8080 (http)
2025-11-20T19:45:41.801-03:00  INFO 5660 --- [nubank-challenge-server] [restartedMain] o.apache.catalina.core.StandardService   : Starting service [Tomcat]
2025-11-20T19:45:41.801-03:00  INFO 5660 --- [nubank-challenge-server] [restartedMain] o.apache.catalina.core.StandardEngine    : Starting Servlet engine: [Apache Tomcat/10.1.49]
2025-11-20T19:45:41.805-03:00  INFO 5660 --- [nubank-challenge-server] [restartedMain] o.a.c.c.C.[Tomcat].[localhost].[/]       : Initializing Spring embedded WebApplicationContext
2025-11-20T19:45:41.805-03:00  INFO 5660 --- [nubank-challenge-server] [restartedMain] w.s.c.ServletWebServerApplicationContext : Root WebApplicationContext: initialization completed in 160 ms
2025-11-20T19:45:41.843-03:00  INFO 5660 --- [nubank-challenge-server] [restartedMain] o.hibernate.jpa.internal.util.LogHelper  : HHH000204: Processing PersistenceUnitInfo [name: default]
2025-11-20T19:45:41.844-03:00  INFO 5660 --- [nubank-challenge-server] [restartedMain] o.h.c.internal.RegionFactoryInitiator    : HHH000026: Second-level cache disabled
2025-11-20T19:45:41.863-03:00  INFO 5660 --- [nubank-challenge-server] [restartedMain] o.s.o.j.p.SpringPersistenceUnitInfo      : No LoadTimeWeaver setup: ignoring JPA class transformer
2025-11-20T19:45:41.865-03:00  INFO 5660 --- [nubank-challenge-server] [restartedMain] com.zaxxer.hikari.HikariDataSource       : HikariPool-17 - Starting...
2025-11-20T19:45:41.894-03:00  INFO 5660 --- [nubank-challenge-server] [restartedMain] com.zaxxer.hikari.pool.HikariPool        : HikariPool-17 - Added connection org.postgresql.jdbc.PgConnection@70883fa7
2025-11-20T19:45:41.894-03:00  INFO 5660 --- [nubank-challenge-server] [restartedMain] com.zaxxer.hikari.HikariDataSource       : HikariPool-17 - Start completed.
2025-11-20T19:45:41.897-03:00  WARN 5660 --- [nubank-challenge-server] [restartedMain] org.hibernate.orm.deprecation            : HHH90000025: PostgreSQLDialect does not need to be specified explicitly using 'hibernate.dialect' (remove the property setting and it will be selected by default)
2025-11-20T19:45:41.899-03:00  INFO 5660 --- [nubank-challenge-server] [restartedMain] org.hibernate.orm.connections.pooling    : HHH10001005: Database info:
	Database JDBC URL [Connecting through datasource 'HikariDataSource (HikariPool-17)']
	Database driver: undefined/unknown
	Database version: 15.15
	Autocommit mode: undefined/unknown
	Isolation level: undefined/unknown
	Minimum pool size: undefined/unknown
	Maximum pool size: undefined/unknown
2025-11-20T19:45:41.937-03:00  INFO 5660 --- [nubank-challenge-server] [restartedMain] o.h.e.t.j.p.i.JtaPlatformInitiator       : HHH000489: No JTA platform available (set 'hibernate.transaction.jta.platform' to enable JTA platform integration)
2025-11-20T19:45:41.937-03:00 DEBUG 5660 --- [nubank-challenge-server] [restartedMain] org.hibernate.SQL                        : 
    set client_min_messages = WARNING
2025-11-20T19:45:41.938-03:00 DEBUG 5660 --- [nubank-challenge-server] [restartedMain] org.hibernate.SQL                        : 
    alter table if exists contacts 
       drop constraint if exists FKnk1ggjf4353tv92tdfa5ogcfj
2025-11-20T19:45:41.943-03:00 DEBUG 5660 --- [nubank-challenge-server] [restartedMain] org.hibernate.SQL                        : 
    drop table if exists clients cascade
2025-11-20T19:45:41.948-03:00 DEBUG 5660 --- [nubank-challenge-server] [restartedMain] org.hibernate.SQL                        : 
    drop table if exists contacts cascade
2025-11-20T19:45:41.954-03:00 DEBUG 5660 --- [nubank-challenge-server] [restartedMain] org.hibernate.SQL                        : 
    create table clients (
        id bigint generated by default as identity,
        name varchar(255),
        primary key (id)
    )
2025-11-20T19:45:41.964-03:00 DEBUG 5660 --- [nubank-challenge-server] [restartedMain] org.hibernate.SQL                        : 
    create table contacts (
        clients_id bigint,
        id bigint generated by default as identity,
        email varchar(255),
        phone_number varchar(255),
        primary key (id)
    )
2025-11-20T19:45:41.981-03:00 DEBUG 5660 --- [nubank-challenge-server] [restartedMain] org.hibernate.SQL                        : 
    alter table if exists contacts 
       add constraint FKnk1ggjf4353tv92tdfa5ogcfj 
       foreign key (clients_id) 
       references clients
2025-11-20T19:45:41.989-03:00  INFO 5660 --- [nubank-challenge-server] [restartedMain] j.LocalContainerEntityManagerFactoryBean : Initialized JPA EntityManagerFactory for persistence unit 'default'
2025-11-20T19:45:42.095-03:00  INFO 5660 --- [nubank-challenge-server] [restartedMain] o.s.b.d.a.OptionalLiveReloadServer       : LiveReload server is running on port 35729
2025-11-20T19:45:42.097-03:00  INFO 5660 --- [nubank-challenge-server] [restartedMain] o.s.b.a.e.web.EndpointLinksResolver      : Exposing 1 endpoint beneath base path '/actuator'
2025-11-20T19:45:42.109-03:00  INFO 5660 --- [nubank-challenge-server] [restartedMain] o.s.b.w.embedded.tomcat.TomcatWebServer  : Tomcat started on port 8080 (http) with context path '/'
2025-11-20T19:45:42.116-03:00  INFO 5660 --- [nubank-challenge-server] [restartedMain] c.c.n.NubankChallengeServerApplication   : Started NubankChallengeServerApplication in 0.48 seconds (process running for 742.595)
2025-11-20T19:45:42.117-03:00  INFO 5660 --- [nubank-challenge-server] [restartedMain] .ConditionEvaluationDeltaLoggingListener : Condition evaluation unchanged
2025-11-20T19:46:31.252-03:00  INFO 5660 --- [nubank-challenge-server] [File Watcher] rtingClassPathChangeChangedEventListener : Restarting due to 1 class path change (0 additions, 0 deletions, 1 modification)
2025-11-20T19:46:31.254-03:00  INFO 5660 --- [nubank-challenge-server] [Thread-67] o.s.b.w.e.tomcat.GracefulShutdown        : Commencing graceful shutdown. Waiting for active requests to complete
2025-11-20T19:46:31.256-03:00  INFO 5660 --- [nubank-challenge-server] [tomcat-shutdown] o.s.b.w.e.tomcat.GracefulShutdown        : Graceful shutdown complete
2025-11-20T19:46:31.259-03:00  INFO 5660 --- [nubank-challenge-server] [Thread-67] j.LocalContainerEntityManagerFactoryBean : Closing JPA EntityManagerFactory for persistence unit 'default'
2025-11-20T19:46:31.260-03:00  INFO 5660 --- [nubank-challenge-server] [Thread-67] com.zaxxer.hikari.HikariDataSource       : HikariPool-17 - Shutdown initiated...
2025-11-20T19:46:31.261-03:00  INFO 5660 --- [nubank-challenge-server] [Thread-67] com.zaxxer.hikari.HikariDataSource       : HikariPool-17 - Shutdown completed.
2025-11-20T19:46:31.321-03:00  INFO 5660 --- [nubank-challenge-server] [restartedMain] c.c.n.NubankChallengeServerApplication   : Starting NubankChallengeServerApplication using Java 17.0.14 with PID 5660 (/home/cardosofiles/www/java/development/nubank-challenge-server/target/classes started by cardosofiles in /home/cardosofiles/www/java/development/nubank-challenge-server)
2025-11-20T19:46:31.322-03:00  INFO 5660 --- [nubank-challenge-server] [restartedMain] c.c.n.NubankChallengeServerApplication   : The following 1 profile is active: "dev"
2025-11-20T19:46:31.432-03:00  INFO 5660 --- [nubank-challenge-server] [restartedMain] .s.d.r.c.RepositoryConfigurationDelegate : Bootstrapping Spring Data JPA repositories in DEFAULT mode.
2025-11-20T19:46:31.433-03:00  INFO 5660 --- [nubank-challenge-server] [restartedMain] .s.d.r.c.RepositoryConfigurationDelegate : Finished Spring Data repository scanning in 0 ms. Found 0 JPA repository interfaces.
2025-11-20T19:46:31.477-03:00  INFO 5660 --- [nubank-challenge-server] [restartedMain] o.s.b.w.embedded.tomcat.TomcatWebServer  : Tomcat initialized with port 8080 (http)
2025-11-20T19:46:31.477-03:00  INFO 5660 --- [nubank-challenge-server] [restartedMain] o.apache.catalina.core.StandardService   : Starting service [Tomcat]
2025-11-20T19:46:31.477-03:00  INFO 5660 --- [nubank-challenge-server] [restartedMain] o.apache.catalina.core.StandardEngine    : Starting Servlet engine: [Apache Tomcat/10.1.49]
2025-11-20T19:46:31.482-03:00  INFO 5660 --- [nubank-challenge-server] [restartedMain] o.a.c.c.C.[Tomcat].[localhost].[/]       : Initializing Spring embedded WebApplicationContext
2025-11-20T19:46:31.482-03:00  INFO 5660 --- [nubank-challenge-server] [restartedMain] w.s.c.ServletWebServerApplicationContext : Root WebApplicationContext: initialization completed in 159 ms
2025-11-20T19:46:31.525-03:00  INFO 5660 --- [nubank-challenge-server] [restartedMain] o.hibernate.jpa.internal.util.LogHelper  : HHH000204: Processing PersistenceUnitInfo [name: default]
2025-11-20T19:46:31.527-03:00  INFO 5660 --- [nubank-challenge-server] [restartedMain] o.h.c.internal.RegionFactoryInitiator    : HHH000026: Second-level cache disabled
2025-11-20T19:46:31.531-03:00  INFO 5660 --- [nubank-challenge-server] [restartedMain] o.s.o.j.p.SpringPersistenceUnitInfo      : No LoadTimeWeaver setup: ignoring JPA class transformer
2025-11-20T19:46:31.531-03:00  INFO 5660 --- [nubank-challenge-server] [restartedMain] com.zaxxer.hikari.HikariDataSource       : HikariPool-18 - Starting...
2025-11-20T19:46:31.548-03:00  INFO 5660 --- [nubank-challenge-server] [restartedMain] com.zaxxer.hikari.pool.HikariPool        : HikariPool-18 - Added connection org.postgresql.jdbc.PgConnection@74cd7a3d
2025-11-20T19:46:31.549-03:00  INFO 5660 --- [nubank-challenge-server] [restartedMain] com.zaxxer.hikari.HikariDataSource       : HikariPool-18 - Start completed.
2025-11-20T19:46:31.552-03:00  WARN 5660 --- [nubank-challenge-server] [restartedMain] org.hibernate.orm.deprecation            : HHH90000025: PostgreSQLDialect does not need to be specified explicitly using 'hibernate.dialect' (remove the property setting and it will be selected by default)
2025-11-20T19:46:31.555-03:00  INFO 5660 --- [nubank-challenge-server] [restartedMain] org.hibernate.orm.connections.pooling    : HHH10001005: Database info:
	Database JDBC URL [Connecting through datasource 'HikariDataSource (HikariPool-18)']
	Database driver: undefined/unknown
	Database version: 15.15
	Autocommit mode: undefined/unknown
	Isolation level: undefined/unknown
	Minimum pool size: undefined/unknown
	Maximum pool size: undefined/unknown
2025-11-20T19:46:31.580-03:00  INFO 5660 --- [nubank-challenge-server] [restartedMain] o.h.e.t.j.p.i.JtaPlatformInitiator       : HHH000489: No JTA platform available (set 'hibernate.transaction.jta.platform' to enable JTA platform integration)
2025-11-20T19:46:31.581-03:00 DEBUG 5660 --- [nubank-challenge-server] [restartedMain] org.hibernate.SQL                        : 
    set client_min_messages = WARNING
2025-11-20T19:46:31.582-03:00 DEBUG 5660 --- [nubank-challenge-server] [restartedMain] org.hibernate.SQL                        : 
    alter table if exists contacts 
       drop constraint if exists FKnk1ggjf4353tv92tdfa5ogcfj
2025-11-20T19:46:31.587-03:00 DEBUG 5660 --- [nubank-challenge-server] [restartedMain] org.hibernate.SQL                        : 
    drop table if exists clients cascade
2025-11-20T19:46:31.592-03:00 DEBUG 5660 --- [nubank-challenge-server] [restartedMain] org.hibernate.SQL                        : 
    drop table if exists contacts cascade
2025-11-20T19:46:31.598-03:00 DEBUG 5660 --- [nubank-challenge-server] [restartedMain] org.hibernate.SQL                        : 
    create table clients (
        id bigint generated by default as identity,
        name varchar(255),
        primary key (id)
    )
2025-11-20T19:46:31.609-03:00 DEBUG 5660 --- [nubank-challenge-server] [restartedMain] org.hibernate.SQL                        : 
    create table contacts (
        clients_id bigint,
        id bigint generated by default as identity,
        email varchar(255),
        phone_number varchar(255),
        primary key (id)
    )
2025-11-20T19:46:31.623-03:00 DEBUG 5660 --- [nubank-challenge-server] [restartedMain] org.hibernate.SQL                        : 
    alter table if exists contacts 
       add constraint FKnk1ggjf4353tv92tdfa5ogcfj 
       foreign key (clients_id) 
       references clients
2025-11-20T19:46:31.629-03:00  INFO 5660 --- [nubank-challenge-server] [restartedMain] j.LocalContainerEntityManagerFactoryBean : Initialized JPA EntityManagerFactory for persistence unit 'default'
2025-11-20T19:46:31.720-03:00  INFO 5660 --- [nubank-challenge-server] [restartedMain] o.s.b.d.a.OptionalLiveReloadServer       : LiveReload server is running on port 35729
2025-11-20T19:46:31.721-03:00  INFO 5660 --- [nubank-challenge-server] [restartedMain] o.s.b.a.e.web.EndpointLinksResolver      : Exposing 1 endpoint beneath base path '/actuator'
2025-11-20T19:46:31.734-03:00  INFO 5660 --- [nubank-challenge-server] [restartedMain] o.s.b.w.embedded.tomcat.TomcatWebServer  : Tomcat started on port 8080 (http) with context path '/'
2025-11-20T19:46:31.739-03:00  INFO 5660 --- [nubank-challenge-server] [restartedMain] c.c.n.NubankChallengeServerApplication   : Started NubankChallengeServerApplication in 0.43 seconds (process running for 789.497)
2025-11-20T19:46:31.740-03:00  INFO 5660 --- [nubank-challenge-server] [restartedMain] .ConditionEvaluationDeltaLoggingListener : Condition evaluation unchanged
2025-11-20T19:46:59.869-03:00  INFO 5660 --- [nubank-challenge-server] [File Watcher] rtingClassPathChangeChangedEventListener : Restarting due to 1 class path change (0 additions, 0 deletions, 1 modification)
2025-11-20T19:46:59.870-03:00  INFO 5660 --- [nubank-challenge-server] [Thread-71] o.s.b.w.e.tomcat.GracefulShutdown        : Commencing graceful shutdown. Waiting for active requests to complete
2025-11-20T19:46:59.872-03:00  INFO 5660 --- [nubank-challenge-server] [tomcat-shutdown] o.s.b.w.e.tomcat.GracefulShutdown        : Graceful shutdown complete
2025-11-20T19:46:59.874-03:00  INFO 5660 --- [nubank-challenge-server] [Thread-71] j.LocalContainerEntityManagerFactoryBean : Closing JPA EntityManagerFactory for persistence unit 'default'
2025-11-20T19:46:59.875-03:00  INFO 5660 --- [nubank-challenge-server] [Thread-71] com.zaxxer.hikari.HikariDataSource       : HikariPool-18 - Shutdown initiated...
2025-11-20T19:46:59.875-03:00  INFO 5660 --- [nubank-challenge-server] [Thread-71] com.zaxxer.hikari.HikariDataSource       : HikariPool-18 - Shutdown completed.
2025-11-20T19:46:59.955-03:00  INFO 5660 --- [nubank-challenge-server] [restartedMain] c.c.n.NubankChallengeServerApplication   : Starting NubankChallengeServerApplication using Java 17.0.14 with PID 5660 (/home/cardosofiles/www/java/development/nubank-challenge-server/target/classes started by cardosofiles in /home/cardosofiles/www/java/development/nubank-challenge-server)
2025-11-20T19:46:59.956-03:00  INFO 5660 --- [nubank-challenge-server] [restartedMain] c.c.n.NubankChallengeServerApplication   : The following 1 profile is active: "dev"
2025-11-20T19:47:00.067-03:00  INFO 5660 --- [nubank-challenge-server] [restartedMain] .s.d.r.c.RepositoryConfigurationDelegate : Bootstrapping Spring Data JPA repositories in DEFAULT mode.
2025-11-20T19:47:00.068-03:00  INFO 5660 --- [nubank-challenge-server] [restartedMain] .s.d.r.c.RepositoryConfigurationDelegate : Finished Spring Data repository scanning in 0 ms. Found 0 JPA repository interfaces.
2025-11-20T19:47:00.107-03:00  INFO 5660 --- [nubank-challenge-server] [restartedMain] o.s.b.w.embedded.tomcat.TomcatWebServer  : Tomcat initialized with port 8080 (http)
2025-11-20T19:47:00.108-03:00  INFO 5660 --- [nubank-challenge-server] [restartedMain] o.apache.catalina.core.StandardService   : Starting service [Tomcat]
2025-11-20T19:47:00.108-03:00  INFO 5660 --- [nubank-challenge-server] [restartedMain] o.apache.catalina.core.StandardEngine    : Starting Servlet engine: [Apache Tomcat/10.1.49]
2025-11-20T19:47:00.112-03:00  INFO 5660 --- [nubank-challenge-server] [restartedMain] o.a.c.c.C.[Tomcat].[localhost].[/]       : Initializing Spring embedded WebApplicationContext
2025-11-20T19:47:00.112-03:00  INFO 5660 --- [nubank-challenge-server] [restartedMain] w.s.c.ServletWebServerApplicationContext : Root WebApplicationContext: initialization completed in 155 ms
2025-11-20T19:47:00.143-03:00  INFO 5660 --- [nubank-challenge-server] [restartedMain] o.hibernate.jpa.internal.util.LogHelper  : HHH000204: Processing PersistenceUnitInfo [name: default]
2025-11-20T19:47:00.144-03:00  INFO 5660 --- [nubank-challenge-server] [restartedMain] o.h.c.internal.RegionFactoryInitiator    : HHH000026: Second-level cache disabled
2025-11-20T19:47:00.146-03:00  INFO 5660 --- [nubank-challenge-server] [restartedMain] o.s.o.j.p.SpringPersistenceUnitInfo      : No LoadTimeWeaver setup: ignoring JPA class transformer
2025-11-20T19:47:00.147-03:00  INFO 5660 --- [nubank-challenge-server] [restartedMain] com.zaxxer.hikari.HikariDataSource       : HikariPool-19 - Starting...
2025-11-20T19:47:00.162-03:00  INFO 5660 --- [nubank-challenge-server] [restartedMain] com.zaxxer.hikari.pool.HikariPool        : HikariPool-19 - Added connection org.postgresql.jdbc.PgConnection@1f790d17
2025-11-20T19:47:00.163-03:00  INFO 5660 --- [nubank-challenge-server] [restartedMain] com.zaxxer.hikari.HikariDataSource       : HikariPool-19 - Start completed.
2025-11-20T19:47:00.166-03:00  WARN 5660 --- [nubank-challenge-server] [restartedMain] org.hibernate.orm.deprecation            : HHH90000025: PostgreSQLDialect does not need to be specified explicitly using 'hibernate.dialect' (remove the property setting and it will be selected by default)
2025-11-20T19:47:00.167-03:00  INFO 5660 --- [nubank-challenge-server] [restartedMain] org.hibernate.orm.connections.pooling    : HHH10001005: Database info:
	Database JDBC URL [Connecting through datasource 'HikariDataSource (HikariPool-19)']
	Database driver: undefined/unknown
	Database version: 15.15
	Autocommit mode: undefined/unknown
	Isolation level: undefined/unknown
	Minimum pool size: undefined/unknown
	Maximum pool size: undefined/unknown
2025-11-20T19:47:00.190-03:00  INFO 5660 --- [nubank-challenge-server] [restartedMain] o.h.e.t.j.p.i.JtaPlatformInitiator       : HHH000489: No JTA platform available (set 'hibernate.transaction.jta.platform' to enable JTA platform integration)
2025-11-20T19:47:00.190-03:00 DEBUG 5660 --- [nubank-challenge-server] [restartedMain] org.hibernate.SQL                        : 
    set client_min_messages = WARNING
2025-11-20T19:47:00.190-03:00 DEBUG 5660 --- [nubank-challenge-server] [restartedMain] org.hibernate.SQL                        : 
    alter table if exists contacts 
       drop constraint if exists FKnk1ggjf4353tv92tdfa5ogcfj
2025-11-20T19:47:00.195-03:00 DEBUG 5660 --- [nubank-challenge-server] [restartedMain] org.hibernate.SQL                        : 
    drop table if exists clients cascade
2025-11-20T19:47:00.199-03:00 DEBUG 5660 --- [nubank-challenge-server] [restartedMain] org.hibernate.SQL                        : 
    drop table if exists contacts cascade
2025-11-20T19:47:00.205-03:00 DEBUG 5660 --- [nubank-challenge-server] [restartedMain] org.hibernate.SQL                        : 
    create table clients (
        id bigint generated by default as identity,
        name varchar(255),
        primary key (id)
    )
2025-11-20T19:47:00.215-03:00 DEBUG 5660 --- [nubank-challenge-server] [restartedMain] org.hibernate.SQL                        : 
    create table contacts (
        clients_id bigint,
        id bigint generated by default as identity,
        email varchar(255),
        phone_number varchar(255),
        primary key (id)
    )
2025-11-20T19:47:00.231-03:00 DEBUG 5660 --- [nubank-challenge-server] [restartedMain] org.hibernate.SQL                        : 
    alter table if exists contacts 
       add constraint FKnk1ggjf4353tv92tdfa5ogcfj 
       foreign key (clients_id) 
       references clients
2025-11-20T19:47:00.237-03:00  INFO 5660 --- [nubank-challenge-server] [restartedMain] j.LocalContainerEntityManagerFactoryBean : Initialized JPA EntityManagerFactory for persistence unit 'default'
2025-11-20T19:47:00.321-03:00  INFO 5660 --- [nubank-challenge-server] [restartedMain] o.s.b.d.a.OptionalLiveReloadServer       : LiveReload server is running on port 35729
2025-11-20T19:47:00.322-03:00  INFO 5660 --- [nubank-challenge-server] [restartedMain] o.s.b.a.e.web.EndpointLinksResolver      : Exposing 1 endpoint beneath base path '/actuator'
2025-11-20T19:47:00.332-03:00  INFO 5660 --- [nubank-challenge-server] [restartedMain] o.s.b.w.embedded.tomcat.TomcatWebServer  : Tomcat started on port 8080 (http) with context path '/'
2025-11-20T19:47:00.338-03:00  INFO 5660 --- [nubank-challenge-server] [restartedMain] c.c.n.NubankChallengeServerApplication   : Started NubankChallengeServerApplication in 0.395 seconds (process running for 815.373)
2025-11-20T19:47:00.342-03:00  INFO 5660 --- [nubank-challenge-server] [restartedMain] .ConditionEvaluationDeltaLoggingListener : Condition evaluation unchanged
2025-11-20T19:47:43.436-03:00  INFO 5660 --- [nubank-challenge-server] [File Watcher] rtingClassPathChangeChangedEventListener : Restarting due to 1 class path change (0 additions, 0 deletions, 1 modification)
2025-11-20T19:47:43.437-03:00  INFO 5660 --- [nubank-challenge-server] [Thread-75] o.s.b.w.e.tomcat.GracefulShutdown        : Commencing graceful shutdown. Waiting for active requests to complete
2025-11-20T19:47:43.439-03:00  INFO 5660 --- [nubank-challenge-server] [tomcat-shutdown] o.s.b.w.e.tomcat.GracefulShutdown        : Graceful shutdown complete
2025-11-20T19:47:43.441-03:00  INFO 5660 --- [nubank-challenge-server] [Thread-75] j.LocalContainerEntityManagerFactoryBean : Closing JPA EntityManagerFactory for persistence unit 'default'
2025-11-20T19:47:43.441-03:00  INFO 5660 --- [nubank-challenge-server] [Thread-75] com.zaxxer.hikari.HikariDataSource       : HikariPool-19 - Shutdown initiated...
2025-11-20T19:47:43.442-03:00  INFO 5660 --- [nubank-challenge-server] [Thread-75] com.zaxxer.hikari.HikariDataSource       : HikariPool-19 - Shutdown completed.
2025-11-20T19:47:43.545-03:00  INFO 5660 --- [nubank-challenge-server] [restartedMain] c.c.n.NubankChallengeServerApplication   : Starting NubankChallengeServerApplication using Java 17.0.14 with PID 5660 (/home/cardosofiles/www/java/development/nubank-challenge-server/target/classes started by cardosofiles in /home/cardosofiles/www/java/development/nubank-challenge-server)
2025-11-20T19:47:43.546-03:00  INFO 5660 --- [nubank-challenge-server] [restartedMain] c.c.n.NubankChallengeServerApplication   : The following 1 profile is active: "dev"
2025-11-20T19:47:43.656-03:00  INFO 5660 --- [nubank-challenge-server] [restartedMain] .s.d.r.c.RepositoryConfigurationDelegate : Bootstrapping Spring Data JPA repositories in DEFAULT mode.
2025-11-20T19:47:43.657-03:00  INFO 5660 --- [nubank-challenge-server] [restartedMain] .s.d.r.c.RepositoryConfigurationDelegate : Finished Spring Data repository scanning in 0 ms. Found 0 JPA repository interfaces.
2025-11-20T19:47:43.702-03:00  INFO 5660 --- [nubank-challenge-server] [restartedMain] o.s.b.w.embedded.tomcat.TomcatWebServer  : Tomcat initialized with port 8080 (http)
2025-11-20T19:47:43.703-03:00  INFO 5660 --- [nubank-challenge-server] [restartedMain] o.apache.catalina.core.StandardService   : Starting service [Tomcat]
2025-11-20T19:47:43.703-03:00  INFO 5660 --- [nubank-challenge-server] [restartedMain] o.apache.catalina.core.StandardEngine    : Starting Servlet engine: [Apache Tomcat/10.1.49]
2025-11-20T19:47:43.707-03:00  INFO 5660 --- [nubank-challenge-server] [restartedMain] o.a.c.c.C.[Tomcat].[localhost].[/]       : Initializing Spring embedded WebApplicationContext
2025-11-20T19:47:43.707-03:00  INFO 5660 --- [nubank-challenge-server] [restartedMain] w.s.c.ServletWebServerApplicationContext : Root WebApplicationContext: initialization completed in 159 ms
2025-11-20T19:47:43.756-03:00  INFO 5660 --- [nubank-challenge-server] [restartedMain] o.hibernate.jpa.internal.util.LogHelper  : HHH000204: Processing PersistenceUnitInfo [name: default]
2025-11-20T19:47:43.758-03:00  INFO 5660 --- [nubank-challenge-server] [restartedMain] o.h.c.internal.RegionFactoryInitiator    : HHH000026: Second-level cache disabled
2025-11-20T19:47:43.766-03:00  INFO 5660 --- [nubank-challenge-server] [restartedMain] o.s.o.j.p.SpringPersistenceUnitInfo      : No LoadTimeWeaver setup: ignoring JPA class transformer
2025-11-20T19:47:43.767-03:00  INFO 5660 --- [nubank-challenge-server] [restartedMain] com.zaxxer.hikari.HikariDataSource       : HikariPool-20 - Starting...
2025-11-20T19:47:43.785-03:00  INFO 5660 --- [nubank-challenge-server] [restartedMain] com.zaxxer.hikari.pool.HikariPool        : HikariPool-20 - Added connection org.postgresql.jdbc.PgConnection@504b4a5a
2025-11-20T19:47:43.785-03:00  INFO 5660 --- [nubank-challenge-server] [restartedMain] com.zaxxer.hikari.HikariDataSource       : HikariPool-20 - Start completed.
2025-11-20T19:47:43.788-03:00  WARN 5660 --- [nubank-challenge-server] [restartedMain] org.hibernate.orm.deprecation            : HHH90000025: PostgreSQLDialect does not need to be specified explicitly using 'hibernate.dialect' (remove the property setting and it will be selected by default)
2025-11-20T19:47:43.789-03:00  INFO 5660 --- [nubank-challenge-server] [restartedMain] org.hibernate.orm.connections.pooling    : HHH10001005: Database info:
	Database JDBC URL [Connecting through datasource 'HikariDataSource (HikariPool-20)']
	Database driver: undefined/unknown
	Database version: 15.15
	Autocommit mode: undefined/unknown
	Isolation level: undefined/unknown
	Minimum pool size: undefined/unknown
	Maximum pool size: undefined/unknown
2025-11-20T19:47:43.812-03:00  INFO 5660 --- [nubank-challenge-server] [restartedMain] o.h.e.t.j.p.i.JtaPlatformInitiator       : HHH000489: No JTA platform available (set 'hibernate.transaction.jta.platform' to enable JTA platform integration)
2025-11-20T19:47:43.812-03:00 DEBUG 5660 --- [nubank-challenge-server] [restartedMain] org.hibernate.SQL                        : 
    set client_min_messages = WARNING
2025-11-20T19:47:43.812-03:00 DEBUG 5660 --- [nubank-challenge-server] [restartedMain] org.hibernate.SQL                        : 
    alter table if exists contacts 
       drop constraint if exists FKnk1ggjf4353tv92tdfa5ogcfj
2025-11-20T19:47:43.817-03:00 DEBUG 5660 --- [nubank-challenge-server] [restartedMain] org.hibernate.SQL                        : 
    drop table if exists clients cascade
2025-11-20T19:47:43.822-03:00 DEBUG 5660 --- [nubank-challenge-server] [restartedMain] org.hibernate.SQL                        : 
    drop table if exists contacts cascade
2025-11-20T19:47:43.828-03:00 DEBUG 5660 --- [nubank-challenge-server] [restartedMain] org.hibernate.SQL                        : 
    create table clients (
        id bigint generated by default as identity,
        name varchar(255),
        primary key (id)
    )
2025-11-20T19:47:43.839-03:00 DEBUG 5660 --- [nubank-challenge-server] [restartedMain] org.hibernate.SQL                        : 
    create table contacts (
        clients_id bigint,
        id bigint generated by default as identity,
        email varchar(255),
        phone_number varchar(255),
        primary key (id)
    )
2025-11-20T19:47:43.855-03:00 DEBUG 5660 --- [nubank-challenge-server] [restartedMain] org.hibernate.SQL                        : 
    alter table if exists contacts 
       add constraint FKnk1ggjf4353tv92tdfa5ogcfj 
       foreign key (clients_id) 
       references clients
2025-11-20T19:47:43.861-03:00  INFO 5660 --- [nubank-challenge-server] [restartedMain] j.LocalContainerEntityManagerFactoryBean : Initialized JPA EntityManagerFactory for persistence unit 'default'
2025-11-20T19:47:43.959-03:00  INFO 5660 --- [nubank-challenge-server] [restartedMain] o.s.b.d.a.OptionalLiveReloadServer       : LiveReload server is running on port 35729
2025-11-20T19:47:43.960-03:00  INFO 5660 --- [nubank-challenge-server] [restartedMain] o.s.b.a.e.web.EndpointLinksResolver      : Exposing 1 endpoint beneath base path '/actuator'
2025-11-20T19:47:43.971-03:00  INFO 5660 --- [nubank-challenge-server] [restartedMain] o.s.b.w.embedded.tomcat.TomcatWebServer  : Tomcat started on port 8080 (http) with context path '/'
2025-11-20T19:47:43.977-03:00  INFO 5660 --- [nubank-challenge-server] [restartedMain] c.c.n.NubankChallengeServerApplication   : Started NubankChallengeServerApplication in 0.443 seconds (process running for 857.335)
2025-11-20T19:47:43.981-03:00  INFO 5660 --- [nubank-challenge-server] [restartedMain] .ConditionEvaluationDeltaLoggingListener : Condition evaluation unchanged
2025-11-20T19:49:16.846-03:00  INFO 5660 --- [nubank-challenge-server] [File Watcher] rtingClassPathChangeChangedEventListener : Restarting due to 1 class path change (1 addition, 0 deletions, 0 modifications)
2025-11-20T19:49:16.851-03:00  INFO 5660 --- [nubank-challenge-server] [Thread-79] o.s.b.w.e.tomcat.GracefulShutdown        : Commencing graceful shutdown. Waiting for active requests to complete
2025-11-20T19:49:16.857-03:00  INFO 5660 --- [nubank-challenge-server] [tomcat-shutdown] o.s.b.w.e.tomcat.GracefulShutdown        : Graceful shutdown complete
2025-11-20T19:49:16.865-03:00  INFO 5660 --- [nubank-challenge-server] [Thread-79] j.LocalContainerEntityManagerFactoryBean : Closing JPA EntityManagerFactory for persistence unit 'default'
2025-11-20T19:49:16.866-03:00  INFO 5660 --- [nubank-challenge-server] [Thread-79] com.zaxxer.hikari.HikariDataSource       : HikariPool-20 - Shutdown initiated...
2025-11-20T19:49:16.870-03:00  INFO 5660 --- [nubank-challenge-server] [Thread-79] com.zaxxer.hikari.HikariDataSource       : HikariPool-20 - Shutdown completed.
2025-11-20T19:49:16.936-03:00  INFO 5660 --- [nubank-challenge-server] [restartedMain] c.c.n.NubankChallengeServerApplication   : Starting NubankChallengeServerApplication using Java 17.0.14 with PID 5660 (/home/cardosofiles/www/java/development/nubank-challenge-server/target/classes started by cardosofiles in /home/cardosofiles/www/java/development/nubank-challenge-server)
2025-11-20T19:49:16.936-03:00  INFO 5660 --- [nubank-challenge-server] [restartedMain] c.c.n.NubankChallengeServerApplication   : The following 1 profile is active: "dev"
2025-11-20T19:49:17.052-03:00  INFO 5660 --- [nubank-challenge-server] [restartedMain] .s.d.r.c.RepositoryConfigurationDelegate : Bootstrapping Spring Data JPA repositories in DEFAULT mode.
2025-11-20T19:49:17.072-03:00  INFO 5660 --- [nubank-challenge-server] [restartedMain] .s.d.r.c.RepositoryConfigurationDelegate : Finished Spring Data repository scanning in 18 ms. Found 1 JPA repository interface.
2025-11-20T19:49:17.131-03:00  INFO 5660 --- [nubank-challenge-server] [restartedMain] o.s.b.w.embedded.tomcat.TomcatWebServer  : Tomcat initialized with port 8080 (http)
2025-11-20T19:49:17.132-03:00  INFO 5660 --- [nubank-challenge-server] [restartedMain] o.apache.catalina.core.StandardService   : Starting service [Tomcat]
2025-11-20T19:49:17.132-03:00  INFO 5660 --- [nubank-challenge-server] [restartedMain] o.apache.catalina.core.StandardEngine    : Starting Servlet engine: [Apache Tomcat/10.1.49]
2025-11-20T19:49:17.136-03:00  INFO 5660 --- [nubank-challenge-server] [restartedMain] o.a.c.c.C.[Tomcat].[localhost].[/]       : Initializing Spring embedded WebApplicationContext
2025-11-20T19:49:17.137-03:00  INFO 5660 --- [nubank-challenge-server] [restartedMain] w.s.c.ServletWebServerApplicationContext : Root WebApplicationContext: initialization completed in 200 ms
2025-11-20T19:49:17.186-03:00  INFO 5660 --- [nubank-challenge-server] [restartedMain] o.hibernate.jpa.internal.util.LogHelper  : HHH000204: Processing PersistenceUnitInfo [name: default]
2025-11-20T19:49:17.187-03:00  INFO 5660 --- [nubank-challenge-server] [restartedMain] o.h.c.internal.RegionFactoryInitiator    : HHH000026: Second-level cache disabled
2025-11-20T19:49:17.190-03:00  INFO 5660 --- [nubank-challenge-server] [restartedMain] o.s.o.j.p.SpringPersistenceUnitInfo      : No LoadTimeWeaver setup: ignoring JPA class transformer
2025-11-20T19:49:17.191-03:00  INFO 5660 --- [nubank-challenge-server] [restartedMain] com.zaxxer.hikari.HikariDataSource       : HikariPool-21 - Starting...
2025-11-20T19:49:17.219-03:00  INFO 5660 --- [nubank-challenge-server] [restartedMain] com.zaxxer.hikari.pool.HikariPool        : HikariPool-21 - Added connection org.postgresql.jdbc.PgConnection@126477b2
2025-11-20T19:49:17.220-03:00  INFO 5660 --- [nubank-challenge-server] [restartedMain] com.zaxxer.hikari.HikariDataSource       : HikariPool-21 - Start completed.
2025-11-20T19:49:17.223-03:00  WARN 5660 --- [nubank-challenge-server] [restartedMain] org.hibernate.orm.deprecation            : HHH90000025: PostgreSQLDialect does not need to be specified explicitly using 'hibernate.dialect' (remove the property setting and it will be selected by default)
2025-11-20T19:49:17.224-03:00  INFO 5660 --- [nubank-challenge-server] [restartedMain] org.hibernate.orm.connections.pooling    : HHH10001005: Database info:
	Database JDBC URL [Connecting through datasource 'HikariDataSource (HikariPool-21)']
	Database driver: undefined/unknown
	Database version: 15.15
	Autocommit mode: undefined/unknown
	Isolation level: undefined/unknown
	Minimum pool size: undefined/unknown
	Maximum pool size: undefined/unknown
2025-11-20T19:49:17.248-03:00  INFO 5660 --- [nubank-challenge-server] [restartedMain] o.h.e.t.j.p.i.JtaPlatformInitiator       : HHH000489: No JTA platform available (set 'hibernate.transaction.jta.platform' to enable JTA platform integration)
2025-11-20T19:49:17.248-03:00 DEBUG 5660 --- [nubank-challenge-server] [restartedMain] org.hibernate.SQL                        : 
    set client_min_messages = WARNING
2025-11-20T19:49:17.249-03:00 DEBUG 5660 --- [nubank-challenge-server] [restartedMain] org.hibernate.SQL                        : 
    alter table if exists contacts 
       drop constraint if exists FKnk1ggjf4353tv92tdfa5ogcfj
2025-11-20T19:49:17.254-03:00 DEBUG 5660 --- [nubank-challenge-server] [restartedMain] org.hibernate.SQL                        : 
    drop table if exists clients cascade
2025-11-20T19:49:17.259-03:00 DEBUG 5660 --- [nubank-challenge-server] [restartedMain] org.hibernate.SQL                        : 
    drop table if exists contacts cascade
2025-11-20T19:49:17.268-03:00 DEBUG 5660 --- [nubank-challenge-server] [restartedMain] org.hibernate.SQL                        : 
    create table clients (
        id bigint generated by default as identity,
        name varchar(255),
        primary key (id)
    )
2025-11-20T19:49:17.286-03:00 DEBUG 5660 --- [nubank-challenge-server] [restartedMain] org.hibernate.SQL                        : 
    create table contacts (
        clients_id bigint,
        id bigint generated by default as identity,
        email varchar(255),
        phone_number varchar(255),
        primary key (id)
    )
2025-11-20T19:49:17.304-03:00 DEBUG 5660 --- [nubank-challenge-server] [restartedMain] org.hibernate.SQL                        : 
    alter table if exists contacts 
       add constraint FKnk1ggjf4353tv92tdfa5ogcfj 
       foreign key (clients_id) 
       references clients
2025-11-20T19:49:17.311-03:00  INFO 5660 --- [nubank-challenge-server] [restartedMain] j.LocalContainerEntityManagerFactoryBean : Initialized JPA EntityManagerFactory for persistence unit 'default'
2025-11-20T19:49:17.525-03:00  INFO 5660 --- [nubank-challenge-server] [restartedMain] o.s.b.d.a.OptionalLiveReloadServer       : LiveReload server is running on port 35729
2025-11-20T19:49:17.527-03:00  INFO 5660 --- [nubank-challenge-server] [restartedMain] o.s.b.a.e.web.EndpointLinksResolver      : Exposing 1 endpoint beneath base path '/actuator'
2025-11-20T19:49:17.540-03:00  INFO 5660 --- [nubank-challenge-server] [restartedMain] o.s.b.w.embedded.tomcat.TomcatWebServer  : Tomcat started on port 8080 (http) with context path '/'
2025-11-20T19:49:17.550-03:00  INFO 5660 --- [nubank-challenge-server] [restartedMain] c.c.n.NubankChallengeServerApplication   : Started NubankChallengeServerApplication in 0.626 seconds (process running for 946.498)
2025-11-20T19:49:17.552-03:00  INFO 5660 --- [nubank-challenge-server] [restartedMain] .ConditionEvaluationDeltaLoggingListener : Condition evaluation unchanged
2025-11-20T19:49:19.927-03:00  INFO 5660 --- [nubank-challenge-server] [File Watcher] rtingClassPathChangeChangedEventListener : Restarting due to 1 class path change (0 additions, 0 deletions, 1 modification)
2025-11-20T19:49:19.928-03:00  INFO 5660 --- [nubank-challenge-server] [Thread-83] o.s.b.w.e.tomcat.GracefulShutdown        : Commencing graceful shutdown. Waiting for active requests to complete
2025-11-20T19:49:19.930-03:00  INFO 5660 --- [nubank-challenge-server] [tomcat-shutdown] o.s.b.w.e.tomcat.GracefulShutdown        : Graceful shutdown complete
2025-11-20T19:49:19.933-03:00  INFO 5660 --- [nubank-challenge-server] [Thread-83] j.LocalContainerEntityManagerFactoryBean : Closing JPA EntityManagerFactory for persistence unit 'default'
2025-11-20T19:49:19.934-03:00  INFO 5660 --- [nubank-challenge-server] [Thread-83] com.zaxxer.hikari.HikariDataSource       : HikariPool-21 - Shutdown initiated...
2025-11-20T19:49:19.935-03:00  INFO 5660 --- [nubank-challenge-server] [Thread-83] com.zaxxer.hikari.HikariDataSource       : HikariPool-21 - Shutdown completed.
2025-11-20T19:49:20.000-03:00  INFO 5660 --- [nubank-challenge-server] [restartedMain] c.c.n.NubankChallengeServerApplication   : Starting NubankChallengeServerApplication using Java 17.0.14 with PID 5660 (/home/cardosofiles/www/java/development/nubank-challenge-server/target/classes started by cardosofiles in /home/cardosofiles/www/java/development/nubank-challenge-server)
2025-11-20T19:49:20.000-03:00  INFO 5660 --- [nubank-challenge-server] [restartedMain] c.c.n.NubankChallengeServerApplication   : The following 1 profile is active: "dev"
2025-11-20T19:49:20.206-03:00  INFO 5660 --- [nubank-challenge-server] [restartedMain] .s.d.r.c.RepositoryConfigurationDelegate : Bootstrapping Spring Data JPA repositories in DEFAULT mode.
2025-11-20T19:49:20.209-03:00  INFO 5660 --- [nubank-challenge-server] [restartedMain] .s.d.r.c.RepositoryConfigurationDelegate : Finished Spring Data repository scanning in 2 ms. Found 1 JPA repository interface.
2025-11-20T19:49:20.298-03:00  INFO 5660 --- [nubank-challenge-server] [restartedMain] o.s.b.w.embedded.tomcat.TomcatWebServer  : Tomcat initialized with port 8080 (http)
2025-11-20T19:49:20.299-03:00  INFO 5660 --- [nubank-challenge-server] [restartedMain] o.apache.catalina.core.StandardService   : Starting service [Tomcat]
2025-11-20T19:49:20.299-03:00  INFO 5660 --- [nubank-challenge-server] [restartedMain] o.apache.catalina.core.StandardEngine    : Starting Servlet engine: [Apache Tomcat/10.1.49]
2025-11-20T19:49:20.312-03:00  INFO 5660 --- [nubank-challenge-server] [restartedMain] o.a.c.c.C.[Tomcat].[localhost].[/]       : Initializing Spring embedded WebApplicationContext
2025-11-20T19:49:20.312-03:00  INFO 5660 --- [nubank-challenge-server] [restartedMain] w.s.c.ServletWebServerApplicationContext : Root WebApplicationContext: initialization completed in 310 ms
2025-11-20T19:49:20.370-03:00  INFO 5660 --- [nubank-challenge-server] [restartedMain] o.hibernate.jpa.internal.util.LogHelper  : HHH000204: Processing PersistenceUnitInfo [name: default]
2025-11-20T19:49:20.371-03:00  INFO 5660 --- [nubank-challenge-server] [restartedMain] o.h.c.internal.RegionFactoryInitiator    : HHH000026: Second-level cache disabled
2025-11-20T19:49:20.375-03:00  INFO 5660 --- [nubank-challenge-server] [restartedMain] o.s.o.j.p.SpringPersistenceUnitInfo      : No LoadTimeWeaver setup: ignoring JPA class transformer
2025-11-20T19:49:20.381-03:00  INFO 5660 --- [nubank-challenge-server] [restartedMain] com.zaxxer.hikari.HikariDataSource       : HikariPool-22 - Starting...
2025-11-20T19:49:20.397-03:00  INFO 5660 --- [nubank-challenge-server] [restartedMain] com.zaxxer.hikari.pool.HikariPool        : HikariPool-22 - Added connection org.postgresql.jdbc.PgConnection@4ba1b4a6
2025-11-20T19:49:20.398-03:00  INFO 5660 --- [nubank-challenge-server] [restartedMain] com.zaxxer.hikari.HikariDataSource       : HikariPool-22 - Start completed.
2025-11-20T19:49:20.401-03:00  WARN 5660 --- [nubank-challenge-server] [restartedMain] org.hibernate.orm.deprecation            : HHH90000025: PostgreSQLDialect does not need to be specified explicitly using 'hibernate.dialect' (remove the property setting and it will be selected by default)
2025-11-20T19:49:20.404-03:00  INFO 5660 --- [nubank-challenge-server] [restartedMain] org.hibernate.orm.connections.pooling    : HHH10001005: Database info:
	Database JDBC URL [Connecting through datasource 'HikariDataSource (HikariPool-22)']
	Database driver: undefined/unknown
	Database version: 15.15
	Autocommit mode: undefined/unknown
	Isolation level: undefined/unknown
	Minimum pool size: undefined/unknown
	Maximum pool size: undefined/unknown
2025-11-20T19:49:20.444-03:00  INFO 5660 --- [nubank-challenge-server] [restartedMain] o.h.e.t.j.p.i.JtaPlatformInitiator       : HHH000489: No JTA platform available (set 'hibernate.transaction.jta.platform' to enable JTA platform integration)
2025-11-20T19:49:20.444-03:00 DEBUG 5660 --- [nubank-challenge-server] [restartedMain] org.hibernate.SQL                        : 
    set client_min_messages = WARNING
2025-11-20T19:49:20.445-03:00 DEBUG 5660 --- [nubank-challenge-server] [restartedMain] org.hibernate.SQL                        : 
    alter table if exists contacts 
       drop constraint if exists FKnk1ggjf4353tv92tdfa5ogcfj
2025-11-20T19:49:20.449-03:00 DEBUG 5660 --- [nubank-challenge-server] [restartedMain] org.hibernate.SQL                        : 
    drop table if exists clients cascade
2025-11-20T19:49:20.454-03:00 DEBUG 5660 --- [nubank-challenge-server] [restartedMain] org.hibernate.SQL                        : 
    drop table if exists contacts cascade
2025-11-20T19:49:20.459-03:00 DEBUG 5660 --- [nubank-challenge-server] [restartedMain] org.hibernate.SQL                        : 
    create table clients (
        id bigint generated by default as identity,
        name varchar(255),
        primary key (id)
    )
2025-11-20T19:49:20.469-03:00 DEBUG 5660 --- [nubank-challenge-server] [restartedMain] org.hibernate.SQL                        : 
    create table contacts (
        clients_id bigint,
        id bigint generated by default as identity,
        email varchar(255),
        phone_number varchar(255),
        primary key (id)
    )
2025-11-20T19:49:20.484-03:00 DEBUG 5660 --- [nubank-challenge-server] [restartedMain] org.hibernate.SQL                        : 
    alter table if exists contacts 
       add constraint FKnk1ggjf4353tv92tdfa5ogcfj 
       foreign key (clients_id) 
       references clients
2025-11-20T19:49:20.488-03:00  INFO 5660 --- [nubank-challenge-server] [restartedMain] j.LocalContainerEntityManagerFactoryBean : Initialized JPA EntityManagerFactory for persistence unit 'default'
2025-11-20T19:49:20.586-03:00  INFO 5660 --- [nubank-challenge-server] [restartedMain] o.s.b.d.a.OptionalLiveReloadServer       : LiveReload server is running on port 35729
2025-11-20T19:49:20.587-03:00  INFO 5660 --- [nubank-challenge-server] [restartedMain] o.s.b.a.e.web.EndpointLinksResolver      : Exposing 1 endpoint beneath base path '/actuator'
2025-11-20T19:49:20.601-03:00  INFO 5660 --- [nubank-challenge-server] [restartedMain] o.s.b.w.embedded.tomcat.TomcatWebServer  : Tomcat started on port 8080 (http) with context path '/'
2025-11-20T19:49:20.607-03:00  INFO 5660 --- [nubank-challenge-server] [restartedMain] c.c.n.NubankChallengeServerApplication   : Started NubankChallengeServerApplication in 0.618 seconds (process running for 949.555)
2025-11-20T19:49:20.609-03:00  INFO 5660 --- [nubank-challenge-server] [restartedMain] .ConditionEvaluationDeltaLoggingListener : Condition evaluation unchanged
2025-11-20T19:49:31.995-03:00  INFO 5660 --- [nubank-challenge-server] [File Watcher] rtingClassPathChangeChangedEventListener : Restarting due to 2 class path changes (1 addition, 1 deletion, 0 modifications)
2025-11-20T19:49:31.997-03:00  INFO 5660 --- [nubank-challenge-server] [Thread-87] o.s.b.w.e.tomcat.GracefulShutdown        : Commencing graceful shutdown. Waiting for active requests to complete
2025-11-20T19:49:31.998-03:00  INFO 5660 --- [nubank-challenge-server] [tomcat-shutdown] o.s.b.w.e.tomcat.GracefulShutdown        : Graceful shutdown complete
2025-11-20T19:49:31.999-03:00  INFO 5660 --- [nubank-challenge-server] [Thread-87] j.LocalContainerEntityManagerFactoryBean : Closing JPA EntityManagerFactory for persistence unit 'default'
2025-11-20T19:49:32.000-03:00  INFO 5660 --- [nubank-challenge-server] [Thread-87] com.zaxxer.hikari.HikariDataSource       : HikariPool-22 - Shutdown initiated...
2025-11-20T19:49:32.001-03:00  INFO 5660 --- [nubank-challenge-server] [Thread-87] com.zaxxer.hikari.HikariDataSource       : HikariPool-22 - Shutdown completed.
2025-11-20T19:49:32.061-03:00  INFO 5660 --- [nubank-challenge-server] [restartedMain] c.c.n.NubankChallengeServerApplication   : Starting NubankChallengeServerApplication using Java 17.0.14 with PID 5660 (/home/cardosofiles/www/java/development/nubank-challenge-server/target/classes started by cardosofiles in /home/cardosofiles/www/java/development/nubank-challenge-server)
2025-11-20T19:49:32.061-03:00  INFO 5660 --- [nubank-challenge-server] [restartedMain] c.c.n.NubankChallengeServerApplication   : The following 1 profile is active: "dev"
2025-11-20T19:49:32.150-03:00  INFO 5660 --- [nubank-challenge-server] [restartedMain] .s.d.r.c.RepositoryConfigurationDelegate : Bootstrapping Spring Data JPA repositories in DEFAULT mode.
2025-11-20T19:49:32.152-03:00  INFO 5660 --- [nubank-challenge-server] [restartedMain] .s.d.r.c.RepositoryConfigurationDelegate : Finished Spring Data repository scanning in 2 ms. Found 1 JPA repository interface.
2025-11-20T19:49:32.188-03:00  INFO 5660 --- [nubank-challenge-server] [restartedMain] o.s.b.w.embedded.tomcat.TomcatWebServer  : Tomcat initialized with port 8080 (http)
2025-11-20T19:49:32.188-03:00  INFO 5660 --- [nubank-challenge-server] [restartedMain] o.apache.catalina.core.StandardService   : Starting service [Tomcat]
2025-11-20T19:49:32.188-03:00  INFO 5660 --- [nubank-challenge-server] [restartedMain] o.apache.catalina.core.StandardEngine    : Starting Servlet engine: [Apache Tomcat/10.1.49]
2025-11-20T19:49:32.193-03:00  INFO 5660 --- [nubank-challenge-server] [restartedMain] o.a.c.c.C.[Tomcat].[localhost].[/]       : Initializing Spring embedded WebApplicationContext
2025-11-20T19:49:32.193-03:00  INFO 5660 --- [nubank-challenge-server] [restartedMain] w.s.c.ServletWebServerApplicationContext : Root WebApplicationContext: initialization completed in 131 ms
2025-11-20T19:49:32.228-03:00  INFO 5660 --- [nubank-challenge-server] [restartedMain] o.hibernate.jpa.internal.util.LogHelper  : HHH000204: Processing PersistenceUnitInfo [name: default]
2025-11-20T19:49:32.229-03:00  INFO 5660 --- [nubank-challenge-server] [restartedMain] o.h.c.internal.RegionFactoryInitiator    : HHH000026: Second-level cache disabled
2025-11-20T19:49:32.231-03:00  INFO 5660 --- [nubank-challenge-server] [restartedMain] o.s.o.j.p.SpringPersistenceUnitInfo      : No LoadTimeWeaver setup: ignoring JPA class transformer
2025-11-20T19:49:32.231-03:00  INFO 5660 --- [nubank-challenge-server] [restartedMain] com.zaxxer.hikari.HikariDataSource       : HikariPool-23 - Starting...
2025-11-20T19:49:32.245-03:00  INFO 5660 --- [nubank-challenge-server] [restartedMain] com.zaxxer.hikari.pool.HikariPool        : HikariPool-23 - Added connection org.postgresql.jdbc.PgConnection@55f473e1
2025-11-20T19:49:32.245-03:00  INFO 5660 --- [nubank-challenge-server] [restartedMain] com.zaxxer.hikari.HikariDataSource       : HikariPool-23 - Start completed.
2025-11-20T19:49:32.247-03:00  WARN 5660 --- [nubank-challenge-server] [restartedMain] org.hibernate.orm.deprecation            : HHH90000025: PostgreSQLDialect does not need to be specified explicitly using 'hibernate.dialect' (remove the property setting and it will be selected by default)
2025-11-20T19:49:32.248-03:00  INFO 5660 --- [nubank-challenge-server] [restartedMain] org.hibernate.orm.connections.pooling    : HHH10001005: Database info:
	Database JDBC URL [Connecting through datasource 'HikariDataSource (HikariPool-23)']
	Database driver: undefined/unknown
	Database version: 15.15
	Autocommit mode: undefined/unknown
	Isolation level: undefined/unknown
	Minimum pool size: undefined/unknown
	Maximum pool size: undefined/unknown
2025-11-20T19:49:32.265-03:00  INFO 5660 --- [nubank-challenge-server] [restartedMain] o.h.e.t.j.p.i.JtaPlatformInitiator       : HHH000489: No JTA platform available (set 'hibernate.transaction.jta.platform' to enable JTA platform integration)
2025-11-20T19:49:32.265-03:00 DEBUG 5660 --- [nubank-challenge-server] [restartedMain] org.hibernate.SQL                        : 
    set client_min_messages = WARNING
2025-11-20T19:49:32.265-03:00 DEBUG 5660 --- [nubank-challenge-server] [restartedMain] org.hibernate.SQL                        : 
    alter table if exists contacts 
       drop constraint if exists FKnk1ggjf4353tv92tdfa5ogcfj
2025-11-20T19:49:32.270-03:00 DEBUG 5660 --- [nubank-challenge-server] [restartedMain] org.hibernate.SQL                        : 
    drop table if exists clients cascade
2025-11-20T19:49:32.274-03:00 DEBUG 5660 --- [nubank-challenge-server] [restartedMain] org.hibernate.SQL                        : 
    drop table if exists contacts cascade
2025-11-20T19:49:32.279-03:00 DEBUG 5660 --- [nubank-challenge-server] [restartedMain] org.hibernate.SQL                        : 
    create table clients (
        id bigint generated by default as identity,
        name varchar(255),
        primary key (id)
    )
2025-11-20T19:49:32.289-03:00 DEBUG 5660 --- [nubank-challenge-server] [restartedMain] org.hibernate.SQL                        : 
    create table contacts (
        clients_id bigint,
        id bigint generated by default as identity,
        email varchar(255),
        phone_number varchar(255),
        primary key (id)
    )
2025-11-20T19:49:32.304-03:00 DEBUG 5660 --- [nubank-challenge-server] [restartedMain] org.hibernate.SQL                        : 
    alter table if exists contacts 
       add constraint FKnk1ggjf4353tv92tdfa5ogcfj 
       foreign key (clients_id) 
       references clients
2025-11-20T19:49:32.310-03:00  INFO 5660 --- [nubank-challenge-server] [restartedMain] j.LocalContainerEntityManagerFactoryBean : Initialized JPA EntityManagerFactory for persistence unit 'default'
2025-11-20T19:49:32.399-03:00  INFO 5660 --- [nubank-challenge-server] [restartedMain] o.s.b.d.a.OptionalLiveReloadServer       : LiveReload server is running on port 35729
2025-11-20T19:49:32.401-03:00  INFO 5660 --- [nubank-challenge-server] [restartedMain] o.s.b.a.e.web.EndpointLinksResolver      : Exposing 1 endpoint beneath base path '/actuator'
2025-11-20T19:49:32.412-03:00  INFO 5660 --- [nubank-challenge-server] [restartedMain] o.s.b.w.embedded.tomcat.TomcatWebServer  : Tomcat started on port 8080 (http) with context path '/'
2025-11-20T19:49:32.418-03:00  INFO 5660 --- [nubank-challenge-server] [restartedMain] c.c.n.NubankChallengeServerApplication   : Started NubankChallengeServerApplication in 0.366 seconds (process running for 961.366)
2025-11-20T19:49:32.421-03:00  INFO 5660 --- [nubank-challenge-server] [restartedMain] .ConditionEvaluationDeltaLoggingListener : Condition evaluation unchanged
2025-11-20T19:50:03.544-03:00  INFO 5660 --- [nubank-challenge-server] [File Watcher] rtingClassPathChangeChangedEventListener : Restarting due to 1 class path change (1 addition, 0 deletions, 0 modifications)
2025-11-20T19:50:03.547-03:00  INFO 5660 --- [nubank-challenge-server] [Thread-91] o.s.b.w.e.tomcat.GracefulShutdown        : Commencing graceful shutdown. Waiting for active requests to complete
2025-11-20T19:50:03.549-03:00  INFO 5660 --- [nubank-challenge-server] [tomcat-shutdown] o.s.b.w.e.tomcat.GracefulShutdown        : Graceful shutdown complete
2025-11-20T19:50:03.553-03:00  INFO 5660 --- [nubank-challenge-server] [Thread-91] j.LocalContainerEntityManagerFactoryBean : Closing JPA EntityManagerFactory for persistence unit 'default'
2025-11-20T19:50:03.555-03:00  INFO 5660 --- [nubank-challenge-server] [Thread-91] com.zaxxer.hikari.HikariDataSource       : HikariPool-23 - Shutdown initiated...
2025-11-20T19:50:03.557-03:00  INFO 5660 --- [nubank-challenge-server] [Thread-91] com.zaxxer.hikari.HikariDataSource       : HikariPool-23 - Shutdown completed.
2025-11-20T19:50:03.643-03:00  INFO 5660 --- [nubank-challenge-server] [restartedMain] c.c.n.NubankChallengeServerApplication   : Starting NubankChallengeServerApplication using Java 17.0.14 with PID 5660 (/home/cardosofiles/www/java/development/nubank-challenge-server/target/classes started by cardosofiles in /home/cardosofiles/www/java/development/nubank-challenge-server)
2025-11-20T19:50:03.643-03:00  INFO 5660 --- [nubank-challenge-server] [restartedMain] c.c.n.NubankChallengeServerApplication   : The following 1 profile is active: "dev"
2025-11-20T19:50:03.752-03:00  INFO 5660 --- [nubank-challenge-server] [restartedMain] .s.d.r.c.RepositoryConfigurationDelegate : Bootstrapping Spring Data JPA repositories in DEFAULT mode.
2025-11-20T19:50:03.756-03:00  INFO 5660 --- [nubank-challenge-server] [restartedMain] .s.d.r.c.RepositoryConfigurationDelegate : Finished Spring Data repository scanning in 3 ms. Found 2 JPA repository interfaces.
2025-11-20T19:50:03.804-03:00  INFO 5660 --- [nubank-challenge-server] [restartedMain] o.s.b.w.embedded.tomcat.TomcatWebServer  : Tomcat initialized with port 8080 (http)
2025-11-20T19:50:03.805-03:00  INFO 5660 --- [nubank-challenge-server] [restartedMain] o.apache.catalina.core.StandardService   : Starting service [Tomcat]
2025-11-20T19:50:03.805-03:00  INFO 5660 --- [nubank-challenge-server] [restartedMain] o.apache.catalina.core.StandardEngine    : Starting Servlet engine: [Apache Tomcat/10.1.49]
2025-11-20T19:50:03.811-03:00  INFO 5660 --- [nubank-challenge-server] [restartedMain] o.a.c.c.C.[Tomcat].[localhost].[/]       : Initializing Spring embedded WebApplicationContext
2025-11-20T19:50:03.812-03:00  INFO 5660 --- [nubank-challenge-server] [restartedMain] w.s.c.ServletWebServerApplicationContext : Root WebApplicationContext: initialization completed in 167 ms
2025-11-20T19:50:03.851-03:00  INFO 5660 --- [nubank-challenge-server] [restartedMain] o.hibernate.jpa.internal.util.LogHelper  : HHH000204: Processing PersistenceUnitInfo [name: default]
2025-11-20T19:50:03.852-03:00  INFO 5660 --- [nubank-challenge-server] [restartedMain] o.h.c.internal.RegionFactoryInitiator    : HHH000026: Second-level cache disabled
2025-11-20T19:50:03.854-03:00  INFO 5660 --- [nubank-challenge-server] [restartedMain] o.s.o.j.p.SpringPersistenceUnitInfo      : No LoadTimeWeaver setup: ignoring JPA class transformer
2025-11-20T19:50:03.855-03:00  INFO 5660 --- [nubank-challenge-server] [restartedMain] com.zaxxer.hikari.HikariDataSource       : HikariPool-24 - Starting...
2025-11-20T19:50:03.870-03:00  INFO 5660 --- [nubank-challenge-server] [restartedMain] com.zaxxer.hikari.pool.HikariPool        : HikariPool-24 - Added connection org.postgresql.jdbc.PgConnection@ab34e77
2025-11-20T19:50:03.871-03:00  INFO 5660 --- [nubank-challenge-server] [restartedMain] com.zaxxer.hikari.HikariDataSource       : HikariPool-24 - Start completed.
2025-11-20T19:50:03.873-03:00  WARN 5660 --- [nubank-challenge-server] [restartedMain] org.hibernate.orm.deprecation            : HHH90000025: PostgreSQLDialect does not need to be specified explicitly using 'hibernate.dialect' (remove the property setting and it will be selected by default)
2025-11-20T19:50:03.875-03:00  INFO 5660 --- [nubank-challenge-server] [restartedMain] org.hibernate.orm.connections.pooling    : HHH10001005: Database info:
	Database JDBC URL [Connecting through datasource 'HikariDataSource (HikariPool-24)']
	Database driver: undefined/unknown
	Database version: 15.15
	Autocommit mode: undefined/unknown
	Isolation level: undefined/unknown
	Minimum pool size: undefined/unknown
	Maximum pool size: undefined/unknown
2025-11-20T19:50:03.901-03:00  INFO 5660 --- [nubank-challenge-server] [restartedMain] o.h.e.t.j.p.i.JtaPlatformInitiator       : HHH000489: No JTA platform available (set 'hibernate.transaction.jta.platform' to enable JTA platform integration)
2025-11-20T19:50:03.901-03:00 DEBUG 5660 --- [nubank-challenge-server] [restartedMain] org.hibernate.SQL                        : 
    set client_min_messages = WARNING
2025-11-20T19:50:03.902-03:00 DEBUG 5660 --- [nubank-challenge-server] [restartedMain] org.hibernate.SQL                        : 
    alter table if exists contacts 
       drop constraint if exists FKnk1ggjf4353tv92tdfa5ogcfj
2025-11-20T19:50:03.909-03:00 DEBUG 5660 --- [nubank-challenge-server] [restartedMain] org.hibernate.SQL                        : 
    drop table if exists clients cascade
2025-11-20T19:50:03.915-03:00 DEBUG 5660 --- [nubank-challenge-server] [restartedMain] org.hibernate.SQL                        : 
    drop table if exists contacts cascade
2025-11-20T19:50:03.921-03:00 DEBUG 5660 --- [nubank-challenge-server] [restartedMain] org.hibernate.SQL                        : 
    create table clients (
        id bigint generated by default as identity,
        name varchar(255),
        primary key (id)
    )
2025-11-20T19:50:03.936-03:00 DEBUG 5660 --- [nubank-challenge-server] [restartedMain] org.hibernate.SQL                        : 
    create table contacts (
        clients_id bigint,
        id bigint generated by default as identity,
        email varchar(255),
        phone_number varchar(255),
        primary key (id)
    )
2025-11-20T19:50:03.962-03:00 DEBUG 5660 --- [nubank-challenge-server] [restartedMain] org.hibernate.SQL                        : 
    alter table if exists contacts 
       add constraint FKnk1ggjf4353tv92tdfa5ogcfj 
       foreign key (clients_id) 
       references clients
2025-11-20T19:50:03.968-03:00  INFO 5660 --- [nubank-challenge-server] [restartedMain] j.LocalContainerEntityManagerFactoryBean : Initialized JPA EntityManagerFactory for persistence unit 'default'
2025-11-20T19:50:04.093-03:00  INFO 5660 --- [nubank-challenge-server] [restartedMain] o.s.b.d.a.OptionalLiveReloadServer       : LiveReload server is running on port 35729
2025-11-20T19:50:04.095-03:00  INFO 5660 --- [nubank-challenge-server] [restartedMain] o.s.b.a.e.web.EndpointLinksResolver      : Exposing 1 endpoint beneath base path '/actuator'
2025-11-20T19:50:04.106-03:00  INFO 5660 --- [nubank-challenge-server] [restartedMain] o.s.b.w.embedded.tomcat.TomcatWebServer  : Tomcat started on port 8080 (http) with context path '/'
2025-11-20T19:50:04.112-03:00  INFO 5660 --- [nubank-challenge-server] [restartedMain] c.c.n.NubankChallengeServerApplication   : Started NubankChallengeServerApplication in 0.482 seconds (process running for 990.342)
2025-11-20T19:50:04.113-03:00  INFO 5660 --- [nubank-challenge-server] [restartedMain] .ConditionEvaluationDeltaLoggingListener : Condition evaluation unchanged
2025-11-20T19:50:08.497-03:00  INFO 5660 --- [nubank-challenge-server] [File Watcher] rtingClassPathChangeChangedEventListener : Restarting due to 1 class path change (0 additions, 0 deletions, 1 modification)
2025-11-20T19:50:08.499-03:00  INFO 5660 --- [nubank-challenge-server] [Thread-95] o.s.b.w.e.tomcat.GracefulShutdown        : Commencing graceful shutdown. Waiting for active requests to complete
2025-11-20T19:50:08.500-03:00  INFO 5660 --- [nubank-challenge-server] [tomcat-shutdown] o.s.b.w.e.tomcat.GracefulShutdown        : Graceful shutdown complete
2025-11-20T19:50:08.501-03:00  INFO 5660 --- [nubank-challenge-server] [Thread-95] j.LocalContainerEntityManagerFactoryBean : Closing JPA EntityManagerFactory for persistence unit 'default'
2025-11-20T19:50:08.502-03:00  INFO 5660 --- [nubank-challenge-server] [Thread-95] com.zaxxer.hikari.HikariDataSource       : HikariPool-24 - Shutdown initiated...
2025-11-20T19:50:08.503-03:00  INFO 5660 --- [nubank-challenge-server] [Thread-95] com.zaxxer.hikari.HikariDataSource       : HikariPool-24 - Shutdown completed.
2025-11-20T19:50:08.553-03:00  INFO 5660 --- [nubank-challenge-server] [restartedMain] c.c.n.NubankChallengeServerApplication   : Starting NubankChallengeServerApplication using Java 17.0.14 with PID 5660 (/home/cardosofiles/www/java/development/nubank-challenge-server/target/classes started by cardosofiles in /home/cardosofiles/www/java/development/nubank-challenge-server)
2025-11-20T19:50:08.553-03:00  INFO 5660 --- [nubank-challenge-server] [restartedMain] c.c.n.NubankChallengeServerApplication   : The following 1 profile is active: "dev"
2025-11-20T19:50:08.646-03:00  INFO 5660 --- [nubank-challenge-server] [restartedMain] .s.d.r.c.RepositoryConfigurationDelegate : Bootstrapping Spring Data JPA repositories in DEFAULT mode.
2025-11-20T19:50:08.649-03:00  INFO 5660 --- [nubank-challenge-server] [restartedMain] .s.d.r.c.RepositoryConfigurationDelegate : Finished Spring Data repository scanning in 3 ms. Found 2 JPA repository interfaces.
2025-11-20T19:50:08.688-03:00  INFO 5660 --- [nubank-challenge-server] [restartedMain] o.s.b.w.embedded.tomcat.TomcatWebServer  : Tomcat initialized with port 8080 (http)
2025-11-20T19:50:08.688-03:00  INFO 5660 --- [nubank-challenge-server] [restartedMain] o.apache.catalina.core.StandardService   : Starting service [Tomcat]
2025-11-20T19:50:08.689-03:00  INFO 5660 --- [nubank-challenge-server] [restartedMain] o.apache.catalina.core.StandardEngine    : Starting Servlet engine: [Apache Tomcat/10.1.49]
2025-11-20T19:50:08.692-03:00  INFO 5660 --- [nubank-challenge-server] [restartedMain] o.a.c.c.C.[Tomcat].[localhost].[/]       : Initializing Spring embedded WebApplicationContext
2025-11-20T19:50:08.692-03:00  INFO 5660 --- [nubank-challenge-server] [restartedMain] w.s.c.ServletWebServerApplicationContext : Root WebApplicationContext: initialization completed in 138 ms
2025-11-20T19:50:08.728-03:00  INFO 5660 --- [nubank-challenge-server] [restartedMain] o.hibernate.jpa.internal.util.LogHelper  : HHH000204: Processing PersistenceUnitInfo [name: default]
2025-11-20T19:50:08.729-03:00  INFO 5660 --- [nubank-challenge-server] [restartedMain] o.h.c.internal.RegionFactoryInitiator    : HHH000026: Second-level cache disabled
2025-11-20T19:50:08.732-03:00  INFO 5660 --- [nubank-challenge-server] [restartedMain] o.s.o.j.p.SpringPersistenceUnitInfo      : No LoadTimeWeaver setup: ignoring JPA class transformer
2025-11-20T19:50:08.733-03:00  INFO 5660 --- [nubank-challenge-server] [restartedMain] com.zaxxer.hikari.HikariDataSource       : HikariPool-25 - Starting...
2025-11-20T19:50:08.747-03:00  INFO 5660 --- [nubank-challenge-server] [restartedMain] com.zaxxer.hikari.pool.HikariPool        : HikariPool-25 - Added connection org.postgresql.jdbc.PgConnection@23606771
2025-11-20T19:50:08.747-03:00  INFO 5660 --- [nubank-challenge-server] [restartedMain] com.zaxxer.hikari.HikariDataSource       : HikariPool-25 - Start completed.
2025-11-20T19:50:08.749-03:00  WARN 5660 --- [nubank-challenge-server] [restartedMain] org.hibernate.orm.deprecation            : HHH90000025: PostgreSQLDialect does not need to be specified explicitly using 'hibernate.dialect' (remove the property setting and it will be selected by default)
2025-11-20T19:50:08.750-03:00  INFO 5660 --- [nubank-challenge-server] [restartedMain] org.hibernate.orm.connections.pooling    : HHH10001005: Database info:
	Database JDBC URL [Connecting through datasource 'HikariDataSource (HikariPool-25)']
	Database driver: undefined/unknown
	Database version: 15.15
	Autocommit mode: undefined/unknown
	Isolation level: undefined/unknown
	Minimum pool size: undefined/unknown
	Maximum pool size: undefined/unknown
2025-11-20T19:50:08.766-03:00  INFO 5660 --- [nubank-challenge-server] [restartedMain] o.h.e.t.j.p.i.JtaPlatformInitiator       : HHH000489: No JTA platform available (set 'hibernate.transaction.jta.platform' to enable JTA platform integration)
2025-11-20T19:50:08.767-03:00 DEBUG 5660 --- [nubank-challenge-server] [restartedMain] org.hibernate.SQL                        : 
    set client_min_messages = WARNING
2025-11-20T19:50:08.767-03:00 DEBUG 5660 --- [nubank-challenge-server] [restartedMain] org.hibernate.SQL                        : 
    alter table if exists contacts 
       drop constraint if exists FKnk1ggjf4353tv92tdfa5ogcfj
2025-11-20T19:50:08.772-03:00 DEBUG 5660 --- [nubank-challenge-server] [restartedMain] org.hibernate.SQL                        : 
    drop table if exists clients cascade
2025-11-20T19:50:08.776-03:00 DEBUG 5660 --- [nubank-challenge-server] [restartedMain] org.hibernate.SQL                        : 
    drop table if exists contacts cascade
2025-11-20T19:50:08.781-03:00 DEBUG 5660 --- [nubank-challenge-server] [restartedMain] org.hibernate.SQL                        : 
    create table clients (
        id bigint generated by default as identity,
        name varchar(255),
        primary key (id)
    )
2025-11-20T19:50:08.791-03:00 DEBUG 5660 --- [nubank-challenge-server] [restartedMain] org.hibernate.SQL                        : 
    create table contacts (
        clients_id bigint,
        id bigint generated by default as identity,
        email varchar(255),
        phone_number varchar(255),
        primary key (id)
    )
2025-11-20T19:50:08.814-03:00 DEBUG 5660 --- [nubank-challenge-server] [restartedMain] org.hibernate.SQL                        : 
    alter table if exists contacts 
       add constraint FKnk1ggjf4353tv92tdfa5ogcfj 
       foreign key (clients_id) 
       references clients
2025-11-20T19:50:08.818-03:00  INFO 5660 --- [nubank-challenge-server] [restartedMain] j.LocalContainerEntityManagerFactoryBean : Initialized JPA EntityManagerFactory for persistence unit 'default'
2025-11-20T19:50:08.948-03:00  INFO 5660 --- [nubank-challenge-server] [restartedMain] o.s.b.d.a.OptionalLiveReloadServer       : LiveReload server is running on port 35729
2025-11-20T19:50:08.949-03:00  INFO 5660 --- [nubank-challenge-server] [restartedMain] o.s.b.a.e.web.EndpointLinksResolver      : Exposing 1 endpoint beneath base path '/actuator'
2025-11-20T19:50:08.961-03:00  INFO 5660 --- [nubank-challenge-server] [restartedMain] o.s.b.w.embedded.tomcat.TomcatWebServer  : Tomcat started on port 8080 (http) with context path '/'
2025-11-20T19:50:08.966-03:00  INFO 5660 --- [nubank-challenge-server] [restartedMain] c.c.n.NubankChallengeServerApplication   : Started NubankChallengeServerApplication in 0.421 seconds (process running for 995.196)
2025-11-20T19:50:08.967-03:00  INFO 5660 --- [nubank-challenge-server] [restartedMain] .ConditionEvaluationDeltaLoggingListener : Condition evaluation unchanged
2025-11-20T19:50:19.266-03:00  INFO 5660 --- [nubank-challenge-server] [File Watcher] rtingClassPathChangeChangedEventListener : Restarting due to 1 class path change (0 additions, 0 deletions, 1 modification)
2025-11-20T19:50:19.269-03:00  INFO 5660 --- [nubank-challenge-server] [Thread-99] o.s.b.w.e.tomcat.GracefulShutdown        : Commencing graceful shutdown. Waiting for active requests to complete
2025-11-20T19:50:19.272-03:00  INFO 5660 --- [nubank-challenge-server] [tomcat-shutdown] o.s.b.w.e.tomcat.GracefulShutdown        : Graceful shutdown complete
2025-11-20T19:50:19.276-03:00  INFO 5660 --- [nubank-challenge-server] [Thread-99] j.LocalContainerEntityManagerFactoryBean : Closing JPA EntityManagerFactory for persistence unit 'default'
2025-11-20T19:50:19.277-03:00  INFO 5660 --- [nubank-challenge-server] [Thread-99] com.zaxxer.hikari.HikariDataSource       : HikariPool-25 - Shutdown initiated...
2025-11-20T19:50:19.279-03:00  INFO 5660 --- [nubank-challenge-server] [Thread-99] com.zaxxer.hikari.HikariDataSource       : HikariPool-25 - Shutdown completed.
2025-11-20T19:50:19.357-03:00  INFO 5660 --- [nubank-challenge-server] [restartedMain] c.c.n.NubankChallengeServerApplication   : Starting NubankChallengeServerApplication using Java 17.0.14 with PID 5660 (/home/cardosofiles/www/java/development/nubank-challenge-server/target/classes started by cardosofiles in /home/cardosofiles/www/java/development/nubank-challenge-server)
2025-11-20T19:50:19.357-03:00  INFO 5660 --- [nubank-challenge-server] [restartedMain] c.c.n.NubankChallengeServerApplication   : The following 1 profile is active: "dev"
2025-11-20T19:50:19.462-03:00  INFO 5660 --- [nubank-challenge-server] [restartedMain] .s.d.r.c.RepositoryConfigurationDelegate : Bootstrapping Spring Data JPA repositories in DEFAULT mode.
2025-11-20T19:50:19.466-03:00  INFO 5660 --- [nubank-challenge-server] [restartedMain] .s.d.r.c.RepositoryConfigurationDelegate : Finished Spring Data repository scanning in 2 ms. Found 2 JPA repository interfaces.
2025-11-20T19:50:19.514-03:00  INFO 5660 --- [nubank-challenge-server] [restartedMain] o.s.b.w.embedded.tomcat.TomcatWebServer  : Tomcat initialized with port 8080 (http)
2025-11-20T19:50:19.515-03:00  INFO 5660 --- [nubank-challenge-server] [restartedMain] o.apache.catalina.core.StandardService   : Starting service [Tomcat]
2025-11-20T19:50:19.515-03:00  INFO 5660 --- [nubank-challenge-server] [restartedMain] o.apache.catalina.core.StandardEngine    : Starting Servlet engine: [Apache Tomcat/10.1.49]
2025-11-20T19:50:19.523-03:00  INFO 5660 --- [nubank-challenge-server] [restartedMain] o.a.c.c.C.[Tomcat].[localhost].[/]       : Initializing Spring embedded WebApplicationContext
2025-11-20T19:50:19.523-03:00  INFO 5660 --- [nubank-challenge-server] [restartedMain] w.s.c.ServletWebServerApplicationContext : Root WebApplicationContext: initialization completed in 165 ms
2025-11-20T19:50:19.559-03:00  INFO 5660 --- [nubank-challenge-server] [restartedMain] o.hibernate.jpa.internal.util.LogHelper  : HHH000204: Processing PersistenceUnitInfo [name: default]
2025-11-20T19:50:19.560-03:00  INFO 5660 --- [nubank-challenge-server] [restartedMain] o.h.c.internal.RegionFactoryInitiator    : HHH000026: Second-level cache disabled
2025-11-20T19:50:19.563-03:00  INFO 5660 --- [nubank-challenge-server] [restartedMain] o.s.o.j.p.SpringPersistenceUnitInfo      : No LoadTimeWeaver setup: ignoring JPA class transformer
2025-11-20T19:50:19.563-03:00  INFO 5660 --- [nubank-challenge-server] [restartedMain] com.zaxxer.hikari.HikariDataSource       : HikariPool-26 - Starting...
2025-11-20T19:50:19.577-03:00  INFO 5660 --- [nubank-challenge-server] [restartedMain] com.zaxxer.hikari.pool.HikariPool        : HikariPool-26 - Added connection org.postgresql.jdbc.PgConnection@2de0e64a
2025-11-20T19:50:19.577-03:00  INFO 5660 --- [nubank-challenge-server] [restartedMain] com.zaxxer.hikari.HikariDataSource       : HikariPool-26 - Start completed.
2025-11-20T19:50:19.580-03:00  WARN 5660 --- [nubank-challenge-server] [restartedMain] org.hibernate.orm.deprecation            : HHH90000025: PostgreSQLDialect does not need to be specified explicitly using 'hibernate.dialect' (remove the property setting and it will be selected by default)
2025-11-20T19:50:19.582-03:00  INFO 5660 --- [nubank-challenge-server] [restartedMain] org.hibernate.orm.connections.pooling    : HHH10001005: Database info:
	Database JDBC URL [Connecting through datasource 'HikariDataSource (HikariPool-26)']
	Database driver: undefined/unknown
	Database version: 15.15
	Autocommit mode: undefined/unknown
	Isolation level: undefined/unknown
	Minimum pool size: undefined/unknown
	Maximum pool size: undefined/unknown
2025-11-20T19:50:19.614-03:00  INFO 5660 --- [nubank-challenge-server] [restartedMain] o.h.e.t.j.p.i.JtaPlatformInitiator       : HHH000489: No JTA platform available (set 'hibernate.transaction.jta.platform' to enable JTA platform integration)
2025-11-20T19:50:19.614-03:00 DEBUG 5660 --- [nubank-challenge-server] [restartedMain] org.hibernate.SQL                        : 
    set client_min_messages = WARNING
2025-11-20T19:50:19.615-03:00 DEBUG 5660 --- [nubank-challenge-server] [restartedMain] org.hibernate.SQL                        : 
    alter table if exists contacts 
       drop constraint if exists FKnk1ggjf4353tv92tdfa5ogcfj
2025-11-20T19:50:19.620-03:00 DEBUG 5660 --- [nubank-challenge-server] [restartedMain] org.hibernate.SQL                        : 
    drop table if exists clients cascade
2025-11-20T19:50:19.625-03:00 DEBUG 5660 --- [nubank-challenge-server] [restartedMain] org.hibernate.SQL                        : 
    drop table if exists contacts cascade
2025-11-20T19:50:19.630-03:00 DEBUG 5660 --- [nubank-challenge-server] [restartedMain] org.hibernate.SQL                        : 
    create table clients (
        id bigint generated by default as identity,
        name varchar(255),
        primary key (id)
    )
2025-11-20T19:50:19.642-03:00 DEBUG 5660 --- [nubank-challenge-server] [restartedMain] org.hibernate.SQL                        : 
    create table contacts (
        clients_id bigint,
        id bigint generated by default as identity,
        email varchar(255),
        phone_number varchar(255),
        primary key (id)
    )
2025-11-20T19:50:19.661-03:00 DEBUG 5660 --- [nubank-challenge-server] [restartedMain] org.hibernate.SQL                        : 
    alter table if exists contacts 
       add constraint FKnk1ggjf4353tv92tdfa5ogcfj 
       foreign key (clients_id) 
       references clients
2025-11-20T19:50:19.667-03:00  INFO 5660 --- [nubank-challenge-server] [restartedMain] j.LocalContainerEntityManagerFactoryBean : Initialized JPA EntityManagerFactory for persistence unit 'default'
2025-11-20T19:50:19.782-03:00  INFO 5660 --- [nubank-challenge-server] [restartedMain] o.s.b.d.a.OptionalLiveReloadServer       : LiveReload server is running on port 35729
2025-11-20T19:50:19.784-03:00  INFO 5660 --- [nubank-challenge-server] [restartedMain] o.s.b.a.e.web.EndpointLinksResolver      : Exposing 1 endpoint beneath base path '/actuator'
2025-11-20T19:50:19.802-03:00  INFO 5660 --- [nubank-challenge-server] [restartedMain] o.s.b.w.embedded.tomcat.TomcatWebServer  : Tomcat started on port 8080 (http) with context path '/'
2025-11-20T19:50:19.812-03:00  INFO 5660 --- [nubank-challenge-server] [restartedMain] c.c.n.NubankChallengeServerApplication   : Started NubankChallengeServerApplication in 0.467 seconds (process running for 1005.134)
2025-11-20T19:50:19.814-03:00  INFO 5660 --- [nubank-challenge-server] [restartedMain] .ConditionEvaluationDeltaLoggingListener : Condition evaluation unchanged
2025-11-20T19:51:36.536-03:00  INFO 5660 --- [nubank-challenge-server] [File Watcher] rtingClassPathChangeChangedEventListener : Restarting due to 1 class path change (1 addition, 0 deletions, 0 modifications)
2025-11-20T19:51:36.543-03:00  INFO 5660 --- [nubank-challenge-server] [Thread-103] o.s.b.w.e.tomcat.GracefulShutdown        : Commencing graceful shutdown. Waiting for active requests to complete
2025-11-20T19:51:36.546-03:00  INFO 5660 --- [nubank-challenge-server] [tomcat-shutdown] o.s.b.w.e.tomcat.GracefulShutdown        : Graceful shutdown complete
2025-11-20T19:51:36.552-03:00  INFO 5660 --- [nubank-challenge-server] [Thread-103] j.LocalContainerEntityManagerFactoryBean : Closing JPA EntityManagerFactory for persistence unit 'default'
2025-11-20T19:51:36.554-03:00  INFO 5660 --- [nubank-challenge-server] [Thread-103] com.zaxxer.hikari.HikariDataSource       : HikariPool-26 - Shutdown initiated...
2025-11-20T19:51:36.558-03:00  INFO 5660 --- [nubank-challenge-server] [Thread-103] com.zaxxer.hikari.HikariDataSource       : HikariPool-26 - Shutdown completed.
2025-11-20T19:51:36.633-03:00  INFO 5660 --- [nubank-challenge-server] [restartedMain] c.c.n.NubankChallengeServerApplication   : Starting NubankChallengeServerApplication using Java 17.0.14 with PID 5660 (/home/cardosofiles/www/java/development/nubank-challenge-server/target/classes started by cardosofiles in /home/cardosofiles/www/java/development/nubank-challenge-server)
2025-11-20T19:51:36.633-03:00  INFO 5660 --- [nubank-challenge-server] [restartedMain] c.c.n.NubankChallengeServerApplication   : The following 1 profile is active: "dev"
2025-11-20T19:51:36.771-03:00  INFO 5660 --- [nubank-challenge-server] [restartedMain] .s.d.r.c.RepositoryConfigurationDelegate : Bootstrapping Spring Data JPA repositories in DEFAULT mode.
2025-11-20T19:51:36.775-03:00  INFO 5660 --- [nubank-challenge-server] [restartedMain] .s.d.r.c.RepositoryConfigurationDelegate : Finished Spring Data repository scanning in 3 ms. Found 2 JPA repository interfaces.
2025-11-20T19:51:36.825-03:00  INFO 5660 --- [nubank-challenge-server] [restartedMain] o.s.b.w.embedded.tomcat.TomcatWebServer  : Tomcat initialized with port 8080 (http)
2025-11-20T19:51:36.825-03:00  INFO 5660 --- [nubank-challenge-server] [restartedMain] o.apache.catalina.core.StandardService   : Starting service [Tomcat]
2025-11-20T19:51:36.825-03:00  INFO 5660 --- [nubank-challenge-server] [restartedMain] o.apache.catalina.core.StandardEngine    : Starting Servlet engine: [Apache Tomcat/10.1.49]
2025-11-20T19:51:36.829-03:00  INFO 5660 --- [nubank-challenge-server] [restartedMain] o.a.c.c.C.[Tomcat].[localhost].[/]       : Initializing Spring embedded WebApplicationContext
2025-11-20T19:51:36.830-03:00  INFO 5660 --- [nubank-challenge-server] [restartedMain] w.s.c.ServletWebServerApplicationContext : Root WebApplicationContext: initialization completed in 194 ms
2025-11-20T19:51:36.865-03:00  INFO 5660 --- [nubank-challenge-server] [restartedMain] o.hibernate.jpa.internal.util.LogHelper  : HHH000204: Processing PersistenceUnitInfo [name: default]
2025-11-20T19:51:36.866-03:00  INFO 5660 --- [nubank-challenge-server] [restartedMain] o.h.c.internal.RegionFactoryInitiator    : HHH000026: Second-level cache disabled
2025-11-20T19:51:36.868-03:00  INFO 5660 --- [nubank-challenge-server] [restartedMain] o.s.o.j.p.SpringPersistenceUnitInfo      : No LoadTimeWeaver setup: ignoring JPA class transformer
2025-11-20T19:51:36.868-03:00  INFO 5660 --- [nubank-challenge-server] [restartedMain] com.zaxxer.hikari.HikariDataSource       : HikariPool-27 - Starting...
2025-11-20T19:51:36.886-03:00  INFO 5660 --- [nubank-challenge-server] [restartedMain] com.zaxxer.hikari.pool.HikariPool        : HikariPool-27 - Added connection org.postgresql.jdbc.PgConnection@4ce87830
2025-11-20T19:51:36.886-03:00  INFO 5660 --- [nubank-challenge-server] [restartedMain] com.zaxxer.hikari.HikariDataSource       : HikariPool-27 - Start completed.
2025-11-20T19:51:36.889-03:00  WARN 5660 --- [nubank-challenge-server] [restartedMain] org.hibernate.orm.deprecation            : HHH90000025: PostgreSQLDialect does not need to be specified explicitly using 'hibernate.dialect' (remove the property setting and it will be selected by default)
2025-11-20T19:51:36.891-03:00  INFO 5660 --- [nubank-challenge-server] [restartedMain] org.hibernate.orm.connections.pooling    : HHH10001005: Database info:
	Database JDBC URL [Connecting through datasource 'HikariDataSource (HikariPool-27)']
	Database driver: undefined/unknown
	Database version: 15.15
	Autocommit mode: undefined/unknown
	Isolation level: undefined/unknown
	Minimum pool size: undefined/unknown
	Maximum pool size: undefined/unknown
2025-11-20T19:51:36.920-03:00  INFO 5660 --- [nubank-challenge-server] [restartedMain] o.h.e.t.j.p.i.JtaPlatformInitiator       : HHH000489: No JTA platform available (set 'hibernate.transaction.jta.platform' to enable JTA platform integration)
2025-11-20T19:51:36.920-03:00 DEBUG 5660 --- [nubank-challenge-server] [restartedMain] org.hibernate.SQL                        : 
    set client_min_messages = WARNING
2025-11-20T19:51:36.921-03:00 DEBUG 5660 --- [nubank-challenge-server] [restartedMain] org.hibernate.SQL                        : 
    alter table if exists contacts 
       drop constraint if exists FKnk1ggjf4353tv92tdfa5ogcfj
2025-11-20T19:51:36.926-03:00 DEBUG 5660 --- [nubank-challenge-server] [restartedMain] org.hibernate.SQL                        : 
    drop table if exists clients cascade
2025-11-20T19:51:36.939-03:00 DEBUG 5660 --- [nubank-challenge-server] [restartedMain] org.hibernate.SQL                        : 
    drop table if exists contacts cascade
2025-11-20T19:51:36.947-03:00 DEBUG 5660 --- [nubank-challenge-server] [restartedMain] org.hibernate.SQL                        : 
    create table clients (
        id bigint generated by default as identity,
        name varchar(255),
        primary key (id)
    )
2025-11-20T19:51:36.964-03:00 DEBUG 5660 --- [nubank-challenge-server] [restartedMain] org.hibernate.SQL                        : 
    create table contacts (
        clients_id bigint,
        id bigint generated by default as identity,
        email varchar(255),
        phone_number varchar(255),
        primary key (id)
    )
2025-11-20T19:51:36.982-03:00 DEBUG 5660 --- [nubank-challenge-server] [restartedMain] org.hibernate.SQL                        : 
    alter table if exists contacts 
       add constraint FKnk1ggjf4353tv92tdfa5ogcfj 
       foreign key (clients_id) 
       references clients
2025-11-20T19:51:36.990-03:00  INFO 5660 --- [nubank-challenge-server] [restartedMain] j.LocalContainerEntityManagerFactoryBean : Initialized JPA EntityManagerFactory for persistence unit 'default'
2025-11-20T19:51:37.107-03:00  INFO 5660 --- [nubank-challenge-server] [restartedMain] o.s.b.d.a.OptionalLiveReloadServer       : LiveReload server is running on port 35729
2025-11-20T19:51:37.109-03:00  INFO 5660 --- [nubank-challenge-server] [restartedMain] o.s.b.a.e.web.EndpointLinksResolver      : Exposing 1 endpoint beneath base path '/actuator'
2025-11-20T19:51:37.125-03:00  INFO 5660 --- [nubank-challenge-server] [restartedMain] o.s.b.w.embedded.tomcat.TomcatWebServer  : Tomcat started on port 8080 (http) with context path '/'
2025-11-20T19:51:37.131-03:00  INFO 5660 --- [nubank-challenge-server] [restartedMain] c.c.n.NubankChallengeServerApplication   : Started NubankChallengeServerApplication in 0.508 seconds (process running for 1081.18)
2025-11-20T19:51:37.133-03:00  INFO 5660 --- [nubank-challenge-server] [restartedMain] .ConditionEvaluationDeltaLoggingListener : Condition evaluation unchanged
2025-11-20T19:55:38.351-03:00  INFO 5660 --- [nubank-challenge-server] [File Watcher] rtingClassPathChangeChangedEventListener : Restarting due to 1 class path change (0 additions, 0 deletions, 1 modification)
2025-11-20T19:55:38.352-03:00  INFO 5660 --- [nubank-challenge-server] [Thread-107] o.s.b.w.e.tomcat.GracefulShutdown        : Commencing graceful shutdown. Waiting for active requests to complete
2025-11-20T19:55:38.353-03:00  INFO 5660 --- [nubank-challenge-server] [tomcat-shutdown] o.s.b.w.e.tomcat.GracefulShutdown        : Graceful shutdown complete
2025-11-20T19:55:38.355-03:00  INFO 5660 --- [nubank-challenge-server] [Thread-107] j.LocalContainerEntityManagerFactoryBean : Closing JPA EntityManagerFactory for persistence unit 'default'
2025-11-20T19:55:38.355-03:00  INFO 5660 --- [nubank-challenge-server] [Thread-107] com.zaxxer.hikari.HikariDataSource       : HikariPool-27 - Shutdown initiated...
2025-11-20T19:55:38.356-03:00  INFO 5660 --- [nubank-challenge-server] [Thread-107] com.zaxxer.hikari.HikariDataSource       : HikariPool-27 - Shutdown completed.
2025-11-20T19:55:38.399-03:00  INFO 5660 --- [nubank-challenge-server] [restartedMain] c.c.n.NubankChallengeServerApplication   : Starting NubankChallengeServerApplication using Java 17.0.14 with PID 5660 (/home/cardosofiles/www/java/development/nubank-challenge-server/target/classes started by cardosofiles in /home/cardosofiles/www/java/development/nubank-challenge-server)
2025-11-20T19:55:38.399-03:00  INFO 5660 --- [nubank-challenge-server] [restartedMain] c.c.n.NubankChallengeServerApplication   : The following 1 profile is active: "dev"
2025-11-20T19:55:38.499-03:00  INFO 5660 --- [nubank-challenge-server] [restartedMain] .s.d.r.c.RepositoryConfigurationDelegate : Bootstrapping Spring Data JPA repositories in DEFAULT mode.
2025-11-20T19:55:38.502-03:00  INFO 5660 --- [nubank-challenge-server] [restartedMain] .s.d.r.c.RepositoryConfigurationDelegate : Finished Spring Data repository scanning in 2 ms. Found 2 JPA repository interfaces.
2025-11-20T19:55:38.550-03:00  INFO 5660 --- [nubank-challenge-server] [restartedMain] o.s.b.w.embedded.tomcat.TomcatWebServer  : Tomcat initialized with port 8080 (http)
2025-11-20T19:55:38.551-03:00  INFO 5660 --- [nubank-challenge-server] [restartedMain] o.apache.catalina.core.StandardService   : Starting service [Tomcat]
2025-11-20T19:55:38.551-03:00  INFO 5660 --- [nubank-challenge-server] [restartedMain] o.apache.catalina.core.StandardEngine    : Starting Servlet engine: [Apache Tomcat/10.1.49]
2025-11-20T19:55:38.556-03:00  INFO 5660 --- [nubank-challenge-server] [restartedMain] o.a.c.c.C.[Tomcat].[localhost].[/]       : Initializing Spring embedded WebApplicationContext
2025-11-20T19:55:38.556-03:00  INFO 5660 --- [nubank-challenge-server] [restartedMain] w.s.c.ServletWebServerApplicationContext : Root WebApplicationContext: initialization completed in 156 ms
2025-11-20T19:55:38.593-03:00  INFO 5660 --- [nubank-challenge-server] [restartedMain] o.hibernate.jpa.internal.util.LogHelper  : HHH000204: Processing PersistenceUnitInfo [name: default]
2025-11-20T19:55:38.594-03:00  INFO 5660 --- [nubank-challenge-server] [restartedMain] o.h.c.internal.RegionFactoryInitiator    : HHH000026: Second-level cache disabled
2025-11-20T19:55:38.597-03:00  INFO 5660 --- [nubank-challenge-server] [restartedMain] o.s.o.j.p.SpringPersistenceUnitInfo      : No LoadTimeWeaver setup: ignoring JPA class transformer
2025-11-20T19:55:38.598-03:00  INFO 5660 --- [nubank-challenge-server] [restartedMain] com.zaxxer.hikari.HikariDataSource       : HikariPool-28 - Starting...
2025-11-20T19:55:38.614-03:00  INFO 5660 --- [nubank-challenge-server] [restartedMain] com.zaxxer.hikari.pool.HikariPool        : HikariPool-28 - Added connection org.postgresql.jdbc.PgConnection@1c9e8b0
2025-11-20T19:55:38.614-03:00  INFO 5660 --- [nubank-challenge-server] [restartedMain] com.zaxxer.hikari.HikariDataSource       : HikariPool-28 - Start completed.
2025-11-20T19:55:38.616-03:00  WARN 5660 --- [nubank-challenge-server] [restartedMain] org.hibernate.orm.deprecation            : HHH90000025: PostgreSQLDialect does not need to be specified explicitly using 'hibernate.dialect' (remove the property setting and it will be selected by default)
2025-11-20T19:55:38.619-03:00  INFO 5660 --- [nubank-challenge-server] [restartedMain] org.hibernate.orm.connections.pooling    : HHH10001005: Database info:
	Database JDBC URL [Connecting through datasource 'HikariDataSource (HikariPool-28)']
	Database driver: undefined/unknown
	Database version: 15.15
	Autocommit mode: undefined/unknown
	Isolation level: undefined/unknown
	Minimum pool size: undefined/unknown
	Maximum pool size: undefined/unknown
2025-11-20T19:55:38.636-03:00  INFO 5660 --- [nubank-challenge-server] [restartedMain] o.h.e.t.j.p.i.JtaPlatformInitiator       : HHH000489: No JTA platform available (set 'hibernate.transaction.jta.platform' to enable JTA platform integration)
2025-11-20T19:55:38.636-03:00 DEBUG 5660 --- [nubank-challenge-server] [restartedMain] org.hibernate.SQL                        : 
    set client_min_messages = WARNING
2025-11-20T19:55:38.637-03:00 DEBUG 5660 --- [nubank-challenge-server] [restartedMain] org.hibernate.SQL                        : 
    alter table if exists contacts 
       drop constraint if exists FKnk1ggjf4353tv92tdfa5ogcfj
2025-11-20T19:55:38.649-03:00 DEBUG 5660 --- [nubank-challenge-server] [restartedMain] org.hibernate.SQL                        : 
    drop table if exists clients cascade
2025-11-20T19:55:38.654-03:00 DEBUG 5660 --- [nubank-challenge-server] [restartedMain] org.hibernate.SQL                        : 
    drop table if exists contacts cascade
2025-11-20T19:55:38.661-03:00 DEBUG 5660 --- [nubank-challenge-server] [restartedMain] org.hibernate.SQL                        : 
    create table clients (
        id bigint generated by default as identity,
        name varchar(255),
        primary key (id)
    )
2025-11-20T19:55:38.673-03:00 DEBUG 5660 --- [nubank-challenge-server] [restartedMain] org.hibernate.SQL                        : 
    create table contacts (
        clients_id bigint,
        id bigint generated by default as identity,
        email varchar(255),
        phone_number varchar(255),
        primary key (id)
    )
2025-11-20T19:55:38.694-03:00 DEBUG 5660 --- [nubank-challenge-server] [restartedMain] org.hibernate.SQL                        : 
    alter table if exists contacts 
       add constraint FKnk1ggjf4353tv92tdfa5ogcfj 
       foreign key (clients_id) 
       references clients
2025-11-20T19:55:38.701-03:00  INFO 5660 --- [nubank-challenge-server] [restartedMain] j.LocalContainerEntityManagerFactoryBean : Initialized JPA EntityManagerFactory for persistence unit 'default'
2025-11-20T19:55:38.795-03:00  INFO 5660 --- [nubank-challenge-server] [restartedMain] o.s.b.d.a.OptionalLiveReloadServer       : LiveReload server is running on port 35729
2025-11-20T19:55:38.796-03:00  INFO 5660 --- [nubank-challenge-server] [restartedMain] o.s.b.a.e.web.EndpointLinksResolver      : Exposing 1 endpoint beneath base path '/actuator'
2025-11-20T19:55:38.806-03:00  INFO 5660 --- [nubank-challenge-server] [restartedMain] o.s.b.w.embedded.tomcat.TomcatWebServer  : Tomcat started on port 8080 (http) with context path '/'
2025-11-20T19:55:38.814-03:00  INFO 5660 --- [nubank-challenge-server] [restartedMain] c.c.n.NubankChallengeServerApplication   : Started NubankChallengeServerApplication in 0.424 seconds (process running for 1312.237)
2025-11-20T19:55:38.815-03:00  INFO 5660 --- [nubank-challenge-server] [restartedMain] .ConditionEvaluationDeltaLoggingListener : Condition evaluation unchanged
2025-11-20T20:00:14.455-03:00  INFO 5660 --- [nubank-challenge-server] [File Watcher] rtingClassPathChangeChangedEventListener : Restarting due to 1 class path change (0 additions, 0 deletions, 1 modification)
2025-11-20T20:00:14.459-03:00  INFO 5660 --- [nubank-challenge-server] [Thread-111] o.s.b.w.e.tomcat.GracefulShutdown        : Commencing graceful shutdown. Waiting for active requests to complete
2025-11-20T20:00:14.463-03:00  INFO 5660 --- [nubank-challenge-server] [tomcat-shutdown] o.s.b.w.e.tomcat.GracefulShutdown        : Graceful shutdown complete
2025-11-20T20:00:14.466-03:00  INFO 5660 --- [nubank-challenge-server] [Thread-111] j.LocalContainerEntityManagerFactoryBean : Closing JPA EntityManagerFactory for persistence unit 'default'
2025-11-20T20:00:14.468-03:00  INFO 5660 --- [nubank-challenge-server] [Thread-111] com.zaxxer.hikari.HikariDataSource       : HikariPool-28 - Shutdown initiated...
2025-11-20T20:00:14.470-03:00  INFO 5660 --- [nubank-challenge-server] [Thread-111] com.zaxxer.hikari.HikariDataSource       : HikariPool-28 - Shutdown completed.
2025-11-20T20:00:14.543-03:00  INFO 5660 --- [nubank-challenge-server] [restartedMain] c.c.n.NubankChallengeServerApplication   : Starting NubankChallengeServerApplication using Java 17.0.14 with PID 5660 (/home/cardosofiles/www/java/development/nubank-challenge-server/target/classes started by cardosofiles in /home/cardosofiles/www/java/development/nubank-challenge-server)
2025-11-20T20:00:14.543-03:00  INFO 5660 --- [nubank-challenge-server] [restartedMain] c.c.n.NubankChallengeServerApplication   : The following 1 profile is active: "dev"
2025-11-20T20:00:14.647-03:00  INFO 5660 --- [nubank-challenge-server] [restartedMain] .s.d.r.c.RepositoryConfigurationDelegate : Bootstrapping Spring Data JPA repositories in DEFAULT mode.
2025-11-20T20:00:14.650-03:00  INFO 5660 --- [nubank-challenge-server] [restartedMain] .s.d.r.c.RepositoryConfigurationDelegate : Finished Spring Data repository scanning in 3 ms. Found 2 JPA repository interfaces.
2025-11-20T20:00:14.690-03:00  INFO 5660 --- [nubank-challenge-server] [restartedMain] o.s.b.w.embedded.tomcat.TomcatWebServer  : Tomcat initialized with port 8080 (http)
2025-11-20T20:00:14.691-03:00  INFO 5660 --- [nubank-challenge-server] [restartedMain] o.apache.catalina.core.StandardService   : Starting service [Tomcat]
2025-11-20T20:00:14.691-03:00  INFO 5660 --- [nubank-challenge-server] [restartedMain] o.apache.catalina.core.StandardEngine    : Starting Servlet engine: [Apache Tomcat/10.1.49]
2025-11-20T20:00:14.695-03:00  INFO 5660 --- [nubank-challenge-server] [restartedMain] o.a.c.c.C.[Tomcat].[localhost].[/]       : Initializing Spring embedded WebApplicationContext
2025-11-20T20:00:14.695-03:00  INFO 5660 --- [nubank-challenge-server] [restartedMain] w.s.c.ServletWebServerApplicationContext : Root WebApplicationContext: initialization completed in 151 ms
2025-11-20T20:00:14.729-03:00  INFO 5660 --- [nubank-challenge-server] [restartedMain] o.hibernate.jpa.internal.util.LogHelper  : HHH000204: Processing PersistenceUnitInfo [name: default]
2025-11-20T20:00:14.730-03:00  INFO 5660 --- [nubank-challenge-server] [restartedMain] o.h.c.internal.RegionFactoryInitiator    : HHH000026: Second-level cache disabled
2025-11-20T20:00:14.733-03:00  INFO 5660 --- [nubank-challenge-server] [restartedMain] o.s.o.j.p.SpringPersistenceUnitInfo      : No LoadTimeWeaver setup: ignoring JPA class transformer
2025-11-20T20:00:14.733-03:00  INFO 5660 --- [nubank-challenge-server] [restartedMain] com.zaxxer.hikari.HikariDataSource       : HikariPool-29 - Starting...
2025-11-20T20:00:14.747-03:00  INFO 5660 --- [nubank-challenge-server] [restartedMain] com.zaxxer.hikari.pool.HikariPool        : HikariPool-29 - Added connection org.postgresql.jdbc.PgConnection@69648821
2025-11-20T20:00:14.747-03:00  INFO 5660 --- [nubank-challenge-server] [restartedMain] com.zaxxer.hikari.HikariDataSource       : HikariPool-29 - Start completed.
2025-11-20T20:00:14.750-03:00  WARN 5660 --- [nubank-challenge-server] [restartedMain] org.hibernate.orm.deprecation            : HHH90000025: PostgreSQLDialect does not need to be specified explicitly using 'hibernate.dialect' (remove the property setting and it will be selected by default)
2025-11-20T20:00:14.751-03:00  INFO 5660 --- [nubank-challenge-server] [restartedMain] org.hibernate.orm.connections.pooling    : HHH10001005: Database info:
	Database JDBC URL [Connecting through datasource 'HikariDataSource (HikariPool-29)']
	Database driver: undefined/unknown
	Database version: 15.15
	Autocommit mode: undefined/unknown
	Isolation level: undefined/unknown
	Minimum pool size: undefined/unknown
	Maximum pool size: undefined/unknown
2025-11-20T20:00:14.772-03:00  INFO 5660 --- [nubank-challenge-server] [restartedMain] o.h.e.t.j.p.i.JtaPlatformInitiator       : HHH000489: No JTA platform available (set 'hibernate.transaction.jta.platform' to enable JTA platform integration)
2025-11-20T20:00:14.772-03:00 DEBUG 5660 --- [nubank-challenge-server] [restartedMain] org.hibernate.SQL                        : 
    set client_min_messages = WARNING
2025-11-20T20:00:14.773-03:00 DEBUG 5660 --- [nubank-challenge-server] [restartedMain] org.hibernate.SQL                        : 
    alter table if exists contacts 
       drop constraint if exists FKnk1ggjf4353tv92tdfa5ogcfj
2025-11-20T20:00:14.780-03:00 DEBUG 5660 --- [nubank-challenge-server] [restartedMain] org.hibernate.SQL                        : 
    drop table if exists clients cascade
2025-11-20T20:00:14.785-03:00 DEBUG 5660 --- [nubank-challenge-server] [restartedMain] org.hibernate.SQL                        : 
    drop table if exists contacts cascade
2025-11-20T20:00:14.792-03:00 DEBUG 5660 --- [nubank-challenge-server] [restartedMain] org.hibernate.SQL                        : 
    create table clients (
        id bigint generated by default as identity,
        name varchar(255),
        primary key (id)
    )
2025-11-20T20:00:14.808-03:00 DEBUG 5660 --- [nubank-challenge-server] [restartedMain] org.hibernate.SQL                        : 
    create table contacts (
        clients_id bigint,
        id bigint generated by default as identity,
        email varchar(255),
        phone_number varchar(255),
        primary key (id)
    )
2025-11-20T20:00:14.829-03:00 DEBUG 5660 --- [nubank-challenge-server] [restartedMain] org.hibernate.SQL                        : 
    alter table if exists contacts 
       add constraint FKnk1ggjf4353tv92tdfa5ogcfj 
       foreign key (clients_id) 
       references clients
2025-11-20T20:00:14.835-03:00  INFO 5660 --- [nubank-challenge-server] [restartedMain] j.LocalContainerEntityManagerFactoryBean : Initialized JPA EntityManagerFactory for persistence unit 'default'
2025-11-20T20:00:14.981-03:00  INFO 5660 --- [nubank-challenge-server] [restartedMain] o.s.b.d.a.OptionalLiveReloadServer       : LiveReload server is running on port 35729
2025-11-20T20:00:14.983-03:00  INFO 5660 --- [nubank-challenge-server] [restartedMain] o.s.b.a.e.web.EndpointLinksResolver      : Exposing 1 endpoint beneath base path '/actuator'
2025-11-20T20:00:14.995-03:00  INFO 5660 --- [nubank-challenge-server] [restartedMain] o.s.b.w.embedded.tomcat.TomcatWebServer  : Tomcat started on port 8080 (http) with context path '/'
2025-11-20T20:00:15.002-03:00  INFO 5660 --- [nubank-challenge-server] [restartedMain] c.c.n.NubankChallengeServerApplication   : Started NubankChallengeServerApplication in 0.471 seconds (process running for 1573.426)
2025-11-20T20:00:15.004-03:00  INFO 5660 --- [nubank-challenge-server] [restartedMain] .ConditionEvaluationDeltaLoggingListener : Condition evaluation unchanged
2025-11-20T20:00:18.387-03:00  INFO 5660 --- [nubank-challenge-server] [File Watcher] rtingClassPathChangeChangedEventListener : Restarting due to 1 class path change (0 additions, 0 deletions, 1 modification)
2025-11-20T20:00:18.389-03:00  INFO 5660 --- [nubank-challenge-server] [Thread-115] o.s.b.w.e.tomcat.GracefulShutdown        : Commencing graceful shutdown. Waiting for active requests to complete
2025-11-20T20:00:18.392-03:00  INFO 5660 --- [nubank-challenge-server] [tomcat-shutdown] o.s.b.w.e.tomcat.GracefulShutdown        : Graceful shutdown complete
2025-11-20T20:00:18.395-03:00  INFO 5660 --- [nubank-challenge-server] [Thread-115] j.LocalContainerEntityManagerFactoryBean : Closing JPA EntityManagerFactory for persistence unit 'default'
2025-11-20T20:00:18.395-03:00  INFO 5660 --- [nubank-challenge-server] [Thread-115] com.zaxxer.hikari.HikariDataSource       : HikariPool-29 - Shutdown initiated...
2025-11-20T20:00:18.397-03:00  INFO 5660 --- [nubank-challenge-server] [Thread-115] com.zaxxer.hikari.HikariDataSource       : HikariPool-29 - Shutdown completed.
2025-11-20T20:00:18.455-03:00  INFO 5660 --- [nubank-challenge-server] [restartedMain] c.c.n.NubankChallengeServerApplication   : Starting NubankChallengeServerApplication using Java 17.0.14 with PID 5660 (/home/cardosofiles/www/java/development/nubank-challenge-server/target/classes started by cardosofiles in /home/cardosofiles/www/java/development/nubank-challenge-server)
2025-11-20T20:00:18.455-03:00  INFO 5660 --- [nubank-challenge-server] [restartedMain] c.c.n.NubankChallengeServerApplication   : The following 1 profile is active: "dev"
2025-11-20T20:00:18.553-03:00  INFO 5660 --- [nubank-challenge-server] [restartedMain] .s.d.r.c.RepositoryConfigurationDelegate : Bootstrapping Spring Data JPA repositories in DEFAULT mode.
2025-11-20T20:00:18.556-03:00  INFO 5660 --- [nubank-challenge-server] [restartedMain] .s.d.r.c.RepositoryConfigurationDelegate : Finished Spring Data repository scanning in 2 ms. Found 2 JPA repository interfaces.
2025-11-20T20:00:18.593-03:00  INFO 5660 --- [nubank-challenge-server] [restartedMain] o.s.b.w.embedded.tomcat.TomcatWebServer  : Tomcat initialized with port 8080 (http)
2025-11-20T20:00:18.594-03:00  INFO 5660 --- [nubank-challenge-server] [restartedMain] o.apache.catalina.core.StandardService   : Starting service [Tomcat]
2025-11-20T20:00:18.594-03:00  INFO 5660 --- [nubank-challenge-server] [restartedMain] o.apache.catalina.core.StandardEngine    : Starting Servlet engine: [Apache Tomcat/10.1.49]
2025-11-20T20:00:18.598-03:00  INFO 5660 --- [nubank-challenge-server] [restartedMain] o.a.c.c.C.[Tomcat].[localhost].[/]       : Initializing Spring embedded WebApplicationContext
2025-11-20T20:00:18.598-03:00  INFO 5660 --- [nubank-challenge-server] [restartedMain] w.s.c.ServletWebServerApplicationContext : Root WebApplicationContext: initialization completed in 142 ms
2025-11-20T20:00:18.634-03:00  INFO 5660 --- [nubank-challenge-server] [restartedMain] o.hibernate.jpa.internal.util.LogHelper  : HHH000204: Processing PersistenceUnitInfo [name: default]
2025-11-20T20:00:18.635-03:00  INFO 5660 --- [nubank-challenge-server] [restartedMain] o.h.c.internal.RegionFactoryInitiator    : HHH000026: Second-level cache disabled
2025-11-20T20:00:18.638-03:00  INFO 5660 --- [nubank-challenge-server] [restartedMain] o.s.o.j.p.SpringPersistenceUnitInfo      : No LoadTimeWeaver setup: ignoring JPA class transformer
2025-11-20T20:00:18.638-03:00  INFO 5660 --- [nubank-challenge-server] [restartedMain] com.zaxxer.hikari.HikariDataSource       : HikariPool-30 - Starting...
2025-11-20T20:00:18.652-03:00  INFO 5660 --- [nubank-challenge-server] [restartedMain] com.zaxxer.hikari.pool.HikariPool        : HikariPool-30 - Added connection org.postgresql.jdbc.PgConnection@626d8091
2025-11-20T20:00:18.652-03:00  INFO 5660 --- [nubank-challenge-server] [restartedMain] com.zaxxer.hikari.HikariDataSource       : HikariPool-30 - Start completed.
2025-11-20T20:00:18.654-03:00  WARN 5660 --- [nubank-challenge-server] [restartedMain] org.hibernate.orm.deprecation            : HHH90000025: PostgreSQLDialect does not need to be specified explicitly using 'hibernate.dialect' (remove the property setting and it will be selected by default)
2025-11-20T20:00:18.655-03:00  INFO 5660 --- [nubank-challenge-server] [restartedMain] org.hibernate.orm.connections.pooling    : HHH10001005: Database info:
	Database JDBC URL [Connecting through datasource 'HikariDataSource (HikariPool-30)']
	Database driver: undefined/unknown
	Database version: 15.15
	Autocommit mode: undefined/unknown
	Isolation level: undefined/unknown
	Minimum pool size: undefined/unknown
	Maximum pool size: undefined/unknown
2025-11-20T20:00:18.676-03:00  INFO 5660 --- [nubank-challenge-server] [restartedMain] o.h.e.t.j.p.i.JtaPlatformInitiator       : HHH000489: No JTA platform available (set 'hibernate.transaction.jta.platform' to enable JTA platform integration)
2025-11-20T20:00:18.676-03:00 DEBUG 5660 --- [nubank-challenge-server] [restartedMain] org.hibernate.SQL                        : 
    set client_min_messages = WARNING
2025-11-20T20:00:18.677-03:00 DEBUG 5660 --- [nubank-challenge-server] [restartedMain] org.hibernate.SQL                        : 
    alter table if exists contacts 
       drop constraint if exists FKnk1ggjf4353tv92tdfa5ogcfj
2025-11-20T20:00:18.683-03:00 DEBUG 5660 --- [nubank-challenge-server] [restartedMain] org.hibernate.SQL                        : 
    drop table if exists clients cascade
2025-11-20T20:00:18.688-03:00 DEBUG 5660 --- [nubank-challenge-server] [restartedMain] org.hibernate.SQL                        : 
    drop table if exists contacts cascade
2025-11-20T20:00:18.694-03:00 DEBUG 5660 --- [nubank-challenge-server] [restartedMain] org.hibernate.SQL                        : 
    create table clients (
        id bigint generated by default as identity,
        name varchar(255),
        primary key (id)
    )
2025-11-20T20:00:18.705-03:00 DEBUG 5660 --- [nubank-challenge-server] [restartedMain] org.hibernate.SQL                        : 
    create table contacts (
        clients_id bigint,
        id bigint generated by default as identity,
        email varchar(255),
        phone_number varchar(255),
        primary key (id)
    )
2025-11-20T20:00:18.723-03:00 DEBUG 5660 --- [nubank-challenge-server] [restartedMain] org.hibernate.SQL                        : 
    alter table if exists contacts 
       add constraint FKnk1ggjf4353tv92tdfa5ogcfj 
       foreign key (clients_id) 
       references clients
2025-11-20T20:00:18.730-03:00  INFO 5660 --- [nubank-challenge-server] [restartedMain] j.LocalContainerEntityManagerFactoryBean : Initialized JPA EntityManagerFactory for persistence unit 'default'
2025-11-20T20:00:18.846-03:00  INFO 5660 --- [nubank-challenge-server] [restartedMain] o.s.b.d.a.OptionalLiveReloadServer       : LiveReload server is running on port 35729
2025-11-20T20:00:18.848-03:00  INFO 5660 --- [nubank-challenge-server] [restartedMain] o.s.b.a.e.web.EndpointLinksResolver      : Exposing 1 endpoint beneath base path '/actuator'
2025-11-20T20:00:18.859-03:00  INFO 5660 --- [nubank-challenge-server] [restartedMain] o.s.b.w.embedded.tomcat.TomcatWebServer  : Tomcat started on port 8080 (http) with context path '/'
2025-11-20T20:00:18.865-03:00  INFO 5660 --- [nubank-challenge-server] [restartedMain] c.c.n.NubankChallengeServerApplication   : Started NubankChallengeServerApplication in 0.419 seconds (process running for 1577.289)
2025-11-20T20:00:18.866-03:00  INFO 5660 --- [nubank-challenge-server] [restartedMain] .ConditionEvaluationDeltaLoggingListener : Condition evaluation unchanged
2025-11-20T20:03:03.823-03:00  INFO 5660 --- [nubank-challenge-server] [File Watcher] rtingClassPathChangeChangedEventListener : Restarting due to 1 class path change (0 additions, 0 deletions, 1 modification)
2025-11-20T20:03:03.825-03:00  INFO 5660 --- [nubank-challenge-server] [Thread-119] o.s.b.w.e.tomcat.GracefulShutdown        : Commencing graceful shutdown. Waiting for active requests to complete
2025-11-20T20:03:03.826-03:00  INFO 5660 --- [nubank-challenge-server] [tomcat-shutdown] o.s.b.w.e.tomcat.GracefulShutdown        : Graceful shutdown complete
2025-11-20T20:03:03.827-03:00  INFO 5660 --- [nubank-challenge-server] [Thread-119] j.LocalContainerEntityManagerFactoryBean : Closing JPA EntityManagerFactory for persistence unit 'default'
2025-11-20T20:03:03.828-03:00  INFO 5660 --- [nubank-challenge-server] [Thread-119] com.zaxxer.hikari.HikariDataSource       : HikariPool-30 - Shutdown initiated...
2025-11-20T20:03:03.828-03:00  INFO 5660 --- [nubank-challenge-server] [Thread-119] com.zaxxer.hikari.HikariDataSource       : HikariPool-30 - Shutdown completed.
2025-11-20T20:03:03.875-03:00  INFO 5660 --- [nubank-challenge-server] [restartedMain] c.c.n.NubankChallengeServerApplication   : Starting NubankChallengeServerApplication using Java 17.0.14 with PID 5660 (/home/cardosofiles/www/java/development/nubank-challenge-server/target/classes started by cardosofiles in /home/cardosofiles/www/java/development/nubank-challenge-server)
2025-11-20T20:03:03.875-03:00  INFO 5660 --- [nubank-challenge-server] [restartedMain] c.c.n.NubankChallengeServerApplication   : The following 1 profile is active: "dev"
2025-11-20T20:03:03.972-03:00  INFO 5660 --- [nubank-challenge-server] [restartedMain] .s.d.r.c.RepositoryConfigurationDelegate : Bootstrapping Spring Data JPA repositories in DEFAULT mode.
2025-11-20T20:03:03.975-03:00  INFO 5660 --- [nubank-challenge-server] [restartedMain] .s.d.r.c.RepositoryConfigurationDelegate : Finished Spring Data repository scanning in 2 ms. Found 2 JPA repository interfaces.
2025-11-20T20:03:04.016-03:00  INFO 5660 --- [nubank-challenge-server] [restartedMain] o.s.b.w.embedded.tomcat.TomcatWebServer  : Tomcat initialized with port 8080 (http)
2025-11-20T20:03:04.016-03:00  INFO 5660 --- [nubank-challenge-server] [restartedMain] o.apache.catalina.core.StandardService   : Starting service [Tomcat]
2025-11-20T20:03:04.016-03:00  INFO 5660 --- [nubank-challenge-server] [restartedMain] o.apache.catalina.core.StandardEngine    : Starting Servlet engine: [Apache Tomcat/10.1.49]
2025-11-20T20:03:04.020-03:00  INFO 5660 --- [nubank-challenge-server] [restartedMain] o.a.c.c.C.[Tomcat].[localhost].[/]       : Initializing Spring embedded WebApplicationContext
2025-11-20T20:03:04.020-03:00  INFO 5660 --- [nubank-challenge-server] [restartedMain] w.s.c.ServletWebServerApplicationContext : Root WebApplicationContext: initialization completed in 144 ms
2025-11-20T20:03:04.050-03:00  INFO 5660 --- [nubank-challenge-server] [restartedMain] o.hibernate.jpa.internal.util.LogHelper  : HHH000204: Processing PersistenceUnitInfo [name: default]
2025-11-20T20:03:04.051-03:00  INFO 5660 --- [nubank-challenge-server] [restartedMain] o.h.c.internal.RegionFactoryInitiator    : HHH000026: Second-level cache disabled
2025-11-20T20:03:04.053-03:00  INFO 5660 --- [nubank-challenge-server] [restartedMain] o.s.o.j.p.SpringPersistenceUnitInfo      : No LoadTimeWeaver setup: ignoring JPA class transformer
2025-11-20T20:03:04.053-03:00  INFO 5660 --- [nubank-challenge-server] [restartedMain] com.zaxxer.hikari.HikariDataSource       : HikariPool-31 - Starting...
2025-11-20T20:03:04.069-03:00  INFO 5660 --- [nubank-challenge-server] [restartedMain] com.zaxxer.hikari.pool.HikariPool        : HikariPool-31 - Added connection org.postgresql.jdbc.PgConnection@38997cbb
2025-11-20T20:03:04.069-03:00  INFO 5660 --- [nubank-challenge-server] [restartedMain] com.zaxxer.hikari.HikariDataSource       : HikariPool-31 - Start completed.
2025-11-20T20:03:04.073-03:00  WARN 5660 --- [nubank-challenge-server] [restartedMain] org.hibernate.orm.deprecation            : HHH90000025: PostgreSQLDialect does not need to be specified explicitly using 'hibernate.dialect' (remove the property setting and it will be selected by default)
2025-11-20T20:03:04.075-03:00  INFO 5660 --- [nubank-challenge-server] [restartedMain] org.hibernate.orm.connections.pooling    : HHH10001005: Database info:
	Database JDBC URL [Connecting through datasource 'HikariDataSource (HikariPool-31)']
	Database driver: undefined/unknown
	Database version: 15.15
	Autocommit mode: undefined/unknown
	Isolation level: undefined/unknown
	Minimum pool size: undefined/unknown
	Maximum pool size: undefined/unknown
2025-11-20T20:03:04.103-03:00  INFO 5660 --- [nubank-challenge-server] [restartedMain] o.h.e.t.j.p.i.JtaPlatformInitiator       : HHH000489: No JTA platform available (set 'hibernate.transaction.jta.platform' to enable JTA platform integration)
2025-11-20T20:03:04.103-03:00 DEBUG 5660 --- [nubank-challenge-server] [restartedMain] org.hibernate.SQL                        : 
    set client_min_messages = WARNING
2025-11-20T20:03:04.104-03:00 DEBUG 5660 --- [nubank-challenge-server] [restartedMain] org.hibernate.SQL                        : 
    alter table if exists contacts 
       drop constraint if exists FKnk1ggjf4353tv92tdfa5ogcfj
2025-11-20T20:03:04.111-03:00 DEBUG 5660 --- [nubank-challenge-server] [restartedMain] org.hibernate.SQL                        : 
    drop table if exists clients cascade
2025-11-20T20:03:04.115-03:00 DEBUG 5660 --- [nubank-challenge-server] [restartedMain] org.hibernate.SQL                        : 
    drop table if exists contacts cascade
2025-11-20T20:03:04.123-03:00 DEBUG 5660 --- [nubank-challenge-server] [restartedMain] org.hibernate.SQL                        : 
    create table clients (
        id bigint generated by default as identity,
        name varchar(255),
        primary key (id)
    )
2025-11-20T20:03:04.139-03:00 DEBUG 5660 --- [nubank-challenge-server] [restartedMain] org.hibernate.SQL                        : 
    create table contacts (
        clients_id bigint,
        id bigint generated by default as identity,
        email varchar(255),
        phone_number varchar(255),
        primary key (id)
    )
2025-11-20T20:03:04.159-03:00 DEBUG 5660 --- [nubank-challenge-server] [restartedMain] org.hibernate.SQL                        : 
    alter table if exists contacts 
       add constraint FKnk1ggjf4353tv92tdfa5ogcfj 
       foreign key (clients_id) 
       references clients
2025-11-20T20:03:04.167-03:00  INFO 5660 --- [nubank-challenge-server] [restartedMain] j.LocalContainerEntityManagerFactoryBean : Initialized JPA EntityManagerFactory for persistence unit 'default'
2025-11-20T20:03:04.264-03:00  INFO 5660 --- [nubank-challenge-server] [restartedMain] o.s.b.d.a.OptionalLiveReloadServer       : LiveReload server is running on port 35729
2025-11-20T20:03:04.265-03:00  INFO 5660 --- [nubank-challenge-server] [restartedMain] o.s.b.a.e.web.EndpointLinksResolver      : Exposing 1 endpoint beneath base path '/actuator'
2025-11-20T20:03:04.275-03:00  INFO 5660 --- [nubank-challenge-server] [restartedMain] o.s.b.w.embedded.tomcat.TomcatWebServer  : Tomcat started on port 8080 (http) with context path '/'
2025-11-20T20:03:04.281-03:00  INFO 5660 --- [nubank-challenge-server] [restartedMain] c.c.n.NubankChallengeServerApplication   : Started NubankChallengeServerApplication in 0.415 seconds (process running for 1735.283)
2025-11-20T20:03:04.282-03:00  INFO 5660 --- [nubank-challenge-server] [restartedMain] .ConditionEvaluationDeltaLoggingListener : Condition evaluation unchanged
2025-11-20T20:03:25.324-03:00  INFO 5660 --- [nubank-challenge-server] [File Watcher] rtingClassPathChangeChangedEventListener : Restarting due to 1 class path change (0 additions, 0 deletions, 1 modification)
2025-11-20T20:03:25.325-03:00  INFO 5660 --- [nubank-challenge-server] [Thread-123] o.s.b.w.e.tomcat.GracefulShutdown        : Commencing graceful shutdown. Waiting for active requests to complete
2025-11-20T20:03:25.327-03:00  INFO 5660 --- [nubank-challenge-server] [tomcat-shutdown] o.s.b.w.e.tomcat.GracefulShutdown        : Graceful shutdown complete
2025-11-20T20:03:25.329-03:00  INFO 5660 --- [nubank-challenge-server] [Thread-123] j.LocalContainerEntityManagerFactoryBean : Closing JPA EntityManagerFactory for persistence unit 'default'
2025-11-20T20:03:25.330-03:00  INFO 5660 --- [nubank-challenge-server] [Thread-123] com.zaxxer.hikari.HikariDataSource       : HikariPool-31 - Shutdown initiated...
2025-11-20T20:03:25.331-03:00  INFO 5660 --- [nubank-challenge-server] [Thread-123] com.zaxxer.hikari.HikariDataSource       : HikariPool-31 - Shutdown completed.
2025-11-20T20:03:25.415-03:00  INFO 5660 --- [nubank-challenge-server] [restartedMain] c.c.n.NubankChallengeServerApplication   : Starting NubankChallengeServerApplication using Java 17.0.14 with PID 5660 (/home/cardosofiles/www/java/development/nubank-challenge-server/target/classes started by cardosofiles in /home/cardosofiles/www/java/development/nubank-challenge-server)
2025-11-20T20:03:25.415-03:00  INFO 5660 --- [nubank-challenge-server] [restartedMain] c.c.n.NubankChallengeServerApplication   : The following 1 profile is active: "dev"
2025-11-20T20:03:25.542-03:00  INFO 5660 --- [nubank-challenge-server] [restartedMain] .s.d.r.c.RepositoryConfigurationDelegate : Bootstrapping Spring Data JPA repositories in DEFAULT mode.
2025-11-20T20:03:25.548-03:00  INFO 5660 --- [nubank-challenge-server] [restartedMain] .s.d.r.c.RepositoryConfigurationDelegate : Finished Spring Data repository scanning in 4 ms. Found 2 JPA repository interfaces.
2025-11-20T20:03:25.601-03:00  INFO 5660 --- [nubank-challenge-server] [restartedMain] o.s.b.w.embedded.tomcat.TomcatWebServer  : Tomcat initialized with port 8080 (http)
2025-11-20T20:03:25.601-03:00  INFO 5660 --- [nubank-challenge-server] [restartedMain] o.apache.catalina.core.StandardService   : Starting service [Tomcat]
2025-11-20T20:03:25.602-03:00  INFO 5660 --- [nubank-challenge-server] [restartedMain] o.apache.catalina.core.StandardEngine    : Starting Servlet engine: [Apache Tomcat/10.1.49]
2025-11-20T20:03:25.614-03:00  INFO 5660 --- [nubank-challenge-server] [restartedMain] o.a.c.c.C.[Tomcat].[localhost].[/]       : Initializing Spring embedded WebApplicationContext
2025-11-20T20:03:25.614-03:00  INFO 5660 --- [nubank-challenge-server] [restartedMain] w.s.c.ServletWebServerApplicationContext : Root WebApplicationContext: initialization completed in 198 ms
2025-11-20T20:03:25.659-03:00  INFO 5660 --- [nubank-challenge-server] [restartedMain] o.hibernate.jpa.internal.util.LogHelper  : HHH000204: Processing PersistenceUnitInfo [name: default]
2025-11-20T20:03:25.659-03:00  INFO 5660 --- [nubank-challenge-server] [restartedMain] o.h.c.internal.RegionFactoryInitiator    : HHH000026: Second-level cache disabled
2025-11-20T20:03:25.663-03:00  INFO 5660 --- [nubank-challenge-server] [restartedMain] o.s.o.j.p.SpringPersistenceUnitInfo      : No LoadTimeWeaver setup: ignoring JPA class transformer
2025-11-20T20:03:25.664-03:00  INFO 5660 --- [nubank-challenge-server] [restartedMain] com.zaxxer.hikari.HikariDataSource       : HikariPool-32 - Starting...
2025-11-20T20:03:25.682-03:00  INFO 5660 --- [nubank-challenge-server] [restartedMain] com.zaxxer.hikari.pool.HikariPool        : HikariPool-32 - Added connection org.postgresql.jdbc.PgConnection@315313b6
2025-11-20T20:03:25.682-03:00  INFO 5660 --- [nubank-challenge-server] [restartedMain] com.zaxxer.hikari.HikariDataSource       : HikariPool-32 - Start completed.
2025-11-20T20:03:25.684-03:00  WARN 5660 --- [nubank-challenge-server] [restartedMain] org.hibernate.orm.deprecation            : HHH90000025: PostgreSQLDialect does not need to be specified explicitly using 'hibernate.dialect' (remove the property setting and it will be selected by default)
2025-11-20T20:03:25.686-03:00  INFO 5660 --- [nubank-challenge-server] [restartedMain] org.hibernate.orm.connections.pooling    : HHH10001005: Database info:
	Database JDBC URL [Connecting through datasource 'HikariDataSource (HikariPool-32)']
	Database driver: undefined/unknown
	Database version: 15.15
	Autocommit mode: undefined/unknown
	Isolation level: undefined/unknown
	Minimum pool size: undefined/unknown
	Maximum pool size: undefined/unknown
2025-11-20T20:03:25.724-03:00  INFO 5660 --- [nubank-challenge-server] [restartedMain] o.h.e.t.j.p.i.JtaPlatformInitiator       : HHH000489: No JTA platform available (set 'hibernate.transaction.jta.platform' to enable JTA platform integration)
2025-11-20T20:03:25.725-03:00 DEBUG 5660 --- [nubank-challenge-server] [restartedMain] org.hibernate.SQL                        : 
    set client_min_messages = WARNING
2025-11-20T20:03:25.726-03:00 DEBUG 5660 --- [nubank-challenge-server] [restartedMain] org.hibernate.SQL                        : 
    alter table if exists contacts 
       drop constraint if exists FKnk1ggjf4353tv92tdfa5ogcfj
2025-11-20T20:03:25.743-03:00 DEBUG 5660 --- [nubank-challenge-server] [restartedMain] org.hibernate.SQL                        : 
    drop table if exists clients cascade
2025-11-20T20:03:25.748-03:00 DEBUG 5660 --- [nubank-challenge-server] [restartedMain] org.hibernate.SQL                        : 
    drop table if exists contacts cascade
2025-11-20T20:03:25.754-03:00 DEBUG 5660 --- [nubank-challenge-server] [restartedMain] org.hibernate.SQL                        : 
    create table clients (
        id bigint generated by default as identity,
        name varchar(255),
        primary key (id)
    )
2025-11-20T20:03:25.769-03:00 DEBUG 5660 --- [nubank-challenge-server] [restartedMain] org.hibernate.SQL                        : 
    create table contacts (
        clients_id bigint,
        id bigint generated by default as identity,
        email varchar(255),
        phone_number varchar(255),
        primary key (id)
    )
2025-11-20T20:03:25.788-03:00 DEBUG 5660 --- [nubank-challenge-server] [restartedMain] org.hibernate.SQL                        : 
    alter table if exists contacts 
       add constraint FKnk1ggjf4353tv92tdfa5ogcfj 
       foreign key (clients_id) 
       references clients
2025-11-20T20:03:25.799-03:00  INFO 5660 --- [nubank-challenge-server] [restartedMain] j.LocalContainerEntityManagerFactoryBean : Initialized JPA EntityManagerFactory for persistence unit 'default'
2025-11-20T20:03:25.980-03:00  INFO 5660 --- [nubank-challenge-server] [restartedMain] o.s.b.d.a.OptionalLiveReloadServer       : LiveReload server is running on port 35729
2025-11-20T20:03:25.982-03:00  INFO 5660 --- [nubank-challenge-server] [restartedMain] o.s.b.a.e.web.EndpointLinksResolver      : Exposing 1 endpoint beneath base path '/actuator'
2025-11-20T20:03:26.000-03:00  INFO 5660 --- [nubank-challenge-server] [restartedMain] o.s.b.w.embedded.tomcat.TomcatWebServer  : Tomcat started on port 8080 (http) with context path '/'
2025-11-20T20:03:26.011-03:00  INFO 5660 --- [nubank-challenge-server] [restartedMain] c.c.n.NubankChallengeServerApplication   : Started NubankChallengeServerApplication in 0.606 seconds (process running for 1756.373)
2025-11-20T20:03:26.014-03:00  INFO 5660 --- [nubank-challenge-server] [restartedMain] .ConditionEvaluationDeltaLoggingListener : Condition evaluation unchanged
2025-11-20T20:03:29.385-03:00  INFO 5660 --- [nubank-challenge-server] [File Watcher] rtingClassPathChangeChangedEventListener : Restarting due to 1 class path change (0 additions, 0 deletions, 1 modification)
2025-11-20T20:03:29.388-03:00  INFO 5660 --- [nubank-challenge-server] [Thread-127] o.s.b.w.e.tomcat.GracefulShutdown        : Commencing graceful shutdown. Waiting for active requests to complete
2025-11-20T20:03:29.392-03:00  INFO 5660 --- [nubank-challenge-server] [tomcat-shutdown] o.s.b.w.e.tomcat.GracefulShutdown        : Graceful shutdown complete
2025-11-20T20:03:29.397-03:00  INFO 5660 --- [nubank-challenge-server] [Thread-127] j.LocalContainerEntityManagerFactoryBean : Closing JPA EntityManagerFactory for persistence unit 'default'
2025-11-20T20:03:29.398-03:00  INFO 5660 --- [nubank-challenge-server] [Thread-127] com.zaxxer.hikari.HikariDataSource       : HikariPool-32 - Shutdown initiated...
2025-11-20T20:03:29.400-03:00  INFO 5660 --- [nubank-challenge-server] [Thread-127] com.zaxxer.hikari.HikariDataSource       : HikariPool-32 - Shutdown completed.
2025-11-20T20:03:29.470-03:00  INFO 5660 --- [nubank-challenge-server] [restartedMain] c.c.n.NubankChallengeServerApplication   : Starting NubankChallengeServerApplication using Java 17.0.14 with PID 5660 (/home/cardosofiles/www/java/development/nubank-challenge-server/target/classes started by cardosofiles in /home/cardosofiles/www/java/development/nubank-challenge-server)
2025-11-20T20:03:29.470-03:00  INFO 5660 --- [nubank-challenge-server] [restartedMain] c.c.n.NubankChallengeServerApplication   : The following 1 profile is active: "dev"
2025-11-20T20:03:29.593-03:00  INFO 5660 --- [nubank-challenge-server] [restartedMain] .s.d.r.c.RepositoryConfigurationDelegate : Bootstrapping Spring Data JPA repositories in DEFAULT mode.
2025-11-20T20:03:29.596-03:00  INFO 5660 --- [nubank-challenge-server] [restartedMain] .s.d.r.c.RepositoryConfigurationDelegate : Finished Spring Data repository scanning in 2 ms. Found 2 JPA repository interfaces.
2025-11-20T20:03:29.637-03:00  INFO 5660 --- [nubank-challenge-server] [restartedMain] o.s.b.w.embedded.tomcat.TomcatWebServer  : Tomcat initialized with port 8080 (http)
2025-11-20T20:03:29.637-03:00  INFO 5660 --- [nubank-challenge-server] [restartedMain] o.apache.catalina.core.StandardService   : Starting service [Tomcat]
2025-11-20T20:03:29.638-03:00  INFO 5660 --- [nubank-challenge-server] [restartedMain] o.apache.catalina.core.StandardEngine    : Starting Servlet engine: [Apache Tomcat/10.1.49]
2025-11-20T20:03:29.642-03:00  INFO 5660 --- [nubank-challenge-server] [restartedMain] o.a.c.c.C.[Tomcat].[localhost].[/]       : Initializing Spring embedded WebApplicationContext
2025-11-20T20:03:29.642-03:00  INFO 5660 --- [nubank-challenge-server] [restartedMain] w.s.c.ServletWebServerApplicationContext : Root WebApplicationContext: initialization completed in 171 ms
2025-11-20T20:03:29.679-03:00  INFO 5660 --- [nubank-challenge-server] [restartedMain] o.hibernate.jpa.internal.util.LogHelper  : HHH000204: Processing PersistenceUnitInfo [name: default]
2025-11-20T20:03:29.680-03:00  INFO 5660 --- [nubank-challenge-server] [restartedMain] o.h.c.internal.RegionFactoryInitiator    : HHH000026: Second-level cache disabled
2025-11-20T20:03:29.683-03:00  INFO 5660 --- [nubank-challenge-server] [restartedMain] o.s.o.j.p.SpringPersistenceUnitInfo      : No LoadTimeWeaver setup: ignoring JPA class transformer
2025-11-20T20:03:29.683-03:00  INFO 5660 --- [nubank-challenge-server] [restartedMain] com.zaxxer.hikari.HikariDataSource       : HikariPool-33 - Starting...
2025-11-20T20:03:29.702-03:00  INFO 5660 --- [nubank-challenge-server] [restartedMain] com.zaxxer.hikari.pool.HikariPool        : HikariPool-33 - Added connection org.postgresql.jdbc.PgConnection@23ee028f
2025-11-20T20:03:29.702-03:00  INFO 5660 --- [nubank-challenge-server] [restartedMain] com.zaxxer.hikari.HikariDataSource       : HikariPool-33 - Start completed.
2025-11-20T20:03:29.705-03:00  WARN 5660 --- [nubank-challenge-server] [restartedMain] org.hibernate.orm.deprecation            : HHH90000025: PostgreSQLDialect does not need to be specified explicitly using 'hibernate.dialect' (remove the property setting and it will be selected by default)
2025-11-20T20:03:29.707-03:00  INFO 5660 --- [nubank-challenge-server] [restartedMain] org.hibernate.orm.connections.pooling    : HHH10001005: Database info:
	Database JDBC URL [Connecting through datasource 'HikariDataSource (HikariPool-33)']
	Database driver: undefined/unknown
	Database version: 15.15
	Autocommit mode: undefined/unknown
	Isolation level: undefined/unknown
	Minimum pool size: undefined/unknown
	Maximum pool size: undefined/unknown
2025-11-20T20:03:29.732-03:00  INFO 5660 --- [nubank-challenge-server] [restartedMain] o.h.e.t.j.p.i.JtaPlatformInitiator       : HHH000489: No JTA platform available (set 'hibernate.transaction.jta.platform' to enable JTA platform integration)
2025-11-20T20:03:29.732-03:00 DEBUG 5660 --- [nubank-challenge-server] [restartedMain] org.hibernate.SQL                        : 
    set client_min_messages = WARNING
2025-11-20T20:03:29.733-03:00 DEBUG 5660 --- [nubank-challenge-server] [restartedMain] org.hibernate.SQL                        : 
    alter table if exists contacts 
       drop constraint if exists FKnk1ggjf4353tv92tdfa5ogcfj
2025-11-20T20:03:29.740-03:00 DEBUG 5660 --- [nubank-challenge-server] [restartedMain] org.hibernate.SQL                        : 
    drop table if exists clients cascade
2025-11-20T20:03:29.746-03:00 DEBUG 5660 --- [nubank-challenge-server] [restartedMain] org.hibernate.SQL                        : 
    drop table if exists contacts cascade
2025-11-20T20:03:29.753-03:00 DEBUG 5660 --- [nubank-challenge-server] [restartedMain] org.hibernate.SQL                        : 
    create table clients (
        id bigint generated by default as identity,
        name varchar(255),
        primary key (id)
    )
2025-11-20T20:03:29.764-03:00 DEBUG 5660 --- [nubank-challenge-server] [restartedMain] org.hibernate.SQL                        : 
    create table contacts (
        clients_id bigint,
        id bigint generated by default as identity,
        email varchar(255),
        phone_number varchar(255),
        primary key (id)
    )
2025-11-20T20:03:29.784-03:00 DEBUG 5660 --- [nubank-challenge-server] [restartedMain] org.hibernate.SQL                        : 
    alter table if exists contacts 
       add constraint FKnk1ggjf4353tv92tdfa5ogcfj 
       foreign key (clients_id) 
       references clients
2025-11-20T20:03:29.791-03:00  INFO 5660 --- [nubank-challenge-server] [restartedMain] j.LocalContainerEntityManagerFactoryBean : Initialized JPA EntityManagerFactory for persistence unit 'default'
2025-11-20T20:03:29.899-03:00  INFO 5660 --- [nubank-challenge-server] [restartedMain] o.s.b.d.a.OptionalLiveReloadServer       : LiveReload server is running on port 35729
2025-11-20T20:03:29.901-03:00  INFO 5660 --- [nubank-challenge-server] [restartedMain] o.s.b.a.e.web.EndpointLinksResolver      : Exposing 1 endpoint beneath base path '/actuator'
2025-11-20T20:03:29.914-03:00  INFO 5660 --- [nubank-challenge-server] [restartedMain] o.s.b.w.embedded.tomcat.TomcatWebServer  : Tomcat started on port 8080 (http) with context path '/'
2025-11-20T20:03:29.921-03:00  INFO 5660 --- [nubank-challenge-server] [restartedMain] c.c.n.NubankChallengeServerApplication   : Started NubankChallengeServerApplication in 0.462 seconds (process running for 1760.283)
2025-11-20T20:03:29.922-03:00  INFO 5660 --- [nubank-challenge-server] [restartedMain] .ConditionEvaluationDeltaLoggingListener : Condition evaluation unchanged
2025-11-20T20:07:44.112-03:00  INFO 5660 --- [nubank-challenge-server] [File Watcher] rtingClassPathChangeChangedEventListener : Restarting due to 1 class path change (0 additions, 0 deletions, 1 modification)
2025-11-20T20:07:44.117-03:00  INFO 5660 --- [nubank-challenge-server] [Thread-131] o.s.b.w.e.tomcat.GracefulShutdown        : Commencing graceful shutdown. Waiting for active requests to complete
2025-11-20T20:07:44.120-03:00  INFO 5660 --- [nubank-challenge-server] [tomcat-shutdown] o.s.b.w.e.tomcat.GracefulShutdown        : Graceful shutdown complete
2025-11-20T20:07:44.124-03:00  INFO 5660 --- [nubank-challenge-server] [Thread-131] j.LocalContainerEntityManagerFactoryBean : Closing JPA EntityManagerFactory for persistence unit 'default'
2025-11-20T20:07:44.126-03:00  INFO 5660 --- [nubank-challenge-server] [Thread-131] com.zaxxer.hikari.HikariDataSource       : HikariPool-33 - Shutdown initiated...
2025-11-20T20:07:44.128-03:00  INFO 5660 --- [nubank-challenge-server] [Thread-131] com.zaxxer.hikari.HikariDataSource       : HikariPool-33 - Shutdown completed.
2025-11-20T20:07:44.198-03:00  INFO 5660 --- [nubank-challenge-server] [restartedMain] c.c.n.NubankChallengeServerApplication   : Starting NubankChallengeServerApplication using Java 17.0.14 with PID 5660 (/home/cardosofiles/www/java/development/nubank-challenge-server/target/classes started by cardosofiles in /home/cardosofiles/www/java/development/nubank-challenge-server)
2025-11-20T20:07:44.198-03:00  INFO 5660 --- [nubank-challenge-server] [restartedMain] c.c.n.NubankChallengeServerApplication   : The following 1 profile is active: "dev"
2025-11-20T20:07:44.315-03:00  INFO 5660 --- [nubank-challenge-server] [restartedMain] .s.d.r.c.RepositoryConfigurationDelegate : Bootstrapping Spring Data JPA repositories in DEFAULT mode.
2025-11-20T20:07:44.319-03:00  INFO 5660 --- [nubank-challenge-server] [restartedMain] .s.d.r.c.RepositoryConfigurationDelegate : Finished Spring Data repository scanning in 3 ms. Found 2 JPA repository interfaces.
2025-11-20T20:07:44.364-03:00  INFO 5660 --- [nubank-challenge-server] [restartedMain] o.s.b.w.embedded.tomcat.TomcatWebServer  : Tomcat initialized with port 8080 (http)
2025-11-20T20:07:44.365-03:00  INFO 5660 --- [nubank-challenge-server] [restartedMain] o.apache.catalina.core.StandardService   : Starting service [Tomcat]
2025-11-20T20:07:44.365-03:00  INFO 5660 --- [nubank-challenge-server] [restartedMain] o.apache.catalina.core.StandardEngine    : Starting Servlet engine: [Apache Tomcat/10.1.49]
2025-11-20T20:07:44.369-03:00  INFO 5660 --- [nubank-challenge-server] [restartedMain] o.a.c.c.C.[Tomcat].[localhost].[/]       : Initializing Spring embedded WebApplicationContext
2025-11-20T20:07:44.370-03:00  INFO 5660 --- [nubank-challenge-server] [restartedMain] w.s.c.ServletWebServerApplicationContext : Root WebApplicationContext: initialization completed in 171 ms
2025-11-20T20:07:44.404-03:00  INFO 5660 --- [nubank-challenge-server] [restartedMain] o.hibernate.jpa.internal.util.LogHelper  : HHH000204: Processing PersistenceUnitInfo [name: default]
2025-11-20T20:07:44.405-03:00  INFO 5660 --- [nubank-challenge-server] [restartedMain] o.h.c.internal.RegionFactoryInitiator    : HHH000026: Second-level cache disabled
2025-11-20T20:07:44.408-03:00  INFO 5660 --- [nubank-challenge-server] [restartedMain] o.s.o.j.p.SpringPersistenceUnitInfo      : No LoadTimeWeaver setup: ignoring JPA class transformer
2025-11-20T20:07:44.408-03:00  INFO 5660 --- [nubank-challenge-server] [restartedMain] com.zaxxer.hikari.HikariDataSource       : HikariPool-34 - Starting...
2025-11-20T20:07:44.422-03:00  INFO 5660 --- [nubank-challenge-server] [restartedMain] com.zaxxer.hikari.pool.HikariPool        : HikariPool-34 - Added connection org.postgresql.jdbc.PgConnection@5caef968
2025-11-20T20:07:44.422-03:00  INFO 5660 --- [nubank-challenge-server] [restartedMain] com.zaxxer.hikari.HikariDataSource       : HikariPool-34 - Start completed.
2025-11-20T20:07:44.424-03:00  WARN 5660 --- [nubank-challenge-server] [restartedMain] org.hibernate.orm.deprecation            : HHH90000025: PostgreSQLDialect does not need to be specified explicitly using 'hibernate.dialect' (remove the property setting and it will be selected by default)
2025-11-20T20:07:44.426-03:00  INFO 5660 --- [nubank-challenge-server] [restartedMain] org.hibernate.orm.connections.pooling    : HHH10001005: Database info:
	Database JDBC URL [Connecting through datasource 'HikariDataSource (HikariPool-34)']
	Database driver: undefined/unknown
	Database version: 15.15
	Autocommit mode: undefined/unknown
	Isolation level: undefined/unknown
	Minimum pool size: undefined/unknown
	Maximum pool size: undefined/unknown
2025-11-20T20:07:44.443-03:00  INFO 5660 --- [nubank-challenge-server] [restartedMain] o.h.e.t.j.p.i.JtaPlatformInitiator       : HHH000489: No JTA platform available (set 'hibernate.transaction.jta.platform' to enable JTA platform integration)
2025-11-20T20:07:44.443-03:00 DEBUG 5660 --- [nubank-challenge-server] [restartedMain] org.hibernate.SQL                        : 
    set client_min_messages = WARNING
2025-11-20T20:07:44.444-03:00 DEBUG 5660 --- [nubank-challenge-server] [restartedMain] org.hibernate.SQL                        : 
    alter table if exists contacts 
       drop constraint if exists FKnk1ggjf4353tv92tdfa5ogcfj
2025-11-20T20:07:44.450-03:00 DEBUG 5660 --- [nubank-challenge-server] [restartedMain] org.hibernate.SQL                        : 
    drop table if exists clients cascade
2025-11-20T20:07:44.456-03:00 DEBUG 5660 --- [nubank-challenge-server] [restartedMain] org.hibernate.SQL                        : 
    drop table if exists contacts cascade
2025-11-20T20:07:44.463-03:00 DEBUG 5660 --- [nubank-challenge-server] [restartedMain] org.hibernate.SQL                        : 
    create table clients (
        id bigint generated by default as identity,
        name varchar(255),
        primary key (id)
    )
2025-11-20T20:07:44.475-03:00 DEBUG 5660 --- [nubank-challenge-server] [restartedMain] org.hibernate.SQL                        : 
    create table contacts (
        clients_id bigint,
        id bigint generated by default as identity,
        email varchar(255),
        phone_number varchar(255),
        primary key (id)
    )
2025-11-20T20:07:44.493-03:00 DEBUG 5660 --- [nubank-challenge-server] [restartedMain] org.hibernate.SQL                        : 
    alter table if exists contacts 
       add constraint FKnk1ggjf4353tv92tdfa5ogcfj 
       foreign key (clients_id) 
       references clients
2025-11-20T20:07:44.499-03:00  INFO 5660 --- [nubank-challenge-server] [restartedMain] j.LocalContainerEntityManagerFactoryBean : Initialized JPA EntityManagerFactory for persistence unit 'default'
2025-11-20T20:07:44.602-03:00  INFO 5660 --- [nubank-challenge-server] [restartedMain] o.s.b.d.a.OptionalLiveReloadServer       : LiveReload server is running on port 35729
2025-11-20T20:07:44.604-03:00  INFO 5660 --- [nubank-challenge-server] [restartedMain] o.s.b.a.e.web.EndpointLinksResolver      : Exposing 1 endpoint beneath base path '/actuator'
2025-11-20T20:07:44.616-03:00  INFO 5660 --- [nubank-challenge-server] [restartedMain] o.s.b.w.embedded.tomcat.TomcatWebServer  : Tomcat started on port 8080 (http) with context path '/'
2025-11-20T20:07:44.623-03:00  INFO 5660 --- [nubank-challenge-server] [restartedMain] c.c.n.NubankChallengeServerApplication   : Started NubankChallengeServerApplication in 0.435 seconds (process running for 2002.405)
2025-11-20T20:07:44.624-03:00  INFO 5660 --- [nubank-challenge-server] [restartedMain] .ConditionEvaluationDeltaLoggingListener : Condition evaluation unchanged
2025-11-20T20:43:11.361-03:00  INFO 5660 --- [nubank-challenge-server] [File Watcher] rtingClassPathChangeChangedEventListener : Restarting due to 15 class path changes (0 additions, 0 deletions, 15 modifications)
2025-11-20T20:43:11.365-03:00  INFO 5660 --- [nubank-challenge-server] [Thread-135] o.s.b.w.e.tomcat.GracefulShutdown        : Commencing graceful shutdown. Waiting for active requests to complete
2025-11-20T20:43:11.368-03:00  INFO 5660 --- [nubank-challenge-server] [tomcat-shutdown] o.s.b.w.e.tomcat.GracefulShutdown        : Graceful shutdown complete
2025-11-20T20:43:11.372-03:00  INFO 5660 --- [nubank-challenge-server] [Thread-135] j.LocalContainerEntityManagerFactoryBean : Closing JPA EntityManagerFactory for persistence unit 'default'
2025-11-20T20:43:11.374-03:00  INFO 5660 --- [nubank-challenge-server] [Thread-135] com.zaxxer.hikari.HikariDataSource       : HikariPool-34 - Shutdown initiated...
2025-11-20T20:43:11.376-03:00  INFO 5660 --- [nubank-challenge-server] [Thread-135] com.zaxxer.hikari.HikariDataSource       : HikariPool-34 - Shutdown completed.
2025-11-20T20:43:11.463-03:00  INFO 5660 --- [nubank-challenge-server] [restartedMain] c.c.n.NubankChallengeServerApplication   : Starting NubankChallengeServerApplication using Java 17.0.14 with PID 5660 (/home/cardosofiles/www/java/development/nubank-challenge-server/target/classes started by cardosofiles in /home/cardosofiles/www/java/development/nubank-challenge-server)
2025-11-20T20:43:11.463-03:00  INFO 5660 --- [nubank-challenge-server] [restartedMain] c.c.n.NubankChallengeServerApplication   : The following 1 profile is active: "dev"
2025-11-20T20:43:11.625-03:00  INFO 5660 --- [nubank-challenge-server] [restartedMain] .s.d.r.c.RepositoryConfigurationDelegate : Bootstrapping Spring Data JPA repositories in DEFAULT mode.
2025-11-20T20:43:11.628-03:00  INFO 5660 --- [nubank-challenge-server] [restartedMain] .s.d.r.c.RepositoryConfigurationDelegate : Finished Spring Data repository scanning in 2 ms. Found 2 JPA repository interfaces.
2025-11-20T20:43:11.681-03:00  INFO 5660 --- [nubank-challenge-server] [restartedMain] o.s.b.w.embedded.tomcat.TomcatWebServer  : Tomcat initialized with port 8080 (http)
2025-11-20T20:43:11.682-03:00  INFO 5660 --- [nubank-challenge-server] [restartedMain] o.apache.catalina.core.StandardService   : Starting service [Tomcat]
2025-11-20T20:43:11.682-03:00  INFO 5660 --- [nubank-challenge-server] [restartedMain] o.apache.catalina.core.StandardEngine    : Starting Servlet engine: [Apache Tomcat/10.1.49]
2025-11-20T20:43:11.687-03:00  INFO 5660 --- [nubank-challenge-server] [restartedMain] o.a.c.c.C.[Tomcat].[localhost].[/]       : Initializing Spring embedded WebApplicationContext
2025-11-20T20:43:11.687-03:00  INFO 5660 --- [nubank-challenge-server] [restartedMain] w.s.c.ServletWebServerApplicationContext : Root WebApplicationContext: initialization completed in 222 ms
2025-11-20T20:43:11.732-03:00  INFO 5660 --- [nubank-challenge-server] [restartedMain] o.hibernate.jpa.internal.util.LogHelper  : HHH000204: Processing PersistenceUnitInfo [name: default]
2025-11-20T20:43:11.733-03:00  INFO 5660 --- [nubank-challenge-server] [restartedMain] o.h.c.internal.RegionFactoryInitiator    : HHH000026: Second-level cache disabled
2025-11-20T20:43:11.738-03:00  INFO 5660 --- [nubank-challenge-server] [restartedMain] o.s.o.j.p.SpringPersistenceUnitInfo      : No LoadTimeWeaver setup: ignoring JPA class transformer
2025-11-20T20:43:11.739-03:00  INFO 5660 --- [nubank-challenge-server] [restartedMain] com.zaxxer.hikari.HikariDataSource       : HikariPool-35 - Starting...
2025-11-20T20:43:11.753-03:00  INFO 5660 --- [nubank-challenge-server] [restartedMain] com.zaxxer.hikari.pool.HikariPool        : HikariPool-35 - Added connection org.postgresql.jdbc.PgConnection@4f3a3f05
2025-11-20T20:43:11.753-03:00  INFO 5660 --- [nubank-challenge-server] [restartedMain] com.zaxxer.hikari.HikariDataSource       : HikariPool-35 - Start completed.
2025-11-20T20:43:11.755-03:00  WARN 5660 --- [nubank-challenge-server] [restartedMain] org.hibernate.orm.deprecation            : HHH90000025: PostgreSQLDialect does not need to be specified explicitly using 'hibernate.dialect' (remove the property setting and it will be selected by default)
2025-11-20T20:43:11.757-03:00  INFO 5660 --- [nubank-challenge-server] [restartedMain] org.hibernate.orm.connections.pooling    : HHH10001005: Database info:
	Database JDBC URL [Connecting through datasource 'HikariDataSource (HikariPool-35)']
	Database driver: undefined/unknown
	Database version: 15.15
	Autocommit mode: undefined/unknown
	Isolation level: undefined/unknown
	Minimum pool size: undefined/unknown
	Maximum pool size: undefined/unknown
2025-11-20T20:43:11.775-03:00  INFO 5660 --- [nubank-challenge-server] [restartedMain] o.h.e.t.j.p.i.JtaPlatformInitiator       : HHH000489: No JTA platform available (set 'hibernate.transaction.jta.platform' to enable JTA platform integration)
2025-11-20T20:43:11.775-03:00 DEBUG 5660 --- [nubank-challenge-server] [restartedMain] org.hibernate.SQL                        : 
    set client_min_messages = WARNING
2025-11-20T20:43:11.776-03:00 DEBUG 5660 --- [nubank-challenge-server] [restartedMain] org.hibernate.SQL                        : 
    alter table if exists contacts 
       drop constraint if exists FKnk1ggjf4353tv92tdfa5ogcfj
2025-11-20T20:43:11.781-03:00 DEBUG 5660 --- [nubank-challenge-server] [restartedMain] org.hibernate.SQL                        : 
    drop table if exists clients cascade
2025-11-20T20:43:11.786-03:00 DEBUG 5660 --- [nubank-challenge-server] [restartedMain] org.hibernate.SQL                        : 
    drop table if exists contacts cascade
2025-11-20T20:43:11.791-03:00 DEBUG 5660 --- [nubank-challenge-server] [restartedMain] org.hibernate.SQL                        : 
    create table clients (
        id bigint generated by default as identity,
        name varchar(255),
        primary key (id)
    )
2025-11-20T20:43:11.802-03:00 DEBUG 5660 --- [nubank-challenge-server] [restartedMain] org.hibernate.SQL                        : 
    create table contacts (
        clients_id bigint,
        id bigint generated by default as identity,
        email varchar(255),
        phone_number varchar(255),
        primary key (id)
    )
2025-11-20T20:43:11.816-03:00 DEBUG 5660 --- [nubank-challenge-server] [restartedMain] org.hibernate.SQL                        : 
    alter table if exists contacts 
       add constraint FKnk1ggjf4353tv92tdfa5ogcfj 
       foreign key (clients_id) 
       references clients
2025-11-20T20:43:11.822-03:00  INFO 5660 --- [nubank-challenge-server] [restartedMain] j.LocalContainerEntityManagerFactoryBean : Initialized JPA EntityManagerFactory for persistence unit 'default'
2025-11-20T20:43:11.934-03:00  INFO 5660 --- [nubank-challenge-server] [restartedMain] o.s.b.d.a.OptionalLiveReloadServer       : LiveReload server is running on port 35729
2025-11-20T20:43:11.936-03:00  INFO 5660 --- [nubank-challenge-server] [restartedMain] o.s.b.a.e.web.EndpointLinksResolver      : Exposing 1 endpoint beneath base path '/actuator'
2025-11-20T20:43:11.946-03:00  INFO 5660 --- [nubank-challenge-server] [restartedMain] o.s.b.w.embedded.tomcat.TomcatWebServer  : Tomcat started on port 8080 (http) with context path '/'
2025-11-20T20:43:11.952-03:00  INFO 5660 --- [nubank-challenge-server] [restartedMain] c.c.n.NubankChallengeServerApplication   : Started NubankChallengeServerApplication in 0.5 seconds (process running for 4026.842)
2025-11-20T20:43:11.953-03:00  INFO 5660 --- [nubank-challenge-server] [restartedMain] .ConditionEvaluationDeltaLoggingListener : Condition evaluation unchanged
2025-11-20T20:43:34.448-03:00  INFO 5660 --- [nubank-challenge-server] [File Watcher] rtingClassPathChangeChangedEventListener : Restarting due to 1 class path change (0 additions, 0 deletions, 1 modification)
2025-11-20T20:43:34.451-03:00  INFO 5660 --- [nubank-challenge-server] [Thread-139] o.s.b.w.e.tomcat.GracefulShutdown        : Commencing graceful shutdown. Waiting for active requests to complete
2025-11-20T20:43:34.454-03:00  INFO 5660 --- [nubank-challenge-server] [tomcat-shutdown] o.s.b.w.e.tomcat.GracefulShutdown        : Graceful shutdown complete
2025-11-20T20:43:34.458-03:00  INFO 5660 --- [nubank-challenge-server] [Thread-139] j.LocalContainerEntityManagerFactoryBean : Closing JPA EntityManagerFactory for persistence unit 'default'
2025-11-20T20:43:34.459-03:00  INFO 5660 --- [nubank-challenge-server] [Thread-139] com.zaxxer.hikari.HikariDataSource       : HikariPool-35 - Shutdown initiated...
2025-11-20T20:43:34.462-03:00  INFO 5660 --- [nubank-challenge-server] [Thread-139] com.zaxxer.hikari.HikariDataSource       : HikariPool-35 - Shutdown completed.
2025-11-20T20:43:34.542-03:00  INFO 5660 --- [nubank-challenge-server] [restartedMain] c.c.n.NubankChallengeServerApplication   : Starting NubankChallengeServerApplication using Java 17.0.14 with PID 5660 (/home/cardosofiles/www/java/development/nubank-challenge-server/target/classes started by cardosofiles in /home/cardosofiles/www/java/development/nubank-challenge-server)
2025-11-20T20:43:34.542-03:00  INFO 5660 --- [nubank-challenge-server] [restartedMain] c.c.n.NubankChallengeServerApplication   : The following 1 profile is active: "dev"
2025-11-20T20:43:34.674-03:00  INFO 5660 --- [nubank-challenge-server] [restartedMain] .s.d.r.c.RepositoryConfigurationDelegate : Bootstrapping Spring Data JPA repositories in DEFAULT mode.
2025-11-20T20:43:34.679-03:00  INFO 5660 --- [nubank-challenge-server] [restartedMain] .s.d.r.c.RepositoryConfigurationDelegate : Finished Spring Data repository scanning in 4 ms. Found 2 JPA repository interfaces.
2025-11-20T20:43:34.738-03:00  INFO 5660 --- [nubank-challenge-server] [restartedMain] o.s.b.w.embedded.tomcat.TomcatWebServer  : Tomcat initialized with port 8080 (http)
2025-11-20T20:43:34.738-03:00  INFO 5660 --- [nubank-challenge-server] [restartedMain] o.apache.catalina.core.StandardService   : Starting service [Tomcat]
2025-11-20T20:43:34.739-03:00  INFO 5660 --- [nubank-challenge-server] [restartedMain] o.apache.catalina.core.StandardEngine    : Starting Servlet engine: [Apache Tomcat/10.1.49]
2025-11-20T20:43:34.745-03:00  INFO 5660 --- [nubank-challenge-server] [restartedMain] o.a.c.c.C.[Tomcat].[localhost].[/]       : Initializing Spring embedded WebApplicationContext
2025-11-20T20:43:34.745-03:00  INFO 5660 --- [nubank-challenge-server] [restartedMain] w.s.c.ServletWebServerApplicationContext : Root WebApplicationContext: initialization completed in 202 ms
2025-11-20T20:43:34.789-03:00  INFO 5660 --- [nubank-challenge-server] [restartedMain] o.hibernate.jpa.internal.util.LogHelper  : HHH000204: Processing PersistenceUnitInfo [name: default]
2025-11-20T20:43:34.790-03:00  INFO 5660 --- [nubank-challenge-server] [restartedMain] o.h.c.internal.RegionFactoryInitiator    : HHH000026: Second-level cache disabled
2025-11-20T20:43:34.794-03:00  INFO 5660 --- [nubank-challenge-server] [restartedMain] o.s.o.j.p.SpringPersistenceUnitInfo      : No LoadTimeWeaver setup: ignoring JPA class transformer
2025-11-20T20:43:34.795-03:00  INFO 5660 --- [nubank-challenge-server] [restartedMain] com.zaxxer.hikari.HikariDataSource       : HikariPool-36 - Starting...
2025-11-20T20:43:34.815-03:00  INFO 5660 --- [nubank-challenge-server] [restartedMain] com.zaxxer.hikari.pool.HikariPool        : HikariPool-36 - Added connection org.postgresql.jdbc.PgConnection@429564c3
2025-11-20T20:43:34.815-03:00  INFO 5660 --- [nubank-challenge-server] [restartedMain] com.zaxxer.hikari.HikariDataSource       : HikariPool-36 - Start completed.
2025-11-20T20:43:34.820-03:00  WARN 5660 --- [nubank-challenge-server] [restartedMain] org.hibernate.orm.deprecation            : HHH90000025: PostgreSQLDialect does not need to be specified explicitly using 'hibernate.dialect' (remove the property setting and it will be selected by default)
2025-11-20T20:43:34.821-03:00  INFO 5660 --- [nubank-challenge-server] [restartedMain] org.hibernate.orm.connections.pooling    : HHH10001005: Database info:
	Database JDBC URL [Connecting through datasource 'HikariDataSource (HikariPool-36)']
	Database driver: undefined/unknown
	Database version: 15.15
	Autocommit mode: undefined/unknown
	Isolation level: undefined/unknown
	Minimum pool size: undefined/unknown
	Maximum pool size: undefined/unknown
2025-11-20T20:43:34.850-03:00  INFO 5660 --- [nubank-challenge-server] [restartedMain] o.h.e.t.j.p.i.JtaPlatformInitiator       : HHH000489: No JTA platform available (set 'hibernate.transaction.jta.platform' to enable JTA platform integration)
2025-11-20T20:43:34.851-03:00 DEBUG 5660 --- [nubank-challenge-server] [restartedMain] org.hibernate.SQL                        : 
    set client_min_messages = WARNING
2025-11-20T20:43:34.851-03:00 DEBUG 5660 --- [nubank-challenge-server] [restartedMain] org.hibernate.SQL                        : 
    alter table if exists contacts 
       drop constraint if exists FKnk1ggjf4353tv92tdfa5ogcfj
2025-11-20T20:43:34.857-03:00 DEBUG 5660 --- [nubank-challenge-server] [restartedMain] org.hibernate.SQL                        : 
    drop table if exists clients cascade
2025-11-20T20:43:34.863-03:00 DEBUG 5660 --- [nubank-challenge-server] [restartedMain] org.hibernate.SQL                        : 
    drop table if exists contacts cascade
2025-11-20T20:43:34.869-03:00 DEBUG 5660 --- [nubank-challenge-server] [restartedMain] org.hibernate.SQL                        : 
    create table clients (
        id bigint generated by default as identity,
        name varchar(255),
        primary key (id)
    )
2025-11-20T20:43:34.883-03:00 DEBUG 5660 --- [nubank-challenge-server] [restartedMain] org.hibernate.SQL                        : 
    create table contacts (
        clients_id bigint,
        id bigint generated by default as identity,
        email varchar(255),
        phone_number varchar(255),
        primary key (id)
    )
2025-11-20T20:43:34.902-03:00 DEBUG 5660 --- [nubank-challenge-server] [restartedMain] org.hibernate.SQL                        : 
    alter table if exists contacts 
       add constraint FKnk1ggjf4353tv92tdfa5ogcfj 
       foreign key (clients_id) 
       references clients
2025-11-20T20:43:34.908-03:00  INFO 5660 --- [nubank-challenge-server] [restartedMain] j.LocalContainerEntityManagerFactoryBean : Initialized JPA EntityManagerFactory for persistence unit 'default'
2025-11-20T20:43:35.039-03:00  INFO 5660 --- [nubank-challenge-server] [restartedMain] o.s.b.d.a.OptionalLiveReloadServer       : LiveReload server is running on port 35729
2025-11-20T20:43:35.041-03:00  INFO 5660 --- [nubank-challenge-server] [restartedMain] o.s.b.a.e.web.EndpointLinksResolver      : Exposing 1 endpoint beneath base path '/actuator'
2025-11-20T20:43:35.066-03:00  INFO 5660 --- [nubank-challenge-server] [restartedMain] o.s.b.w.embedded.tomcat.TomcatWebServer  : Tomcat started on port 8080 (http) with context path '/'
2025-11-20T20:43:35.079-03:00  INFO 5660 --- [nubank-challenge-server] [restartedMain] c.c.n.NubankChallengeServerApplication   : Started NubankChallengeServerApplication in 0.548 seconds (process running for 4048.882)
2025-11-20T20:43:35.082-03:00  INFO 5660 --- [nubank-challenge-server] [restartedMain] .ConditionEvaluationDeltaLoggingListener : Condition evaluation unchanged
2025-11-20T20:44:09.385-03:00  INFO 5660 --- [nubank-challenge-server] [File Watcher] rtingClassPathChangeChangedEventListener : Restarting due to 1 class path change (0 additions, 0 deletions, 1 modification)
2025-11-20T20:44:09.388-03:00  INFO 5660 --- [nubank-challenge-server] [Thread-143] o.s.b.w.e.tomcat.GracefulShutdown        : Commencing graceful shutdown. Waiting for active requests to complete
2025-11-20T20:44:09.390-03:00  INFO 5660 --- [nubank-challenge-server] [tomcat-shutdown] o.s.b.w.e.tomcat.GracefulShutdown        : Graceful shutdown complete
2025-11-20T20:44:09.394-03:00  INFO 5660 --- [nubank-challenge-server] [Thread-143] j.LocalContainerEntityManagerFactoryBean : Closing JPA EntityManagerFactory for persistence unit 'default'
2025-11-20T20:44:09.395-03:00  INFO 5660 --- [nubank-challenge-server] [Thread-143] com.zaxxer.hikari.HikariDataSource       : HikariPool-36 - Shutdown initiated...
2025-11-20T20:44:09.397-03:00  INFO 5660 --- [nubank-challenge-server] [Thread-143] com.zaxxer.hikari.HikariDataSource       : HikariPool-36 - Shutdown completed.
2025-11-20T20:44:09.468-03:00  INFO 5660 --- [nubank-challenge-server] [restartedMain] c.c.n.NubankChallengeServerApplication   : Starting NubankChallengeServerApplication using Java 17.0.14 with PID 5660 (/home/cardosofiles/www/java/development/nubank-challenge-server/target/classes started by cardosofiles in /home/cardosofiles/www/java/development/nubank-challenge-server)
2025-11-20T20:44:09.468-03:00  INFO 5660 --- [nubank-challenge-server] [restartedMain] c.c.n.NubankChallengeServerApplication   : The following 1 profile is active: "dev"
2025-11-20T20:44:09.578-03:00  INFO 5660 --- [nubank-challenge-server] [restartedMain] .s.d.r.c.RepositoryConfigurationDelegate : Bootstrapping Spring Data JPA repositories in DEFAULT mode.
2025-11-20T20:44:09.581-03:00  INFO 5660 --- [nubank-challenge-server] [restartedMain] .s.d.r.c.RepositoryConfigurationDelegate : Finished Spring Data repository scanning in 2 ms. Found 2 JPA repository interfaces.
2025-11-20T20:44:09.624-03:00  INFO 5660 --- [nubank-challenge-server] [restartedMain] o.s.b.w.embedded.tomcat.TomcatWebServer  : Tomcat initialized with port 8080 (http)
2025-11-20T20:44:09.625-03:00  INFO 5660 --- [nubank-challenge-server] [restartedMain] o.apache.catalina.core.StandardService   : Starting service [Tomcat]
2025-11-20T20:44:09.626-03:00  INFO 5660 --- [nubank-challenge-server] [restartedMain] o.apache.catalina.core.StandardEngine    : Starting Servlet engine: [Apache Tomcat/10.1.49]
2025-11-20T20:44:09.631-03:00  INFO 5660 --- [nubank-challenge-server] [restartedMain] o.a.c.c.C.[Tomcat].[localhost].[/]       : Initializing Spring embedded WebApplicationContext
2025-11-20T20:44:09.631-03:00  INFO 5660 --- [nubank-challenge-server] [restartedMain] w.s.c.ServletWebServerApplicationContext : Root WebApplicationContext: initialization completed in 162 ms
2025-11-20T20:44:09.665-03:00  INFO 5660 --- [nubank-challenge-server] [restartedMain] o.hibernate.jpa.internal.util.LogHelper  : HHH000204: Processing PersistenceUnitInfo [name: default]
2025-11-20T20:44:09.666-03:00  INFO 5660 --- [nubank-challenge-server] [restartedMain] o.h.c.internal.RegionFactoryInitiator    : HHH000026: Second-level cache disabled
2025-11-20T20:44:09.668-03:00  INFO 5660 --- [nubank-challenge-server] [restartedMain] o.s.o.j.p.SpringPersistenceUnitInfo      : No LoadTimeWeaver setup: ignoring JPA class transformer
2025-11-20T20:44:09.669-03:00  INFO 5660 --- [nubank-challenge-server] [restartedMain] com.zaxxer.hikari.HikariDataSource       : HikariPool-37 - Starting...
2025-11-20T20:44:09.683-03:00  INFO 5660 --- [nubank-challenge-server] [restartedMain] com.zaxxer.hikari.pool.HikariPool        : HikariPool-37 - Added connection org.postgresql.jdbc.PgConnection@18363727
2025-11-20T20:44:09.688-03:00  INFO 5660 --- [nubank-challenge-server] [restartedMain] com.zaxxer.hikari.HikariDataSource       : HikariPool-37 - Start completed.
2025-11-20T20:44:09.690-03:00  WARN 5660 --- [nubank-challenge-server] [restartedMain] org.hibernate.orm.deprecation            : HHH90000025: PostgreSQLDialect does not need to be specified explicitly using 'hibernate.dialect' (remove the property setting and it will be selected by default)
2025-11-20T20:44:09.692-03:00  INFO 5660 --- [nubank-challenge-server] [restartedMain] org.hibernate.orm.connections.pooling    : HHH10001005: Database info:
	Database JDBC URL [Connecting through datasource 'HikariDataSource (HikariPool-37)']
	Database driver: undefined/unknown
	Database version: 15.15
	Autocommit mode: undefined/unknown
	Isolation level: undefined/unknown
	Minimum pool size: undefined/unknown
	Maximum pool size: undefined/unknown
2025-11-20T20:44:09.710-03:00  INFO 5660 --- [nubank-challenge-server] [restartedMain] o.h.e.t.j.p.i.JtaPlatformInitiator       : HHH000489: No JTA platform available (set 'hibernate.transaction.jta.platform' to enable JTA platform integration)
2025-11-20T20:44:09.711-03:00 DEBUG 5660 --- [nubank-challenge-server] [restartedMain] org.hibernate.SQL                        : 
    set client_min_messages = WARNING
2025-11-20T20:44:09.711-03:00 DEBUG 5660 --- [nubank-challenge-server] [restartedMain] org.hibernate.SQL                        : 
    alter table if exists contacts 
       drop constraint if exists FKnk1ggjf4353tv92tdfa5ogcfj
2025-11-20T20:44:09.727-03:00 DEBUG 5660 --- [nubank-challenge-server] [restartedMain] org.hibernate.SQL                        : 
    drop table if exists clients cascade
2025-11-20T20:44:09.732-03:00 DEBUG 5660 --- [nubank-challenge-server] [restartedMain] org.hibernate.SQL                        : 
    drop table if exists contacts cascade
2025-11-20T20:44:09.739-03:00 DEBUG 5660 --- [nubank-challenge-server] [restartedMain] org.hibernate.SQL                        : 
    create table clients (
        id bigint generated by default as identity,
        name varchar(255),
        primary key (id)
    )
2025-11-20T20:44:09.752-03:00 DEBUG 5660 --- [nubank-challenge-server] [restartedMain] org.hibernate.SQL                        : 
    create table contacts (
        clients_id bigint,
        id bigint generated by default as identity,
        email varchar(255),
        phone_number varchar(255),
        primary key (id)
    )
2025-11-20T20:44:09.772-03:00 DEBUG 5660 --- [nubank-challenge-server] [restartedMain] org.hibernate.SQL                        : 
    alter table if exists contacts 
       add constraint FKnk1ggjf4353tv92tdfa5ogcfj 
       foreign key (clients_id) 
       references clients
2025-11-20T20:44:09.779-03:00  INFO 5660 --- [nubank-challenge-server] [restartedMain] j.LocalContainerEntityManagerFactoryBean : Initialized JPA EntityManagerFactory for persistence unit 'default'
2025-11-20T20:44:09.895-03:00  INFO 5660 --- [nubank-challenge-server] [restartedMain] o.s.b.d.a.OptionalLiveReloadServer       : LiveReload server is running on port 35729
2025-11-20T20:44:09.896-03:00  INFO 5660 --- [nubank-challenge-server] [restartedMain] o.s.b.a.e.web.EndpointLinksResolver      : Exposing 1 endpoint beneath base path '/actuator'
2025-11-20T20:44:09.911-03:00  INFO 5660 --- [nubank-challenge-server] [restartedMain] o.s.b.w.embedded.tomcat.TomcatWebServer  : Tomcat started on port 8080 (http) with context path '/'
2025-11-20T20:44:09.919-03:00  INFO 5660 --- [nubank-challenge-server] [restartedMain] c.c.n.NubankChallengeServerApplication   : Started NubankChallengeServerApplication in 0.463 seconds (process running for 4082.813)
2025-11-20T20:44:09.921-03:00  INFO 5660 --- [nubank-challenge-server] [restartedMain] .ConditionEvaluationDeltaLoggingListener : Condition evaluation unchanged
2025-11-20T20:47:41.472-03:00  INFO 5660 --- [nubank-challenge-server] [File Watcher] rtingClassPathChangeChangedEventListener : Restarting due to 1 class path change (0 additions, 0 deletions, 1 modification)
2025-11-20T20:47:41.473-03:00  INFO 5660 --- [nubank-challenge-server] [Thread-147] o.s.b.w.e.tomcat.GracefulShutdown        : Commencing graceful shutdown. Waiting for active requests to complete
2025-11-20T20:47:41.475-03:00  INFO 5660 --- [nubank-challenge-server] [tomcat-shutdown] o.s.b.w.e.tomcat.GracefulShutdown        : Graceful shutdown complete
2025-11-20T20:47:41.476-03:00  INFO 5660 --- [nubank-challenge-server] [Thread-147] j.LocalContainerEntityManagerFactoryBean : Closing JPA EntityManagerFactory for persistence unit 'default'
2025-11-20T20:47:41.477-03:00  INFO 5660 --- [nubank-challenge-server] [Thread-147] com.zaxxer.hikari.HikariDataSource       : HikariPool-37 - Shutdown initiated...
2025-11-20T20:47:41.478-03:00  INFO 5660 --- [nubank-challenge-server] [Thread-147] com.zaxxer.hikari.HikariDataSource       : HikariPool-37 - Shutdown completed.
2025-11-20T20:47:41.533-03:00  INFO 5660 --- [nubank-challenge-server] [restartedMain] c.c.n.NubankChallengeServerApplication   : Starting NubankChallengeServerApplication using Java 17.0.14 with PID 5660 (/home/cardosofiles/www/java/development/nubank-challenge-server/target/classes started by cardosofiles in /home/cardosofiles/www/java/development/nubank-challenge-server)
2025-11-20T20:47:41.533-03:00  INFO 5660 --- [nubank-challenge-server] [restartedMain] c.c.n.NubankChallengeServerApplication   : The following 1 profile is active: "dev"
2025-11-20T20:47:41.682-03:00  INFO 5660 --- [nubank-challenge-server] [restartedMain] .s.d.r.c.RepositoryConfigurationDelegate : Bootstrapping Spring Data JPA repositories in DEFAULT mode.
2025-11-20T20:47:41.686-03:00  INFO 5660 --- [nubank-challenge-server] [restartedMain] .s.d.r.c.RepositoryConfigurationDelegate : Finished Spring Data repository scanning in 4 ms. Found 2 JPA repository interfaces.
2025-11-20T20:47:41.738-03:00  INFO 5660 --- [nubank-challenge-server] [restartedMain] o.s.b.w.embedded.tomcat.TomcatWebServer  : Tomcat initialized with port 8080 (http)
2025-11-20T20:47:41.738-03:00  INFO 5660 --- [nubank-challenge-server] [restartedMain] o.apache.catalina.core.StandardService   : Starting service [Tomcat]
2025-11-20T20:47:41.738-03:00  INFO 5660 --- [nubank-challenge-server] [restartedMain] o.apache.catalina.core.StandardEngine    : Starting Servlet engine: [Apache Tomcat/10.1.49]
2025-11-20T20:47:41.743-03:00  INFO 5660 --- [nubank-challenge-server] [restartedMain] o.a.c.c.C.[Tomcat].[localhost].[/]       : Initializing Spring embedded WebApplicationContext
2025-11-20T20:47:41.743-03:00  INFO 5660 --- [nubank-challenge-server] [restartedMain] w.s.c.ServletWebServerApplicationContext : Root WebApplicationContext: initialization completed in 209 ms
2025-11-20T20:47:41.799-03:00  INFO 5660 --- [nubank-challenge-server] [restartedMain] o.hibernate.jpa.internal.util.LogHelper  : HHH000204: Processing PersistenceUnitInfo [name: default]
2025-11-20T20:47:41.800-03:00  INFO 5660 --- [nubank-challenge-server] [restartedMain] o.h.c.internal.RegionFactoryInitiator    : HHH000026: Second-level cache disabled
2025-11-20T20:47:41.804-03:00  INFO 5660 --- [nubank-challenge-server] [restartedMain] o.s.o.j.p.SpringPersistenceUnitInfo      : No LoadTimeWeaver setup: ignoring JPA class transformer
2025-11-20T20:47:41.804-03:00  INFO 5660 --- [nubank-challenge-server] [restartedMain] com.zaxxer.hikari.HikariDataSource       : HikariPool-38 - Starting...
2025-11-20T20:47:41.822-03:00  INFO 5660 --- [nubank-challenge-server] [restartedMain] com.zaxxer.hikari.pool.HikariPool        : HikariPool-38 - Added connection org.postgresql.jdbc.PgConnection@2537787f
2025-11-20T20:47:41.823-03:00  INFO 5660 --- [nubank-challenge-server] [restartedMain] com.zaxxer.hikari.HikariDataSource       : HikariPool-38 - Start completed.
2025-11-20T20:47:41.827-03:00  WARN 5660 --- [nubank-challenge-server] [restartedMain] org.hibernate.orm.deprecation            : HHH90000025: PostgreSQLDialect does not need to be specified explicitly using 'hibernate.dialect' (remove the property setting and it will be selected by default)
2025-11-20T20:47:41.830-03:00  INFO 5660 --- [nubank-challenge-server] [restartedMain] org.hibernate.orm.connections.pooling    : HHH10001005: Database info:
	Database JDBC URL [Connecting through datasource 'HikariDataSource (HikariPool-38)']
	Database driver: undefined/unknown
	Database version: 15.15
	Autocommit mode: undefined/unknown
	Isolation level: undefined/unknown
	Minimum pool size: undefined/unknown
	Maximum pool size: undefined/unknown
2025-11-20T20:47:41.854-03:00  INFO 5660 --- [nubank-challenge-server] [restartedMain] o.h.e.t.j.p.i.JtaPlatformInitiator       : HHH000489: No JTA platform available (set 'hibernate.transaction.jta.platform' to enable JTA platform integration)
2025-11-20T20:47:41.854-03:00 DEBUG 5660 --- [nubank-challenge-server] [restartedMain] org.hibernate.SQL                        : 
    set client_min_messages = WARNING
2025-11-20T20:47:41.855-03:00 DEBUG 5660 --- [nubank-challenge-server] [restartedMain] org.hibernate.SQL                        : 
    alter table if exists contacts 
       drop constraint if exists FKnk1ggjf4353tv92tdfa5ogcfj
2025-11-20T20:47:41.862-03:00 DEBUG 5660 --- [nubank-challenge-server] [restartedMain] org.hibernate.SQL                        : 
    drop table if exists clients cascade
2025-11-20T20:47:41.868-03:00 DEBUG 5660 --- [nubank-challenge-server] [restartedMain] org.hibernate.SQL                        : 
    drop table if exists contacts cascade
2025-11-20T20:47:41.875-03:00 DEBUG 5660 --- [nubank-challenge-server] [restartedMain] org.hibernate.SQL                        : 
    create table clients (
        id bigint generated by default as identity,
        name varchar(255),
        primary key (id)
    )
2025-11-20T20:47:41.951-03:00 DEBUG 5660 --- [nubank-challenge-server] [restartedMain] org.hibernate.SQL                        : 
    create table contacts (
        clients_id bigint,
        id bigint generated by default as identity,
        email varchar(255),
        phone_number varchar(255),
        primary key (id)
    )
2025-11-20T20:47:41.968-03:00 DEBUG 5660 --- [nubank-challenge-server] [restartedMain] org.hibernate.SQL                        : 
    alter table if exists contacts 
       add constraint FKnk1ggjf4353tv92tdfa5ogcfj 
       foreign key (clients_id) 
       references clients
2025-11-20T20:47:41.973-03:00  INFO 5660 --- [nubank-challenge-server] [restartedMain] j.LocalContainerEntityManagerFactoryBean : Initialized JPA EntityManagerFactory for persistence unit 'default'
2025-11-20T20:47:41.979-03:00  WARN 5660 --- [nubank-challenge-server] [restartedMain] ConfigServletWebServerApplicationContext : Exception encountered during context initialization - cancelling refresh attempt: org.springframework.beans.factory.BeanCreationException: Error creating bean with name 'clientsService': Lookup method resolution failed
2025-11-20T20:47:41.979-03:00  INFO 5660 --- [nubank-challenge-server] [restartedMain] j.LocalContainerEntityManagerFactoryBean : Closing JPA EntityManagerFactory for persistence unit 'default'
2025-11-20T20:47:41.979-03:00  INFO 5660 --- [nubank-challenge-server] [restartedMain] com.zaxxer.hikari.HikariDataSource       : HikariPool-38 - Shutdown initiated...
2025-11-20T20:47:42.016-03:00  INFO 5660 --- [nubank-challenge-server] [restartedMain] com.zaxxer.hikari.HikariDataSource       : HikariPool-38 - Shutdown completed.
2025-11-20T20:47:42.017-03:00  INFO 5660 --- [nubank-challenge-server] [restartedMain] o.apache.catalina.core.StandardService   : Stopping service [Tomcat]
2025-11-20T20:47:42.026-03:00  INFO 5660 --- [nubank-challenge-server] [restartedMain] .s.b.a.l.ConditionEvaluationReportLogger : 

Error starting ApplicationContext. To display the condition evaluation report re-run your application with 'debug' enabled.
2025-11-20T20:47:42.049-03:00 ERROR 5660 --- [nubank-challenge-server] [restartedMain] o.s.boot.SpringApplication               : Application run failed

org.springframework.beans.factory.BeanCreationException: Error creating bean with name 'clientsService': Lookup method resolution failed
	at org.springframework.beans.factory.annotation.AutowiredAnnotationBeanPostProcessor.checkLookupMethods(AutowiredAnnotationBeanPostProcessor.java:498) ~[spring-beans-6.2.14.jar:6.2.14]
	at org.springframework.beans.factory.annotation.AutowiredAnnotationBeanPostProcessor.determineCandidateConstructors(AutowiredAnnotationBeanPostProcessor.java:368) ~[spring-beans-6.2.14.jar:6.2.14]
	at org.springframework.beans.factory.support.AbstractAutowireCapableBeanFactory.determineConstructorsFromBeanPostProcessors(AbstractAutowireCapableBeanFactory.java:1334) ~[spring-beans-6.2.14.jar:6.2.14]
	at org.springframework.beans.factory.support.AbstractAutowireCapableBeanFactory.createBeanInstance(AbstractAutowireCapableBeanFactory.java:1229) ~[spring-beans-6.2.14.jar:6.2.14]
	at org.springframework.beans.factory.support.AbstractAutowireCapableBeanFactory.doCreateBean(AbstractAutowireCapableBeanFactory.java:569) ~[spring-beans-6.2.14.jar:6.2.14]
	at org.springframework.beans.factory.support.AbstractAutowireCapableBeanFactory.createBean(AbstractAutowireCapableBeanFactory.java:529) ~[spring-beans-6.2.14.jar:6.2.14]
	at org.springframework.beans.factory.support.AbstractBeanFactory.lambda$doGetBean$0(AbstractBeanFactory.java:339) ~[spring-beans-6.2.14.jar:6.2.14]
	at org.springframework.beans.factory.support.DefaultSingletonBeanRegistry.getSingleton(DefaultSingletonBeanRegistry.java:373) ~[spring-beans-6.2.14.jar:6.2.14]
	at org.springframework.beans.factory.support.AbstractBeanFactory.doGetBean(AbstractBeanFactory.java:337) ~[spring-beans-6.2.14.jar:6.2.14]
	at org.springframework.beans.factory.support.AbstractBeanFactory.getBean(AbstractBeanFactory.java:202) ~[spring-beans-6.2.14.jar:6.2.14]
	at org.springframework.beans.factory.support.DefaultListableBeanFactory.instantiateSingleton(DefaultListableBeanFactory.java:1228) ~[spring-beans-6.2.14.jar:6.2.14]
	at org.springframework.beans.factory.support.DefaultListableBeanFactory.preInstantiateSingleton(DefaultListableBeanFactory.java:1194) ~[spring-beans-6.2.14.jar:6.2.14]
	at org.springframework.beans.factory.support.DefaultListableBeanFactory.preInstantiateSingletons(DefaultListableBeanFactory.java:1130) ~[spring-beans-6.2.14.jar:6.2.14]
	at org.springframework.context.support.AbstractApplicationContext.finishBeanFactoryInitialization(AbstractApplicationContext.java:990) ~[spring-context-6.2.14.jar:6.2.14]
	at org.springframework.context.support.AbstractApplicationContext.refresh(AbstractApplicationContext.java:627) ~[spring-context-6.2.14.jar:6.2.14]
	at org.springframework.boot.web.servlet.context.ServletWebServerApplicationContext.refresh(ServletWebServerApplicationContext.java:146) ~[spring-boot-3.5.8.jar:3.5.8]
	at org.springframework.boot.SpringApplication.refresh(SpringApplication.java:752) ~[spring-boot-3.5.8.jar:3.5.8]
	at org.springframework.boot.SpringApplication.refreshContext(SpringApplication.java:439) ~[spring-boot-3.5.8.jar:3.5.8]
	at org.springframework.boot.SpringApplication.run(SpringApplication.java:318) ~[spring-boot-3.5.8.jar:3.5.8]
	at org.springframework.boot.SpringApplication.run(SpringApplication.java:1361) ~[spring-boot-3.5.8.jar:3.5.8]
	at org.springframework.boot.SpringApplication.run(SpringApplication.java:1350) ~[spring-boot-3.5.8.jar:3.5.8]
	at com.cardosofiles.nubank_challenge_server.NubankChallengeServerApplication.main(NubankChallengeServerApplication.java:14) ~[classes/:na]
	at java.base/jdk.internal.reflect.NativeMethodAccessorImpl.invoke0(Native Method) ~[na:na]
	at java.base/jdk.internal.reflect.NativeMethodAccessorImpl.invoke(NativeMethodAccessorImpl.java:77) ~[na:na]
	at java.base/jdk.internal.reflect.DelegatingMethodAccessorImpl.invoke(DelegatingMethodAccessorImpl.java:43) ~[na:na]
	at java.base/java.lang.reflect.Method.invoke(Method.java:569) ~[na:na]
	at org.springframework.boot.devtools.restart.RestartLauncher.run(RestartLauncher.java:50) ~[spring-boot-devtools-3.5.8.jar:3.5.8]
Caused by: java.lang.IllegalStateException: Failed to introspect Class [com.cardosofiles.nubank_challenge_server.services.ClientsService] from ClassLoader [org.springframework.boot.devtools.restart.classloader.RestartClassLoader@142860ce]
	at org.springframework.util.ReflectionUtils.getDeclaredMethods(ReflectionUtils.java:483) ~[spring-core-6.2.14.jar:6.2.14]
	at org.springframework.util.ReflectionUtils.doWithLocalMethods(ReflectionUtils.java:320) ~[spring-core-6.2.14.jar:6.2.14]
	at org.springframework.beans.factory.annotation.AutowiredAnnotationBeanPostProcessor.checkLookupMethods(AutowiredAnnotationBeanPostProcessor.java:476) ~[spring-beans-6.2.14.jar:6.2.14]
	... 26 common frames omitted
Caused by: java.lang.NoClassDefFoundError: Client
	at java.base/java.lang.Class.getDeclaredMethods0(Native Method) ~[na:na]
	at java.base/java.lang.Class.privateGetDeclaredMethods(Class.java:3402) ~[na:na]
	at java.base/java.lang.Class.getDeclaredMethods(Class.java:2504) ~[na:na]
	at org.springframework.util.ReflectionUtils.getDeclaredMethods(ReflectionUtils.java:465) ~[spring-core-6.2.14.jar:6.2.14]
	... 28 common frames omitted
Caused by: java.lang.ClassNotFoundException: Client
	at java.base/jdk.internal.loader.BuiltinClassLoader.loadClass(BuiltinClassLoader.java:641) ~[na:na]
	at java.base/jdk.internal.loader.ClassLoaders$AppClassLoader.loadClass(ClassLoaders.java:188) ~[na:na]
	at java.base/java.lang.ClassLoader.loadClass(ClassLoader.java:525) ~[na:na]
	at java.base/java.lang.Class.forName0(Native Method) ~[na:na]
	at java.base/java.lang.Class.forName(Class.java:467) ~[na:na]
	at org.springframework.boot.devtools.restart.classloader.RestartClassLoader.loadClass(RestartClassLoader.java:121) ~[spring-boot-devtools-3.5.8.jar:3.5.8]
	at java.base/java.lang.ClassLoader.loadClass(ClassLoader.java:525) ~[na:na]
	... 32 common frames omitted

2025-11-20T20:47:43.482-03:00  INFO 5660 --- [nubank-challenge-server] [restartedMain] c.c.n.NubankChallengeServerApplication   : Starting NubankChallengeServerApplication using Java 17.0.14 with PID 5660 (/home/cardosofiles/www/java/development/nubank-challenge-server/target/classes started by cardosofiles in /home/cardosofiles/www/java/development/nubank-challenge-server)
2025-11-20T20:47:43.482-03:00  INFO 5660 --- [nubank-challenge-server] [restartedMain] c.c.n.NubankChallengeServerApplication   : The following 1 profile is active: "dev"
2025-11-20T20:47:43.587-03:00  INFO 5660 --- [nubank-challenge-server] [restartedMain] .s.d.r.c.RepositoryConfigurationDelegate : Bootstrapping Spring Data JPA repositories in DEFAULT mode.
2025-11-20T20:47:43.590-03:00  INFO 5660 --- [nubank-challenge-server] [restartedMain] .s.d.r.c.RepositoryConfigurationDelegate : Finished Spring Data repository scanning in 2 ms. Found 2 JPA repository interfaces.
2025-11-20T20:47:43.634-03:00  INFO 5660 --- [nubank-challenge-server] [restartedMain] o.s.b.w.embedded.tomcat.TomcatWebServer  : Tomcat initialized with port 8080 (http)
2025-11-20T20:47:43.635-03:00  INFO 5660 --- [nubank-challenge-server] [restartedMain] o.apache.catalina.core.StandardService   : Starting service [Tomcat]
2025-11-20T20:47:43.635-03:00  INFO 5660 --- [nubank-challenge-server] [restartedMain] o.apache.catalina.core.StandardEngine    : Starting Servlet engine: [Apache Tomcat/10.1.49]
2025-11-20T20:47:43.639-03:00  INFO 5660 --- [nubank-challenge-server] [restartedMain] o.a.c.c.C.[Tomcat-1].[localhost].[/]     : Initializing Spring embedded WebApplicationContext
2025-11-20T20:47:43.639-03:00  INFO 5660 --- [nubank-challenge-server] [restartedMain] w.s.c.ServletWebServerApplicationContext : Root WebApplicationContext: initialization completed in 156 ms
2025-11-20T20:47:43.668-03:00  INFO 5660 --- [nubank-challenge-server] [restartedMain] o.hibernate.jpa.internal.util.LogHelper  : HHH000204: Processing PersistenceUnitInfo [name: default]
2025-11-20T20:47:43.668-03:00  INFO 5660 --- [nubank-challenge-server] [restartedMain] o.h.c.internal.RegionFactoryInitiator    : HHH000026: Second-level cache disabled
2025-11-20T20:47:43.671-03:00  INFO 5660 --- [nubank-challenge-server] [restartedMain] o.s.o.j.p.SpringPersistenceUnitInfo      : No LoadTimeWeaver setup: ignoring JPA class transformer
2025-11-20T20:47:43.671-03:00  INFO 5660 --- [nubank-challenge-server] [restartedMain] com.zaxxer.hikari.HikariDataSource       : HikariPool-39 - Starting...
2025-11-20T20:47:43.685-03:00  INFO 5660 --- [nubank-challenge-server] [restartedMain] com.zaxxer.hikari.pool.HikariPool        : HikariPool-39 - Added connection org.postgresql.jdbc.PgConnection@3c76d92e
2025-11-20T20:47:43.686-03:00  INFO 5660 --- [nubank-challenge-server] [restartedMain] com.zaxxer.hikari.HikariDataSource       : HikariPool-39 - Start completed.
2025-11-20T20:47:43.688-03:00  WARN 5660 --- [nubank-challenge-server] [restartedMain] org.hibernate.orm.deprecation            : HHH90000025: PostgreSQLDialect does not need to be specified explicitly using 'hibernate.dialect' (remove the property setting and it will be selected by default)
2025-11-20T20:47:43.689-03:00  INFO 5660 --- [nubank-challenge-server] [restartedMain] org.hibernate.orm.connections.pooling    : HHH10001005: Database info:
	Database JDBC URL [Connecting through datasource 'HikariDataSource (HikariPool-39)']
	Database driver: undefined/unknown
	Database version: 15.15
	Autocommit mode: undefined/unknown
	Isolation level: undefined/unknown
	Minimum pool size: undefined/unknown
	Maximum pool size: undefined/unknown
2025-11-20T20:47:43.706-03:00  INFO 5660 --- [nubank-challenge-server] [restartedMain] o.h.e.t.j.p.i.JtaPlatformInitiator       : HHH000489: No JTA platform available (set 'hibernate.transaction.jta.platform' to enable JTA platform integration)
2025-11-20T20:47:43.706-03:00 DEBUG 5660 --- [nubank-challenge-server] [restartedMain] org.hibernate.SQL                        : 
    set client_min_messages = WARNING
2025-11-20T20:47:43.706-03:00 DEBUG 5660 --- [nubank-challenge-server] [restartedMain] org.hibernate.SQL                        : 
    alter table if exists contacts 
       drop constraint if exists FKnk1ggjf4353tv92tdfa5ogcfj
2025-11-20T20:47:43.713-03:00 DEBUG 5660 --- [nubank-challenge-server] [restartedMain] org.hibernate.SQL                        : 
    drop table if exists clients cascade
2025-11-20T20:47:43.717-03:00 DEBUG 5660 --- [nubank-challenge-server] [restartedMain] org.hibernate.SQL                        : 
    drop table if exists contacts cascade
2025-11-20T20:47:43.723-03:00 DEBUG 5660 --- [nubank-challenge-server] [restartedMain] org.hibernate.SQL                        : 
    create table clients (
        id bigint generated by default as identity,
        name varchar(255),
        primary key (id)
    )
2025-11-20T20:47:43.733-03:00 DEBUG 5660 --- [nubank-challenge-server] [restartedMain] org.hibernate.SQL                        : 
    create table contacts (
        clients_id bigint,
        id bigint generated by default as identity,
        email varchar(255),
        phone_number varchar(255),
        primary key (id)
    )
2025-11-20T20:47:43.751-03:00 DEBUG 5660 --- [nubank-challenge-server] [restartedMain] org.hibernate.SQL                        : 
    alter table if exists contacts 
       add constraint FKnk1ggjf4353tv92tdfa5ogcfj 
       foreign key (clients_id) 
       references clients
2025-11-20T20:47:43.758-03:00  INFO 5660 --- [nubank-challenge-server] [restartedMain] j.LocalContainerEntityManagerFactoryBean : Initialized JPA EntityManagerFactory for persistence unit 'default'
2025-11-20T20:47:43.765-03:00  WARN 5660 --- [nubank-challenge-server] [restartedMain] ConfigServletWebServerApplicationContext : Exception encountered during context initialization - cancelling refresh attempt: org.springframework.beans.factory.BeanCreationException: Error creating bean with name 'clientsService': Lookup method resolution failed
2025-11-20T20:47:43.765-03:00  INFO 5660 --- [nubank-challenge-server] [restartedMain] j.LocalContainerEntityManagerFactoryBean : Closing JPA EntityManagerFactory for persistence unit 'default'
2025-11-20T20:47:43.765-03:00  INFO 5660 --- [nubank-challenge-server] [restartedMain] com.zaxxer.hikari.HikariDataSource       : HikariPool-39 - Shutdown initiated...
2025-11-20T20:47:43.766-03:00  INFO 5660 --- [nubank-challenge-server] [restartedMain] com.zaxxer.hikari.HikariDataSource       : HikariPool-39 - Shutdown completed.
2025-11-20T20:47:43.767-03:00  INFO 5660 --- [nubank-challenge-server] [restartedMain] o.apache.catalina.core.StandardService   : Stopping service [Tomcat]
2025-11-20T20:47:43.776-03:00  INFO 5660 --- [nubank-challenge-server] [restartedMain] .s.b.a.l.ConditionEvaluationReportLogger : 

Error starting ApplicationContext. To display the condition evaluation report re-run your application with 'debug' enabled.
2025-11-20T20:47:43.778-03:00 ERROR 5660 --- [nubank-challenge-server] [restartedMain] o.s.boot.SpringApplication               : Application run failed

org.springframework.beans.factory.BeanCreationException: Error creating bean with name 'clientsService': Lookup method resolution failed
	at org.springframework.beans.factory.annotation.AutowiredAnnotationBeanPostProcessor.checkLookupMethods(AutowiredAnnotationBeanPostProcessor.java:498) ~[spring-beans-6.2.14.jar:6.2.14]
	at org.springframework.beans.factory.annotation.AutowiredAnnotationBeanPostProcessor.determineCandidateConstructors(AutowiredAnnotationBeanPostProcessor.java:368) ~[spring-beans-6.2.14.jar:6.2.14]
	at org.springframework.beans.factory.support.AbstractAutowireCapableBeanFactory.determineConstructorsFromBeanPostProcessors(AbstractAutowireCapableBeanFactory.java:1334) ~[spring-beans-6.2.14.jar:6.2.14]
	at org.springframework.beans.factory.support.AbstractAutowireCapableBeanFactory.createBeanInstance(AbstractAutowireCapableBeanFactory.java:1229) ~[spring-beans-6.2.14.jar:6.2.14]
	at org.springframework.beans.factory.support.AbstractAutowireCapableBeanFactory.doCreateBean(AbstractAutowireCapableBeanFactory.java:569) ~[spring-beans-6.2.14.jar:6.2.14]
	at org.springframework.beans.factory.support.AbstractAutowireCapableBeanFactory.createBean(AbstractAutowireCapableBeanFactory.java:529) ~[spring-beans-6.2.14.jar:6.2.14]
	at org.springframework.beans.factory.support.AbstractBeanFactory.lambda$doGetBean$0(AbstractBeanFactory.java:339) ~[spring-beans-6.2.14.jar:6.2.14]
	at org.springframework.beans.factory.support.DefaultSingletonBeanRegistry.getSingleton(DefaultSingletonBeanRegistry.java:373) ~[spring-beans-6.2.14.jar:6.2.14]
	at org.springframework.beans.factory.support.AbstractBeanFactory.doGetBean(AbstractBeanFactory.java:337) ~[spring-beans-6.2.14.jar:6.2.14]
	at org.springframework.beans.factory.support.AbstractBeanFactory.getBean(AbstractBeanFactory.java:202) ~[spring-beans-6.2.14.jar:6.2.14]
	at org.springframework.beans.factory.support.DefaultListableBeanFactory.instantiateSingleton(DefaultListableBeanFactory.java:1228) ~[spring-beans-6.2.14.jar:6.2.14]
	at org.springframework.beans.factory.support.DefaultListableBeanFactory.preInstantiateSingleton(DefaultListableBeanFactory.java:1194) ~[spring-beans-6.2.14.jar:6.2.14]
	at org.springframework.beans.factory.support.DefaultListableBeanFactory.preInstantiateSingletons(DefaultListableBeanFactory.java:1130) ~[spring-beans-6.2.14.jar:6.2.14]
	at org.springframework.context.support.AbstractApplicationContext.finishBeanFactoryInitialization(AbstractApplicationContext.java:990) ~[spring-context-6.2.14.jar:6.2.14]
	at org.springframework.context.support.AbstractApplicationContext.refresh(AbstractApplicationContext.java:627) ~[spring-context-6.2.14.jar:6.2.14]
	at org.springframework.boot.web.servlet.context.ServletWebServerApplicationContext.refresh(ServletWebServerApplicationContext.java:146) ~[spring-boot-3.5.8.jar:3.5.8]
	at org.springframework.boot.SpringApplication.refresh(SpringApplication.java:752) ~[spring-boot-3.5.8.jar:3.5.8]
	at org.springframework.boot.SpringApplication.refreshContext(SpringApplication.java:439) ~[spring-boot-3.5.8.jar:3.5.8]
	at org.springframework.boot.SpringApplication.run(SpringApplication.java:318) ~[spring-boot-3.5.8.jar:3.5.8]
	at org.springframework.boot.SpringApplication.run(SpringApplication.java:1361) ~[spring-boot-3.5.8.jar:3.5.8]
	at org.springframework.boot.SpringApplication.run(SpringApplication.java:1350) ~[spring-boot-3.5.8.jar:3.5.8]
	at com.cardosofiles.nubank_challenge_server.NubankChallengeServerApplication.main(NubankChallengeServerApplication.java:14) ~[classes/:na]
	at java.base/jdk.internal.reflect.NativeMethodAccessorImpl.invoke0(Native Method) ~[na:na]
	at java.base/jdk.internal.reflect.NativeMethodAccessorImpl.invoke(NativeMethodAccessorImpl.java:77) ~[na:na]
	at java.base/jdk.internal.reflect.DelegatingMethodAccessorImpl.invoke(DelegatingMethodAccessorImpl.java:43) ~[na:na]
	at java.base/java.lang.reflect.Method.invoke(Method.java:569) ~[na:na]
	at org.springframework.boot.devtools.restart.RestartLauncher.run(RestartLauncher.java:50) ~[spring-boot-devtools-3.5.8.jar:3.5.8]
Caused by: java.lang.IllegalStateException: Failed to introspect Class [com.cardosofiles.nubank_challenge_server.services.ClientsService] from ClassLoader [org.springframework.boot.devtools.restart.classloader.RestartClassLoader@779ca5c6]
	at org.springframework.util.ReflectionUtils.getDeclaredMethods(ReflectionUtils.java:483) ~[spring-core-6.2.14.jar:6.2.14]
	at org.springframework.util.ReflectionUtils.doWithLocalMethods(ReflectionUtils.java:320) ~[spring-core-6.2.14.jar:6.2.14]
	at org.springframework.beans.factory.annotation.AutowiredAnnotationBeanPostProcessor.checkLookupMethods(AutowiredAnnotationBeanPostProcessor.java:476) ~[spring-beans-6.2.14.jar:6.2.14]
	... 26 common frames omitted
Caused by: java.lang.NoClassDefFoundError: Client
	at java.base/java.lang.Class.getDeclaredMethods0(Native Method) ~[na:na]
	at java.base/java.lang.Class.privateGetDeclaredMethods(Class.java:3402) ~[na:na]
	at java.base/java.lang.Class.getDeclaredMethods(Class.java:2504) ~[na:na]
	at org.springframework.util.ReflectionUtils.getDeclaredMethods(ReflectionUtils.java:465) ~[spring-core-6.2.14.jar:6.2.14]
	... 28 common frames omitted
Caused by: java.lang.ClassNotFoundException: Client
	at java.base/jdk.internal.loader.BuiltinClassLoader.loadClass(BuiltinClassLoader.java:641) ~[na:na]
	at java.base/jdk.internal.loader.ClassLoaders$AppClassLoader.loadClass(ClassLoaders.java:188) ~[na:na]
	at java.base/java.lang.ClassLoader.loadClass(ClassLoader.java:525) ~[na:na]
	at java.base/java.lang.Class.forName0(Native Method) ~[na:na]
	at java.base/java.lang.Class.forName(Class.java:467) ~[na:na]
	at org.springframework.boot.devtools.restart.classloader.RestartClassLoader.loadClass(RestartClassLoader.java:121) ~[spring-boot-devtools-3.5.8.jar:3.5.8]
	at java.base/java.lang.ClassLoader.loadClass(ClassLoader.java:525) ~[na:na]
	... 32 common frames omitted

2025-11-20T20:48:34.838-03:00  INFO 5660 --- [nubank-challenge-server] [restartedMain] c.c.n.NubankChallengeServerApplication   : Starting NubankChallengeServerApplication using Java 17.0.14 with PID 5660 (/home/cardosofiles/www/java/development/nubank-challenge-server/target/classes started by cardosofiles in /home/cardosofiles/www/java/development/nubank-challenge-server)
2025-11-20T20:48:34.838-03:00  INFO 5660 --- [nubank-challenge-server] [restartedMain] c.c.n.NubankChallengeServerApplication   : The following 1 profile is active: "dev"
2025-11-20T20:48:34.958-03:00  INFO 5660 --- [nubank-challenge-server] [restartedMain] .s.d.r.c.RepositoryConfigurationDelegate : Bootstrapping Spring Data JPA repositories in DEFAULT mode.
2025-11-20T20:48:34.961-03:00  INFO 5660 --- [nubank-challenge-server] [restartedMain] .s.d.r.c.RepositoryConfigurationDelegate : Finished Spring Data repository scanning in 2 ms. Found 2 JPA repository interfaces.
2025-11-20T20:48:35.002-03:00  INFO 5660 --- [nubank-challenge-server] [restartedMain] o.s.b.w.embedded.tomcat.TomcatWebServer  : Tomcat initialized with port 8080 (http)
2025-11-20T20:48:35.003-03:00  INFO 5660 --- [nubank-challenge-server] [restartedMain] o.apache.catalina.core.StandardService   : Starting service [Tomcat]
2025-11-20T20:48:35.003-03:00  INFO 5660 --- [nubank-challenge-server] [restartedMain] o.apache.catalina.core.StandardEngine    : Starting Servlet engine: [Apache Tomcat/10.1.49]
2025-11-20T20:48:35.007-03:00  INFO 5660 --- [nubank-challenge-server] [restartedMain] o.a.c.c.C.[Tomcat-2].[localhost].[/]     : Initializing Spring embedded WebApplicationContext
2025-11-20T20:48:35.007-03:00  INFO 5660 --- [nubank-challenge-server] [restartedMain] w.s.c.ServletWebServerApplicationContext : Root WebApplicationContext: initialization completed in 167 ms
2025-11-20T20:48:35.038-03:00  INFO 5660 --- [nubank-challenge-server] [restartedMain] o.hibernate.jpa.internal.util.LogHelper  : HHH000204: Processing PersistenceUnitInfo [name: default]
2025-11-20T20:48:35.038-03:00  INFO 5660 --- [nubank-challenge-server] [restartedMain] o.h.c.internal.RegionFactoryInitiator    : HHH000026: Second-level cache disabled
2025-11-20T20:48:35.041-03:00  INFO 5660 --- [nubank-challenge-server] [restartedMain] o.s.o.j.p.SpringPersistenceUnitInfo      : No LoadTimeWeaver setup: ignoring JPA class transformer
2025-11-20T20:48:35.041-03:00  INFO 5660 --- [nubank-challenge-server] [restartedMain] com.zaxxer.hikari.HikariDataSource       : HikariPool-40 - Starting...
2025-11-20T20:48:35.055-03:00  INFO 5660 --- [nubank-challenge-server] [restartedMain] com.zaxxer.hikari.pool.HikariPool        : HikariPool-40 - Added connection org.postgresql.jdbc.PgConnection@2b100e28
2025-11-20T20:48:35.056-03:00  INFO 5660 --- [nubank-challenge-server] [restartedMain] com.zaxxer.hikari.HikariDataSource       : HikariPool-40 - Start completed.
2025-11-20T20:48:35.058-03:00  WARN 5660 --- [nubank-challenge-server] [restartedMain] org.hibernate.orm.deprecation            : HHH90000025: PostgreSQLDialect does not need to be specified explicitly using 'hibernate.dialect' (remove the property setting and it will be selected by default)
2025-11-20T20:48:35.059-03:00  INFO 5660 --- [nubank-challenge-server] [restartedMain] org.hibernate.orm.connections.pooling    : HHH10001005: Database info:
	Database JDBC URL [Connecting through datasource 'HikariDataSource (HikariPool-40)']
	Database driver: undefined/unknown
	Database version: 15.15
	Autocommit mode: undefined/unknown
	Isolation level: undefined/unknown
	Minimum pool size: undefined/unknown
	Maximum pool size: undefined/unknown
2025-11-20T20:48:35.074-03:00 ERROR 5660 --- [nubank-challenge-server] [restartedMain] j.LocalContainerEntityManagerFactoryBean : Failed to initialize JPA EntityManagerFactory: [PersistenceUnit: default] Unable to build Hibernate SessionFactory; nested exception is org.hibernate.InstantiationException: Could not instantiate entity 'com.cardosofiles.nubank_challenge_server.model.Clients' due to: null
2025-11-20T20:48:35.074-03:00  WARN 5660 --- [nubank-challenge-server] [restartedMain] ConfigServletWebServerApplicationContext : Exception encountered during context initialization - cancelling refresh attempt: org.springframework.beans.factory.BeanCreationException: Error creating bean with name 'entityManagerFactory' defined in class path resource [org/springframework/boot/autoconfigure/orm/jpa/HibernateJpaConfiguration.class]: [PersistenceUnit: default] Unable to build Hibernate SessionFactory; nested exception is org.hibernate.InstantiationException: Could not instantiate entity 'com.cardosofiles.nubank_challenge_server.model.Clients' due to: null
2025-11-20T20:48:35.074-03:00  INFO 5660 --- [nubank-challenge-server] [restartedMain] com.zaxxer.hikari.HikariDataSource       : HikariPool-40 - Shutdown initiated...
2025-11-20T20:48:35.075-03:00  INFO 5660 --- [nubank-challenge-server] [restartedMain] com.zaxxer.hikari.HikariDataSource       : HikariPool-40 - Shutdown completed.
2025-11-20T20:48:35.075-03:00  INFO 5660 --- [nubank-challenge-server] [restartedMain] o.apache.catalina.core.StandardService   : Stopping service [Tomcat]
2025-11-20T20:48:35.081-03:00  INFO 5660 --- [nubank-challenge-server] [restartedMain] .s.b.a.l.ConditionEvaluationReportLogger : 

Error starting ApplicationContext. To display the condition evaluation report re-run your application with 'debug' enabled.
2025-11-20T20:48:35.082-03:00 ERROR 5660 --- [nubank-challenge-server] [restartedMain] o.s.boot.SpringApplication               : Application run failed

org.springframework.beans.factory.BeanCreationException: Error creating bean with name 'entityManagerFactory' defined in class path resource [org/springframework/boot/autoconfigure/orm/jpa/HibernateJpaConfiguration.class]: [PersistenceUnit: default] Unable to build Hibernate SessionFactory; nested exception is org.hibernate.InstantiationException: Could not instantiate entity 'com.cardosofiles.nubank_challenge_server.model.Clients' due to: null
	at org.springframework.beans.factory.support.AbstractAutowireCapableBeanFactory.initializeBean(AbstractAutowireCapableBeanFactory.java:1826) ~[spring-beans-6.2.14.jar:6.2.14]
	at org.springframework.beans.factory.support.AbstractAutowireCapableBeanFactory.doCreateBean(AbstractAutowireCapableBeanFactory.java:607) ~[spring-beans-6.2.14.jar:6.2.14]
	at org.springframework.beans.factory.support.AbstractAutowireCapableBeanFactory.createBean(AbstractAutowireCapableBeanFactory.java:529) ~[spring-beans-6.2.14.jar:6.2.14]
	at org.springframework.beans.factory.support.AbstractBeanFactory.lambda$doGetBean$0(AbstractBeanFactory.java:339) ~[spring-beans-6.2.14.jar:6.2.14]
	at org.springframework.beans.factory.support.DefaultSingletonBeanRegistry.getSingleton(DefaultSingletonBeanRegistry.java:373) ~[spring-beans-6.2.14.jar:6.2.14]
	at org.springframework.beans.factory.support.AbstractBeanFactory.doGetBean(AbstractBeanFactory.java:337) ~[spring-beans-6.2.14.jar:6.2.14]
	at org.springframework.beans.factory.support.AbstractBeanFactory.getBean(AbstractBeanFactory.java:207) ~[spring-beans-6.2.14.jar:6.2.14]
	at org.springframework.context.support.AbstractApplicationContext.finishBeanFactoryInitialization(AbstractApplicationContext.java:973) ~[spring-context-6.2.14.jar:6.2.14]
	at org.springframework.context.support.AbstractApplicationContext.refresh(AbstractApplicationContext.java:627) ~[spring-context-6.2.14.jar:6.2.14]
	at org.springframework.boot.web.servlet.context.ServletWebServerApplicationContext.refresh(ServletWebServerApplicationContext.java:146) ~[spring-boot-3.5.8.jar:3.5.8]
	at org.springframework.boot.SpringApplication.refresh(SpringApplication.java:752) ~[spring-boot-3.5.8.jar:3.5.8]
	at org.springframework.boot.SpringApplication.refreshContext(SpringApplication.java:439) ~[spring-boot-3.5.8.jar:3.5.8]
	at org.springframework.boot.SpringApplication.run(SpringApplication.java:318) ~[spring-boot-3.5.8.jar:3.5.8]
	at org.springframework.boot.SpringApplication.run(SpringApplication.java:1361) ~[spring-boot-3.5.8.jar:3.5.8]
	at org.springframework.boot.SpringApplication.run(SpringApplication.java:1350) ~[spring-boot-3.5.8.jar:3.5.8]
	at com.cardosofiles.nubank_challenge_server.NubankChallengeServerApplication.main(NubankChallengeServerApplication.java:14) ~[classes/:na]
	at java.base/jdk.internal.reflect.NativeMethodAccessorImpl.invoke0(Native Method) ~[na:na]
	at java.base/jdk.internal.reflect.NativeMethodAccessorImpl.invoke(NativeMethodAccessorImpl.java:77) ~[na:na]
	at java.base/jdk.internal.reflect.DelegatingMethodAccessorImpl.invoke(DelegatingMethodAccessorImpl.java:43) ~[na:na]
	at java.base/java.lang.reflect.Method.invoke(Method.java:569) ~[na:na]
	at org.springframework.boot.devtools.restart.RestartLauncher.run(RestartLauncher.java:50) ~[spring-boot-devtools-3.5.8.jar:3.5.8]
Caused by: jakarta.persistence.PersistenceException: [PersistenceUnit: default] Unable to build Hibernate SessionFactory; nested exception is org.hibernate.InstantiationException: Could not instantiate entity 'com.cardosofiles.nubank_challenge_server.model.Clients' due to: null
	at org.springframework.orm.jpa.AbstractEntityManagerFactoryBean.buildNativeEntityManagerFactory(AbstractEntityManagerFactoryBean.java:431) ~[spring-orm-6.2.14.jar:6.2.14]
	at org.springframework.orm.jpa.AbstractEntityManagerFactoryBean.afterPropertiesSet(AbstractEntityManagerFactoryBean.java:400) ~[spring-orm-6.2.14.jar:6.2.14]
	at org.springframework.orm.jpa.LocalContainerEntityManagerFactoryBean.afterPropertiesSet(LocalContainerEntityManagerFactoryBean.java:366) ~[spring-orm-6.2.14.jar:6.2.14]
	at org.springframework.beans.factory.support.AbstractAutowireCapableBeanFactory.invokeInitMethods(AbstractAutowireCapableBeanFactory.java:1873) ~[spring-beans-6.2.14.jar:6.2.14]
	at org.springframework.beans.factory.support.AbstractAutowireCapableBeanFactory.initializeBean(AbstractAutowireCapableBeanFactory.java:1822) ~[spring-beans-6.2.14.jar:6.2.14]
	... 20 common frames omitted
Caused by: org.hibernate.InstantiationException: Could not instantiate entity 'com.cardosofiles.nubank_challenge_server.model.Clients' due to: null
	at org.hibernate.metamodel.internal.EntityInstantiatorPojoStandard.instantiate(EntityInstantiatorPojoStandard.java:100) ~[hibernate-core-6.6.36.Final.jar:6.6.36.Final]
	at org.hibernate.persister.entity.AbstractEntityPersister.lambda$prepareMappingModel$14(AbstractEntityPersister.java:5356) ~[hibernate-core-6.6.36.Final.jar:6.6.36.Final]
	at org.hibernate.internal.util.LazyValue.getValue(LazyValue.java:30) ~[hibernate-core-6.6.36.Final.jar:6.6.36.Final]
	at org.hibernate.engine.internal.UnsavedValueFactory.getUnsavedIdentifierValue(UnsavedValueFactory.java:49) ~[hibernate-core-6.6.36.Final.jar:6.6.36.Final]
	at org.hibernate.metamodel.mapping.internal.BasicEntityIdentifierMappingImpl.<init>(BasicEntityIdentifierMappingImpl.java:119) ~[hibernate-core-6.6.36.Final.jar:6.6.36.Final]
	at org.hibernate.persister.entity.AbstractEntityPersister.generateIdentifierMapping(AbstractEntityPersister.java:5725) ~[hibernate-core-6.6.36.Final.jar:6.6.36.Final]
	at org.hibernate.persister.entity.AbstractEntityPersister.lambda$prepareMappingModel$15(AbstractEntityPersister.java:5361) ~[hibernate-core-6.6.36.Final.jar:6.6.36.Final]
	at org.hibernate.metamodel.mapping.internal.MappingModelCreationProcess.processSubPart(MappingModelCreationProcess.java:163) ~[hibernate-core-6.6.36.Final.jar:6.6.36.Final]
	at org.hibernate.persister.entity.AbstractEntityPersister.prepareMappingModel(AbstractEntityPersister.java:5359) ~[hibernate-core-6.6.36.Final.jar:6.6.36.Final]
	at org.hibernate.persister.entity.AbstractEntityPersister.prepareMappingModel(AbstractEntityPersister.java:5205) ~[hibernate-core-6.6.36.Final.jar:6.6.36.Final]
	at org.hibernate.metamodel.mapping.internal.MappingModelCreationProcess.execute(MappingModelCreationProcess.java:84) ~[hibernate-core-6.6.36.Final.jar:6.6.36.Final]
	at org.hibernate.metamodel.mapping.internal.MappingModelCreationProcess.process(MappingModelCreationProcess.java:42) ~[hibernate-core-6.6.36.Final.jar:6.6.36.Final]
	at org.hibernate.metamodel.model.domain.internal.MappingMetamodelImpl.finishInitialization(MappingMetamodelImpl.java:200) ~[hibernate-core-6.6.36.Final.jar:6.6.36.Final]
	at org.hibernate.internal.SessionFactoryImpl.initializeMappingModel(SessionFactoryImpl.java:373) ~[hibernate-core-6.6.36.Final.jar:6.6.36.Final]
	at org.hibernate.internal.SessionFactoryImpl.<init>(SessionFactoryImpl.java:302) ~[hibernate-core-6.6.36.Final.jar:6.6.36.Final]
	at org.hibernate.boot.internal.SessionFactoryBuilderImpl.build(SessionFactoryBuilderImpl.java:463) ~[hibernate-core-6.6.36.Final.jar:6.6.36.Final]
	at org.hibernate.jpa.boot.internal.EntityManagerFactoryBuilderImpl.build(EntityManagerFactoryBuilderImpl.java:1517) ~[hibernate-core-6.6.36.Final.jar:6.6.36.Final]
	at org.springframework.orm.jpa.vendor.SpringHibernateJpaPersistenceProvider.createContainerEntityManagerFactory(SpringHibernateJpaPersistenceProvider.java:66) ~[spring-orm-6.2.14.jar:6.2.14]
	at org.springframework.orm.jpa.LocalContainerEntityManagerFactoryBean.createNativeEntityManagerFactory(LocalContainerEntityManagerFactoryBean.java:390) ~[spring-orm-6.2.14.jar:6.2.14]
	at org.springframework.orm.jpa.AbstractEntityManagerFactoryBean.buildNativeEntityManagerFactory(AbstractEntityManagerFactoryBean.java:419) ~[spring-orm-6.2.14.jar:6.2.14]
	... 24 common frames omitted
Caused by: java.lang.reflect.InvocationTargetException: null
	at java.base/jdk.internal.reflect.NativeConstructorAccessorImpl.newInstance0(Native Method) ~[na:na]
	at java.base/jdk.internal.reflect.NativeConstructorAccessorImpl.newInstance(NativeConstructorAccessorImpl.java:77) ~[na:na]
	at java.base/jdk.internal.reflect.DelegatingConstructorAccessorImpl.newInstance(DelegatingConstructorAccessorImpl.java:45) ~[na:na]
	at java.base/java.lang.reflect.Constructor.newInstanceWithCaller(Constructor.java:500) ~[na:na]
	at java.base/java.lang.reflect.Constructor.newInstance(Constructor.java:481) ~[na:na]
	at org.hibernate.metamodel.internal.EntityInstantiatorPojoStandard.instantiate(EntityInstantiatorPojoStandard.java:97) ~[hibernate-core-6.6.36.Final.jar:6.6.36.Final]
	... 43 common frames omitted
Caused by: java.lang.Error: Unresolved compilation problem: 
	The public type Clients must be defined in its own file

	at com.cardosofiles.nubank_challenge_server.model.Clients.<init>(Client.java:22) ~[classes/:na]
	... 49 common frames omitted

2025-11-20T20:48:48.329-03:00  INFO 5660 --- [nubank-challenge-server] [restartedMain] c.c.n.NubankChallengeServerApplication   : Starting NubankChallengeServerApplication using Java 17.0.14 with PID 5660 (/home/cardosofiles/www/java/development/nubank-challenge-server/target/classes started by cardosofiles in /home/cardosofiles/www/java/development/nubank-challenge-server)
2025-11-20T20:48:48.330-03:00  INFO 5660 --- [nubank-challenge-server] [restartedMain] c.c.n.NubankChallengeServerApplication   : The following 1 profile is active: "dev"
2025-11-20T20:48:48.443-03:00  INFO 5660 --- [nubank-challenge-server] [restartedMain] .s.d.r.c.RepositoryConfigurationDelegate : Bootstrapping Spring Data JPA repositories in DEFAULT mode.
2025-11-20T20:48:48.446-03:00  INFO 5660 --- [nubank-challenge-server] [restartedMain] .s.d.r.c.RepositoryConfigurationDelegate : Finished Spring Data repository scanning in 2 ms. Found 1 JPA repository interface.
2025-11-20T20:48:48.521-03:00  INFO 5660 --- [nubank-challenge-server] [restartedMain] o.s.b.w.embedded.tomcat.TomcatWebServer  : Tomcat initialized with port 8080 (http)
2025-11-20T20:48:48.521-03:00  INFO 5660 --- [nubank-challenge-server] [restartedMain] o.apache.catalina.core.StandardService   : Starting service [Tomcat]
2025-11-20T20:48:48.521-03:00  INFO 5660 --- [nubank-challenge-server] [restartedMain] o.apache.catalina.core.StandardEngine    : Starting Servlet engine: [Apache Tomcat/10.1.49]
2025-11-20T20:48:48.527-03:00  INFO 5660 --- [nubank-challenge-server] [restartedMain] o.a.c.c.C.[Tomcat-3].[localhost].[/]     : Initializing Spring embedded WebApplicationContext
2025-11-20T20:48:48.527-03:00  INFO 5660 --- [nubank-challenge-server] [restartedMain] w.s.c.ServletWebServerApplicationContext : Root WebApplicationContext: initialization completed in 195 ms
2025-11-20T20:48:48.566-03:00  INFO 5660 --- [nubank-challenge-server] [restartedMain] o.hibernate.jpa.internal.util.LogHelper  : HHH000204: Processing PersistenceUnitInfo [name: default]
2025-11-20T20:48:48.566-03:00  INFO 5660 --- [nubank-challenge-server] [restartedMain] o.h.c.internal.RegionFactoryInitiator    : HHH000026: Second-level cache disabled
2025-11-20T20:48:48.569-03:00  INFO 5660 --- [nubank-challenge-server] [restartedMain] o.s.o.j.p.SpringPersistenceUnitInfo      : No LoadTimeWeaver setup: ignoring JPA class transformer
2025-11-20T20:48:48.569-03:00  INFO 5660 --- [nubank-challenge-server] [restartedMain] com.zaxxer.hikari.HikariDataSource       : HikariPool-41 - Starting...
2025-11-20T20:48:48.583-03:00  INFO 5660 --- [nubank-challenge-server] [restartedMain] com.zaxxer.hikari.pool.HikariPool        : HikariPool-41 - Added connection org.postgresql.jdbc.PgConnection@21bec1ae
2025-11-20T20:48:48.583-03:00  INFO 5660 --- [nubank-challenge-server] [restartedMain] com.zaxxer.hikari.HikariDataSource       : HikariPool-41 - Start completed.
2025-11-20T20:48:48.586-03:00  WARN 5660 --- [nubank-challenge-server] [restartedMain] org.hibernate.orm.deprecation            : HHH90000025: PostgreSQLDialect does not need to be specified explicitly using 'hibernate.dialect' (remove the property setting and it will be selected by default)
2025-11-20T20:48:48.588-03:00  INFO 5660 --- [nubank-challenge-server] [restartedMain] org.hibernate.orm.connections.pooling    : HHH10001005: Database info:
	Database JDBC URL [Connecting through datasource 'HikariDataSource (HikariPool-41)']
	Database driver: undefined/unknown
	Database version: 15.15
	Autocommit mode: undefined/unknown
	Isolation level: undefined/unknown
	Minimum pool size: undefined/unknown
	Maximum pool size: undefined/unknown
2025-11-20T20:48:48.590-03:00  WARN 5660 --- [nubank-challenge-server] [restartedMain] ConfigServletWebServerApplicationContext : Exception encountered during context initialization - cancelling refresh attempt: org.springframework.beans.factory.BeanCreationException: Error creating bean with name 'entityManagerFactory' defined in class path resource [org/springframework/boot/autoconfigure/orm/jpa/HibernateJpaConfiguration.class]: Type Contacts not present
2025-11-20T20:48:48.590-03:00  INFO 5660 --- [nubank-challenge-server] [restartedMain] com.zaxxer.hikari.HikariDataSource       : HikariPool-41 - Shutdown initiated...
2025-11-20T20:48:48.591-03:00  INFO 5660 --- [nubank-challenge-server] [restartedMain] com.zaxxer.hikari.HikariDataSource       : HikariPool-41 - Shutdown completed.
2025-11-20T20:48:48.591-03:00  INFO 5660 --- [nubank-challenge-server] [restartedMain] o.apache.catalina.core.StandardService   : Stopping service [Tomcat]
2025-11-20T20:48:48.599-03:00  INFO 5660 --- [nubank-challenge-server] [restartedMain] .s.b.a.l.ConditionEvaluationReportLogger : 

Error starting ApplicationContext. To display the condition evaluation report re-run your application with 'debug' enabled.
2025-11-20T20:48:48.601-03:00 ERROR 5660 --- [nubank-challenge-server] [restartedMain] o.s.boot.SpringApplication               : Application run failed

org.springframework.beans.factory.BeanCreationException: Error creating bean with name 'entityManagerFactory' defined in class path resource [org/springframework/boot/autoconfigure/orm/jpa/HibernateJpaConfiguration.class]: Type Contacts not present
	at org.springframework.beans.factory.support.AbstractAutowireCapableBeanFactory.initializeBean(AbstractAutowireCapableBeanFactory.java:1826) ~[spring-beans-6.2.14.jar:6.2.14]
	at org.springframework.beans.factory.support.AbstractAutowireCapableBeanFactory.doCreateBean(AbstractAutowireCapableBeanFactory.java:607) ~[spring-beans-6.2.14.jar:6.2.14]
	at org.springframework.beans.factory.support.AbstractAutowireCapableBeanFactory.createBean(AbstractAutowireCapableBeanFactory.java:529) ~[spring-beans-6.2.14.jar:6.2.14]
	at org.springframework.beans.factory.support.AbstractBeanFactory.lambda$doGetBean$0(AbstractBeanFactory.java:339) ~[spring-beans-6.2.14.jar:6.2.14]
	at org.springframework.beans.factory.support.DefaultSingletonBeanRegistry.getSingleton(DefaultSingletonBeanRegistry.java:373) ~[spring-beans-6.2.14.jar:6.2.14]
	at org.springframework.beans.factory.support.AbstractBeanFactory.doGetBean(AbstractBeanFactory.java:337) ~[spring-beans-6.2.14.jar:6.2.14]
	at org.springframework.beans.factory.support.AbstractBeanFactory.getBean(AbstractBeanFactory.java:207) ~[spring-beans-6.2.14.jar:6.2.14]
	at org.springframework.context.support.AbstractApplicationContext.finishBeanFactoryInitialization(AbstractApplicationContext.java:973) ~[spring-context-6.2.14.jar:6.2.14]
	at org.springframework.context.support.AbstractApplicationContext.refresh(AbstractApplicationContext.java:627) ~[spring-context-6.2.14.jar:6.2.14]
	at org.springframework.boot.web.servlet.context.ServletWebServerApplicationContext.refresh(ServletWebServerApplicationContext.java:146) ~[spring-boot-3.5.8.jar:3.5.8]
	at org.springframework.boot.SpringApplication.refresh(SpringApplication.java:752) ~[spring-boot-3.5.8.jar:3.5.8]
	at org.springframework.boot.SpringApplication.refreshContext(SpringApplication.java:439) ~[spring-boot-3.5.8.jar:3.5.8]
	at org.springframework.boot.SpringApplication.run(SpringApplication.java:318) ~[spring-boot-3.5.8.jar:3.5.8]
	at org.springframework.boot.SpringApplication.run(SpringApplication.java:1361) ~[spring-boot-3.5.8.jar:3.5.8]
	at org.springframework.boot.SpringApplication.run(SpringApplication.java:1350) ~[spring-boot-3.5.8.jar:3.5.8]
	at com.cardosofiles.nubank_challenge_server.NubankChallengeServerApplication.main(NubankChallengeServerApplication.java:14) ~[classes/:na]
	at java.base/jdk.internal.reflect.NativeMethodAccessorImpl.invoke0(Native Method) ~[na:na]
	at java.base/jdk.internal.reflect.NativeMethodAccessorImpl.invoke(NativeMethodAccessorImpl.java:77) ~[na:na]
	at java.base/jdk.internal.reflect.DelegatingMethodAccessorImpl.invoke(DelegatingMethodAccessorImpl.java:43) ~[na:na]
	at java.base/java.lang.reflect.Method.invoke(Method.java:569) ~[na:na]
	at org.springframework.boot.devtools.restart.RestartLauncher.run(RestartLauncher.java:50) ~[spring-boot-devtools-3.5.8.jar:3.5.8]
Caused by: java.lang.TypeNotPresentException: Type Contacts not present
	at java.base/sun.reflect.generics.factory.CoreReflectionFactory.makeNamedType(CoreReflectionFactory.java:117) ~[na:na]
	at java.base/sun.reflect.generics.visitor.Reifier.visitClassTypeSignature(Reifier.java:125) ~[na:na]
	at java.base/sun.reflect.generics.tree.ClassTypeSignature.accept(ClassTypeSignature.java:49) ~[na:na]
	at java.base/sun.reflect.generics.visitor.Reifier.reifyTypeArguments(Reifier.java:68) ~[na:na]
	at java.base/sun.reflect.generics.visitor.Reifier.visitClassTypeSignature(Reifier.java:138) ~[na:na]
	at java.base/sun.reflect.generics.tree.ClassTypeSignature.accept(ClassTypeSignature.java:49) ~[na:na]
	at java.base/sun.reflect.generics.repository.MethodRepository.computeReturnType(MethodRepository.java:75) ~[na:na]
	at java.base/sun.reflect.generics.repository.MethodRepository.getReturnType(MethodRepository.java:66) ~[na:na]
	at java.base/java.lang.reflect.Method.getGenericReturnType(Method.java:296) ~[na:na]
	at org.hibernate.annotations.common.reflection.java.JavaXClass.getDeclaredMethodProperties(JavaXClass.java:136) ~[hibernate-commons-annotations-7.0.3.Final.jar:7.0.3.Final]
	at org.hibernate.annotations.common.reflection.java.JavaXClass.getDeclaredProperties(JavaXClass.java:172) ~[hibernate-commons-annotations-7.0.3.Final.jar:7.0.3.Final]
	at org.hibernate.annotations.common.reflection.java.JavaXClass.getDeclaredProperties(JavaXClass.java:164) ~[hibernate-commons-annotations-7.0.3.Final.jar:7.0.3.Final]
	at org.hibernate.boot.model.internal.InheritanceState.determineDefaultAccessType(InheritanceState.java:269) ~[hibernate-core-6.6.36.Final.jar:6.6.36.Final]
	at org.hibernate.boot.model.internal.InheritanceState.getElementsToProcess(InheritanceState.java:226) ~[hibernate-core-6.6.36.Final.jar:6.6.36.Final]
	at org.hibernate.boot.model.internal.InheritanceState.postProcess(InheritanceState.java:162) ~[hibernate-core-6.6.36.Final.jar:6.6.36.Final]
	at org.hibernate.boot.model.internal.EntityBinder.handleIdentifier(EntityBinder.java:410) ~[hibernate-core-6.6.36.Final.jar:6.6.36.Final]
	at org.hibernate.boot.model.internal.EntityBinder.bindEntityClass(EntityBinder.java:251) ~[hibernate-core-6.6.36.Final.jar:6.6.36.Final]
	at org.hibernate.boot.model.internal.AnnotationBinder.bindClass(AnnotationBinder.java:404) ~[hibernate-core-6.6.36.Final.jar:6.6.36.Final]
	at org.hibernate.boot.model.source.internal.annotations.AnnotationMetadataSourceProcessorImpl.processEntityHierarchies(AnnotationMetadataSourceProcessorImpl.java:266) ~[hibernate-core-6.6.36.Final.jar:6.6.36.Final]
	at org.hibernate.boot.model.process.spi.MetadataBuildingProcess$1.processEntityHierarchies(MetadataBuildingProcess.java:281) ~[hibernate-core-6.6.36.Final.jar:6.6.36.Final]
	at org.hibernate.boot.model.process.spi.MetadataBuildingProcess.complete(MetadataBuildingProcess.java:324) ~[hibernate-core-6.6.36.Final.jar:6.6.36.Final]
	at org.hibernate.jpa.boot.internal.EntityManagerFactoryBuilderImpl.metadata(EntityManagerFactoryBuilderImpl.java:1442) ~[hibernate-core-6.6.36.Final.jar:6.6.36.Final]
	at org.hibernate.jpa.boot.internal.EntityManagerFactoryBuilderImpl.build(EntityManagerFactoryBuilderImpl.java:1513) ~[hibernate-core-6.6.36.Final.jar:6.6.36.Final]
	at org.springframework.orm.jpa.vendor.SpringHibernateJpaPersistenceProvider.createContainerEntityManagerFactory(SpringHibernateJpaPersistenceProvider.java:66) ~[spring-orm-6.2.14.jar:6.2.14]
	at org.springframework.orm.jpa.LocalContainerEntityManagerFactoryBean.createNativeEntityManagerFactory(LocalContainerEntityManagerFactoryBean.java:390) ~[spring-orm-6.2.14.jar:6.2.14]
	at org.springframework.orm.jpa.AbstractEntityManagerFactoryBean.buildNativeEntityManagerFactory(AbstractEntityManagerFactoryBean.java:419) ~[spring-orm-6.2.14.jar:6.2.14]
	at org.springframework.orm.jpa.AbstractEntityManagerFactoryBean.afterPropertiesSet(AbstractEntityManagerFactoryBean.java:400) ~[spring-orm-6.2.14.jar:6.2.14]
	at org.springframework.orm.jpa.LocalContainerEntityManagerFactoryBean.afterPropertiesSet(LocalContainerEntityManagerFactoryBean.java:366) ~[spring-orm-6.2.14.jar:6.2.14]
	at org.springframework.beans.factory.support.AbstractAutowireCapableBeanFactory.invokeInitMethods(AbstractAutowireCapableBeanFactory.java:1873) ~[spring-beans-6.2.14.jar:6.2.14]
	at org.springframework.beans.factory.support.AbstractAutowireCapableBeanFactory.initializeBean(AbstractAutowireCapableBeanFactory.java:1822) ~[spring-beans-6.2.14.jar:6.2.14]
	... 20 common frames omitted
Caused by: java.lang.ClassNotFoundException: Contacts
	at java.base/jdk.internal.loader.BuiltinClassLoader.loadClass(BuiltinClassLoader.java:641) ~[na:na]
	at java.base/jdk.internal.loader.ClassLoaders$AppClassLoader.loadClass(ClassLoaders.java:188) ~[na:na]
	at java.base/java.lang.ClassLoader.loadClass(ClassLoader.java:525) ~[na:na]
	at java.base/java.lang.Class.forName0(Native Method) ~[na:na]
	at java.base/java.lang.Class.forName(Class.java:467) ~[na:na]
	at org.springframework.boot.devtools.restart.classloader.RestartClassLoader.loadClass(RestartClassLoader.java:121) ~[spring-boot-devtools-3.5.8.jar:3.5.8]
	at java.base/java.lang.ClassLoader.loadClass(ClassLoader.java:525) ~[na:na]
	at java.base/java.lang.Class.forName0(Native Method) ~[na:na]
	at java.base/java.lang.Class.forName(Class.java:467) ~[na:na]
	at java.base/sun.reflect.generics.factory.CoreReflectionFactory.makeNamedType(CoreReflectionFactory.java:114) ~[na:na]
	... 49 common frames omitted

2025-11-20T20:48:57.034-03:00  INFO 5660 --- [nubank-challenge-server] [restartedMain] c.c.n.NubankChallengeServerApplication   : Starting NubankChallengeServerApplication using Java 17.0.14 with PID 5660 (/home/cardosofiles/www/java/development/nubank-challenge-server/target/classes started by cardosofiles in /home/cardosofiles/www/java/development/nubank-challenge-server)
2025-11-20T20:48:57.035-03:00  INFO 5660 --- [nubank-challenge-server] [restartedMain] c.c.n.NubankChallengeServerApplication   : The following 1 profile is active: "dev"
2025-11-20T20:48:57.222-03:00  INFO 5660 --- [nubank-challenge-server] [restartedMain] .s.d.r.c.RepositoryConfigurationDelegate : Bootstrapping Spring Data JPA repositories in DEFAULT mode.
2025-11-20T20:48:57.227-03:00  INFO 5660 --- [nubank-challenge-server] [restartedMain] .s.d.r.c.RepositoryConfigurationDelegate : Finished Spring Data repository scanning in 3 ms. Found 1 JPA repository interface.
2025-11-20T20:48:57.284-03:00  INFO 5660 --- [nubank-challenge-server] [restartedMain] o.s.b.w.embedded.tomcat.TomcatWebServer  : Tomcat initialized with port 8080 (http)
2025-11-20T20:48:57.284-03:00  INFO 5660 --- [nubank-challenge-server] [restartedMain] o.apache.catalina.core.StandardService   : Starting service [Tomcat]
2025-11-20T20:48:57.285-03:00  INFO 5660 --- [nubank-challenge-server] [restartedMain] o.apache.catalina.core.StandardEngine    : Starting Servlet engine: [Apache Tomcat/10.1.49]
2025-11-20T20:48:57.292-03:00  INFO 5660 --- [nubank-challenge-server] [restartedMain] o.a.c.c.C.[Tomcat-4].[localhost].[/]     : Initializing Spring embedded WebApplicationContext
2025-11-20T20:48:57.292-03:00  INFO 5660 --- [nubank-challenge-server] [restartedMain] w.s.c.ServletWebServerApplicationContext : Root WebApplicationContext: initialization completed in 255 ms
2025-11-20T20:48:57.345-03:00  INFO 5660 --- [nubank-challenge-server] [restartedMain] o.hibernate.jpa.internal.util.LogHelper  : HHH000204: Processing PersistenceUnitInfo [name: default]
2025-11-20T20:48:57.346-03:00  INFO 5660 --- [nubank-challenge-server] [restartedMain] o.h.c.internal.RegionFactoryInitiator    : HHH000026: Second-level cache disabled
2025-11-20T20:48:57.349-03:00  INFO 5660 --- [nubank-challenge-server] [restartedMain] o.s.o.j.p.SpringPersistenceUnitInfo      : No LoadTimeWeaver setup: ignoring JPA class transformer
2025-11-20T20:48:57.350-03:00  INFO 5660 --- [nubank-challenge-server] [restartedMain] com.zaxxer.hikari.HikariDataSource       : HikariPool-42 - Starting...
2025-11-20T20:48:57.365-03:00  INFO 5660 --- [nubank-challenge-server] [restartedMain] com.zaxxer.hikari.pool.HikariPool        : HikariPool-42 - Added connection org.postgresql.jdbc.PgConnection@71d71fb7
2025-11-20T20:48:57.365-03:00  INFO 5660 --- [nubank-challenge-server] [restartedMain] com.zaxxer.hikari.HikariDataSource       : HikariPool-42 - Start completed.
2025-11-20T20:48:57.367-03:00  WARN 5660 --- [nubank-challenge-server] [restartedMain] org.hibernate.orm.deprecation            : HHH90000025: PostgreSQLDialect does not need to be specified explicitly using 'hibernate.dialect' (remove the property setting and it will be selected by default)
2025-11-20T20:48:57.369-03:00  INFO 5660 --- [nubank-challenge-server] [restartedMain] org.hibernate.orm.connections.pooling    : HHH10001005: Database info:
	Database JDBC URL [Connecting through datasource 'HikariDataSource (HikariPool-42)']
	Database driver: undefined/unknown
	Database version: 15.15
	Autocommit mode: undefined/unknown
	Isolation level: undefined/unknown
	Minimum pool size: undefined/unknown
	Maximum pool size: undefined/unknown
2025-11-20T20:48:57.370-03:00  WARN 5660 --- [nubank-challenge-server] [restartedMain] ConfigServletWebServerApplicationContext : Exception encountered during context initialization - cancelling refresh attempt: org.springframework.beans.factory.BeanCreationException: Error creating bean with name 'entityManagerFactory' defined in class path resource [org/springframework/boot/autoconfigure/orm/jpa/HibernateJpaConfiguration.class]: Type Contacts not present
2025-11-20T20:48:57.371-03:00  INFO 5660 --- [nubank-challenge-server] [restartedMain] com.zaxxer.hikari.HikariDataSource       : HikariPool-42 - Shutdown initiated...
2025-11-20T20:48:57.371-03:00  INFO 5660 --- [nubank-challenge-server] [restartedMain] com.zaxxer.hikari.HikariDataSource       : HikariPool-42 - Shutdown completed.
2025-11-20T20:48:57.372-03:00  INFO 5660 --- [nubank-challenge-server] [restartedMain] o.apache.catalina.core.StandardService   : Stopping service [Tomcat]
2025-11-20T20:48:57.377-03:00  INFO 5660 --- [nubank-challenge-server] [restartedMain] .s.b.a.l.ConditionEvaluationReportLogger : 

Error starting ApplicationContext. To display the condition evaluation report re-run your application with 'debug' enabled.
2025-11-20T20:48:57.379-03:00 ERROR 5660 --- [nubank-challenge-server] [restartedMain] o.s.boot.SpringApplication               : Application run failed

org.springframework.beans.factory.BeanCreationException: Error creating bean with name 'entityManagerFactory' defined in class path resource [org/springframework/boot/autoconfigure/orm/jpa/HibernateJpaConfiguration.class]: Type Contacts not present
	at org.springframework.beans.factory.support.AbstractAutowireCapableBeanFactory.initializeBean(AbstractAutowireCapableBeanFactory.java:1826) ~[spring-beans-6.2.14.jar:6.2.14]
	at org.springframework.beans.factory.support.AbstractAutowireCapableBeanFactory.doCreateBean(AbstractAutowireCapableBeanFactory.java:607) ~[spring-beans-6.2.14.jar:6.2.14]
	at org.springframework.beans.factory.support.AbstractAutowireCapableBeanFactory.createBean(AbstractAutowireCapableBeanFactory.java:529) ~[spring-beans-6.2.14.jar:6.2.14]
	at org.springframework.beans.factory.support.AbstractBeanFactory.lambda$doGetBean$0(AbstractBeanFactory.java:339) ~[spring-beans-6.2.14.jar:6.2.14]
	at org.springframework.beans.factory.support.DefaultSingletonBeanRegistry.getSingleton(DefaultSingletonBeanRegistry.java:373) ~[spring-beans-6.2.14.jar:6.2.14]
	at org.springframework.beans.factory.support.AbstractBeanFactory.doGetBean(AbstractBeanFactory.java:337) ~[spring-beans-6.2.14.jar:6.2.14]
	at org.springframework.beans.factory.support.AbstractBeanFactory.getBean(AbstractBeanFactory.java:207) ~[spring-beans-6.2.14.jar:6.2.14]
	at org.springframework.context.support.AbstractApplicationContext.finishBeanFactoryInitialization(AbstractApplicationContext.java:973) ~[spring-context-6.2.14.jar:6.2.14]
	at org.springframework.context.support.AbstractApplicationContext.refresh(AbstractApplicationContext.java:627) ~[spring-context-6.2.14.jar:6.2.14]
	at org.springframework.boot.web.servlet.context.ServletWebServerApplicationContext.refresh(ServletWebServerApplicationContext.java:146) ~[spring-boot-3.5.8.jar:3.5.8]
	at org.springframework.boot.SpringApplication.refresh(SpringApplication.java:752) ~[spring-boot-3.5.8.jar:3.5.8]
	at org.springframework.boot.SpringApplication.refreshContext(SpringApplication.java:439) ~[spring-boot-3.5.8.jar:3.5.8]
	at org.springframework.boot.SpringApplication.run(SpringApplication.java:318) ~[spring-boot-3.5.8.jar:3.5.8]
	at org.springframework.boot.SpringApplication.run(SpringApplication.java:1361) ~[spring-boot-3.5.8.jar:3.5.8]
	at org.springframework.boot.SpringApplication.run(SpringApplication.java:1350) ~[spring-boot-3.5.8.jar:3.5.8]
	at com.cardosofiles.nubank_challenge_server.NubankChallengeServerApplication.main(NubankChallengeServerApplication.java:14) ~[classes/:na]
	at java.base/jdk.internal.reflect.NativeMethodAccessorImpl.invoke0(Native Method) ~[na:na]
	at java.base/jdk.internal.reflect.NativeMethodAccessorImpl.invoke(NativeMethodAccessorImpl.java:77) ~[na:na]
	at java.base/jdk.internal.reflect.DelegatingMethodAccessorImpl.invoke(DelegatingMethodAccessorImpl.java:43) ~[na:na]
	at java.base/java.lang.reflect.Method.invoke(Method.java:569) ~[na:na]
	at org.springframework.boot.devtools.restart.RestartLauncher.run(RestartLauncher.java:50) ~[spring-boot-devtools-3.5.8.jar:3.5.8]
Caused by: java.lang.TypeNotPresentException: Type Contacts not present
	at java.base/sun.reflect.generics.factory.CoreReflectionFactory.makeNamedType(CoreReflectionFactory.java:117) ~[na:na]
	at java.base/sun.reflect.generics.visitor.Reifier.visitClassTypeSignature(Reifier.java:125) ~[na:na]
	at java.base/sun.reflect.generics.tree.ClassTypeSignature.accept(ClassTypeSignature.java:49) ~[na:na]
	at java.base/sun.reflect.generics.visitor.Reifier.reifyTypeArguments(Reifier.java:68) ~[na:na]
	at java.base/sun.reflect.generics.visitor.Reifier.visitClassTypeSignature(Reifier.java:138) ~[na:na]
	at java.base/sun.reflect.generics.tree.ClassTypeSignature.accept(ClassTypeSignature.java:49) ~[na:na]
	at java.base/sun.reflect.generics.repository.MethodRepository.computeReturnType(MethodRepository.java:75) ~[na:na]
	at java.base/sun.reflect.generics.repository.MethodRepository.getReturnType(MethodRepository.java:66) ~[na:na]
	at java.base/java.lang.reflect.Method.getGenericReturnType(Method.java:296) ~[na:na]
	at org.hibernate.annotations.common.reflection.java.JavaXClass.getDeclaredMethodProperties(JavaXClass.java:136) ~[hibernate-commons-annotations-7.0.3.Final.jar:7.0.3.Final]
	at org.hibernate.annotations.common.reflection.java.JavaXClass.getDeclaredProperties(JavaXClass.java:172) ~[hibernate-commons-annotations-7.0.3.Final.jar:7.0.3.Final]
	at org.hibernate.annotations.common.reflection.java.JavaXClass.getDeclaredProperties(JavaXClass.java:164) ~[hibernate-commons-annotations-7.0.3.Final.jar:7.0.3.Final]
	at org.hibernate.boot.model.internal.InheritanceState.determineDefaultAccessType(InheritanceState.java:269) ~[hibernate-core-6.6.36.Final.jar:6.6.36.Final]
	at org.hibernate.boot.model.internal.InheritanceState.getElementsToProcess(InheritanceState.java:226) ~[hibernate-core-6.6.36.Final.jar:6.6.36.Final]
	at org.hibernate.boot.model.internal.InheritanceState.postProcess(InheritanceState.java:162) ~[hibernate-core-6.6.36.Final.jar:6.6.36.Final]
	at org.hibernate.boot.model.internal.EntityBinder.handleIdentifier(EntityBinder.java:410) ~[hibernate-core-6.6.36.Final.jar:6.6.36.Final]
	at org.hibernate.boot.model.internal.EntityBinder.bindEntityClass(EntityBinder.java:251) ~[hibernate-core-6.6.36.Final.jar:6.6.36.Final]
	at org.hibernate.boot.model.internal.AnnotationBinder.bindClass(AnnotationBinder.java:404) ~[hibernate-core-6.6.36.Final.jar:6.6.36.Final]
	at org.hibernate.boot.model.source.internal.annotations.AnnotationMetadataSourceProcessorImpl.processEntityHierarchies(AnnotationMetadataSourceProcessorImpl.java:266) ~[hibernate-core-6.6.36.Final.jar:6.6.36.Final]
	at org.hibernate.boot.model.process.spi.MetadataBuildingProcess$1.processEntityHierarchies(MetadataBuildingProcess.java:281) ~[hibernate-core-6.6.36.Final.jar:6.6.36.Final]
	at org.hibernate.boot.model.process.spi.MetadataBuildingProcess.complete(MetadataBuildingProcess.java:324) ~[hibernate-core-6.6.36.Final.jar:6.6.36.Final]
	at org.hibernate.jpa.boot.internal.EntityManagerFactoryBuilderImpl.metadata(EntityManagerFactoryBuilderImpl.java:1442) ~[hibernate-core-6.6.36.Final.jar:6.6.36.Final]
	at org.hibernate.jpa.boot.internal.EntityManagerFactoryBuilderImpl.build(EntityManagerFactoryBuilderImpl.java:1513) ~[hibernate-core-6.6.36.Final.jar:6.6.36.Final]
	at org.springframework.orm.jpa.vendor.SpringHibernateJpaPersistenceProvider.createContainerEntityManagerFactory(SpringHibernateJpaPersistenceProvider.java:66) ~[spring-orm-6.2.14.jar:6.2.14]
	at org.springframework.orm.jpa.LocalContainerEntityManagerFactoryBean.createNativeEntityManagerFactory(LocalContainerEntityManagerFactoryBean.java:390) ~[spring-orm-6.2.14.jar:6.2.14]
	at org.springframework.orm.jpa.AbstractEntityManagerFactoryBean.buildNativeEntityManagerFactory(AbstractEntityManagerFactoryBean.java:419) ~[spring-orm-6.2.14.jar:6.2.14]
	at org.springframework.orm.jpa.AbstractEntityManagerFactoryBean.afterPropertiesSet(AbstractEntityManagerFactoryBean.java:400) ~[spring-orm-6.2.14.jar:6.2.14]
	at org.springframework.orm.jpa.LocalContainerEntityManagerFactoryBean.afterPropertiesSet(LocalContainerEntityManagerFactoryBean.java:366) ~[spring-orm-6.2.14.jar:6.2.14]
	at org.springframework.beans.factory.support.AbstractAutowireCapableBeanFactory.invokeInitMethods(AbstractAutowireCapableBeanFactory.java:1873) ~[spring-beans-6.2.14.jar:6.2.14]
	at org.springframework.beans.factory.support.AbstractAutowireCapableBeanFactory.initializeBean(AbstractAutowireCapableBeanFactory.java:1822) ~[spring-beans-6.2.14.jar:6.2.14]
	... 20 common frames omitted
Caused by: java.lang.ClassNotFoundException: Contacts
	at java.base/jdk.internal.loader.BuiltinClassLoader.loadClass(BuiltinClassLoader.java:641) ~[na:na]
	at java.base/jdk.internal.loader.ClassLoaders$AppClassLoader.loadClass(ClassLoaders.java:188) ~[na:na]
	at java.base/java.lang.ClassLoader.loadClass(ClassLoader.java:525) ~[na:na]
	at java.base/java.lang.Class.forName0(Native Method) ~[na:na]
	at java.base/java.lang.Class.forName(Class.java:467) ~[na:na]
	at org.springframework.boot.devtools.restart.classloader.RestartClassLoader.loadClass(RestartClassLoader.java:121) ~[spring-boot-devtools-3.5.8.jar:3.5.8]
	at java.base/java.lang.ClassLoader.loadClass(ClassLoader.java:525) ~[na:na]
	at java.base/java.lang.Class.forName0(Native Method) ~[na:na]
	at java.base/java.lang.Class.forName(Class.java:467) ~[na:na]
	at java.base/sun.reflect.generics.factory.CoreReflectionFactory.makeNamedType(CoreReflectionFactory.java:114) ~[na:na]
	... 49 common frames omitted

2025-11-20T20:49:05.529-03:00  INFO 5660 --- [nubank-challenge-server] [restartedMain] c.c.n.NubankChallengeServerApplication   : Starting NubankChallengeServerApplication using Java 17.0.14 with PID 5660 (/home/cardosofiles/www/java/development/nubank-challenge-server/target/classes started by cardosofiles in /home/cardosofiles/www/java/development/nubank-challenge-server)
2025-11-20T20:49:05.530-03:00  INFO 5660 --- [nubank-challenge-server] [restartedMain] c.c.n.NubankChallengeServerApplication   : The following 1 profile is active: "dev"
2025-11-20T20:49:05.669-03:00  INFO 5660 --- [nubank-challenge-server] [restartedMain] .s.d.r.c.RepositoryConfigurationDelegate : Bootstrapping Spring Data JPA repositories in DEFAULT mode.
2025-11-20T20:49:05.672-03:00  INFO 5660 --- [nubank-challenge-server] [restartedMain] .s.d.r.c.RepositoryConfigurationDelegate : Finished Spring Data repository scanning in 1 ms. Found 1 JPA repository interface.
2025-11-20T20:49:05.722-03:00  INFO 5660 --- [nubank-challenge-server] [restartedMain] o.s.b.w.embedded.tomcat.TomcatWebServer  : Tomcat initialized with port 8080 (http)
2025-11-20T20:49:05.722-03:00  INFO 5660 --- [nubank-challenge-server] [restartedMain] o.apache.catalina.core.StandardService   : Starting service [Tomcat]
2025-11-20T20:49:05.723-03:00  INFO 5660 --- [nubank-challenge-server] [restartedMain] o.apache.catalina.core.StandardEngine    : Starting Servlet engine: [Apache Tomcat/10.1.49]
2025-11-20T20:49:05.734-03:00  INFO 5660 --- [nubank-challenge-server] [restartedMain] o.a.c.c.C.[Tomcat-5].[localhost].[/]     : Initializing Spring embedded WebApplicationContext
2025-11-20T20:49:05.735-03:00  INFO 5660 --- [nubank-challenge-server] [restartedMain] w.s.c.ServletWebServerApplicationContext : Root WebApplicationContext: initialization completed in 204 ms
2025-11-20T20:49:05.793-03:00  INFO 5660 --- [nubank-challenge-server] [restartedMain] o.hibernate.jpa.internal.util.LogHelper  : HHH000204: Processing PersistenceUnitInfo [name: default]
2025-11-20T20:49:05.794-03:00  INFO 5660 --- [nubank-challenge-server] [restartedMain] o.h.c.internal.RegionFactoryInitiator    : HHH000026: Second-level cache disabled
2025-11-20T20:49:05.796-03:00  INFO 5660 --- [nubank-challenge-server] [restartedMain] o.s.o.j.p.SpringPersistenceUnitInfo      : No LoadTimeWeaver setup: ignoring JPA class transformer
2025-11-20T20:49:05.797-03:00  INFO 5660 --- [nubank-challenge-server] [restartedMain] com.zaxxer.hikari.HikariDataSource       : HikariPool-43 - Starting...
2025-11-20T20:49:05.809-03:00  INFO 5660 --- [nubank-challenge-server] [restartedMain] com.zaxxer.hikari.pool.HikariPool        : HikariPool-43 - Added connection org.postgresql.jdbc.PgConnection@5b18899e
2025-11-20T20:49:05.809-03:00  INFO 5660 --- [nubank-challenge-server] [restartedMain] com.zaxxer.hikari.HikariDataSource       : HikariPool-43 - Start completed.
2025-11-20T20:49:05.812-03:00  WARN 5660 --- [nubank-challenge-server] [restartedMain] org.hibernate.orm.deprecation            : HHH90000025: PostgreSQLDialect does not need to be specified explicitly using 'hibernate.dialect' (remove the property setting and it will be selected by default)
2025-11-20T20:49:05.814-03:00  INFO 5660 --- [nubank-challenge-server] [restartedMain] org.hibernate.orm.connections.pooling    : HHH10001005: Database info:
	Database JDBC URL [Connecting through datasource 'HikariDataSource (HikariPool-43)']
	Database driver: undefined/unknown
	Database version: 15.15
	Autocommit mode: undefined/unknown
	Isolation level: undefined/unknown
	Minimum pool size: undefined/unknown
	Maximum pool size: undefined/unknown
2025-11-20T20:49:05.816-03:00  WARN 5660 --- [nubank-challenge-server] [restartedMain] ConfigServletWebServerApplicationContext : Exception encountered during context initialization - cancelling refresh attempt: org.springframework.beans.factory.BeanCreationException: Error creating bean with name 'entityManagerFactory' defined in class path resource [org/springframework/boot/autoconfigure/orm/jpa/HibernateJpaConfiguration.class]: Type Contacts not present
2025-11-20T20:49:05.816-03:00  INFO 5660 --- [nubank-challenge-server] [restartedMain] com.zaxxer.hikari.HikariDataSource       : HikariPool-43 - Shutdown initiated...
2025-11-20T20:49:05.817-03:00  INFO 5660 --- [nubank-challenge-server] [restartedMain] com.zaxxer.hikari.HikariDataSource       : HikariPool-43 - Shutdown completed.
2025-11-20T20:49:05.818-03:00  INFO 5660 --- [nubank-challenge-server] [restartedMain] o.apache.catalina.core.StandardService   : Stopping service [Tomcat]
2025-11-20T20:49:05.825-03:00  INFO 5660 --- [nubank-challenge-server] [restartedMain] .s.b.a.l.ConditionEvaluationReportLogger : 

Error starting ApplicationContext. To display the condition evaluation report re-run your application with 'debug' enabled.
2025-11-20T20:49:05.826-03:00 ERROR 5660 --- [nubank-challenge-server] [restartedMain] o.s.boot.SpringApplication               : Application run failed

org.springframework.beans.factory.BeanCreationException: Error creating bean with name 'entityManagerFactory' defined in class path resource [org/springframework/boot/autoconfigure/orm/jpa/HibernateJpaConfiguration.class]: Type Contacts not present
	at org.springframework.beans.factory.support.AbstractAutowireCapableBeanFactory.initializeBean(AbstractAutowireCapableBeanFactory.java:1826) ~[spring-beans-6.2.14.jar:6.2.14]
	at org.springframework.beans.factory.support.AbstractAutowireCapableBeanFactory.doCreateBean(AbstractAutowireCapableBeanFactory.java:607) ~[spring-beans-6.2.14.jar:6.2.14]
	at org.springframework.beans.factory.support.AbstractAutowireCapableBeanFactory.createBean(AbstractAutowireCapableBeanFactory.java:529) ~[spring-beans-6.2.14.jar:6.2.14]
	at org.springframework.beans.factory.support.AbstractBeanFactory.lambda$doGetBean$0(AbstractBeanFactory.java:339) ~[spring-beans-6.2.14.jar:6.2.14]
	at org.springframework.beans.factory.support.DefaultSingletonBeanRegistry.getSingleton(DefaultSingletonBeanRegistry.java:373) ~[spring-beans-6.2.14.jar:6.2.14]
	at org.springframework.beans.factory.support.AbstractBeanFactory.doGetBean(AbstractBeanFactory.java:337) ~[spring-beans-6.2.14.jar:6.2.14]
	at org.springframework.beans.factory.support.AbstractBeanFactory.getBean(AbstractBeanFactory.java:207) ~[spring-beans-6.2.14.jar:6.2.14]
	at org.springframework.context.support.AbstractApplicationContext.finishBeanFactoryInitialization(AbstractApplicationContext.java:973) ~[spring-context-6.2.14.jar:6.2.14]
	at org.springframework.context.support.AbstractApplicationContext.refresh(AbstractApplicationContext.java:627) ~[spring-context-6.2.14.jar:6.2.14]
	at org.springframework.boot.web.servlet.context.ServletWebServerApplicationContext.refresh(ServletWebServerApplicationContext.java:146) ~[spring-boot-3.5.8.jar:3.5.8]
	at org.springframework.boot.SpringApplication.refresh(SpringApplication.java:752) ~[spring-boot-3.5.8.jar:3.5.8]
	at org.springframework.boot.SpringApplication.refreshContext(SpringApplication.java:439) ~[spring-boot-3.5.8.jar:3.5.8]
	at org.springframework.boot.SpringApplication.run(SpringApplication.java:318) ~[spring-boot-3.5.8.jar:3.5.8]
	at org.springframework.boot.SpringApplication.run(SpringApplication.java:1361) ~[spring-boot-3.5.8.jar:3.5.8]
	at org.springframework.boot.SpringApplication.run(SpringApplication.java:1350) ~[spring-boot-3.5.8.jar:3.5.8]
	at com.cardosofiles.nubank_challenge_server.NubankChallengeServerApplication.main(NubankChallengeServerApplication.java:14) ~[classes/:na]
	at java.base/jdk.internal.reflect.NativeMethodAccessorImpl.invoke0(Native Method) ~[na:na]
	at java.base/jdk.internal.reflect.NativeMethodAccessorImpl.invoke(NativeMethodAccessorImpl.java:77) ~[na:na]
	at java.base/jdk.internal.reflect.DelegatingMethodAccessorImpl.invoke(DelegatingMethodAccessorImpl.java:43) ~[na:na]
	at java.base/java.lang.reflect.Method.invoke(Method.java:569) ~[na:na]
	at org.springframework.boot.devtools.restart.RestartLauncher.run(RestartLauncher.java:50) ~[spring-boot-devtools-3.5.8.jar:3.5.8]
Caused by: java.lang.TypeNotPresentException: Type Contacts not present
	at java.base/sun.reflect.generics.factory.CoreReflectionFactory.makeNamedType(CoreReflectionFactory.java:117) ~[na:na]
	at java.base/sun.reflect.generics.visitor.Reifier.visitClassTypeSignature(Reifier.java:125) ~[na:na]
	at java.base/sun.reflect.generics.tree.ClassTypeSignature.accept(ClassTypeSignature.java:49) ~[na:na]
	at java.base/sun.reflect.generics.visitor.Reifier.reifyTypeArguments(Reifier.java:68) ~[na:na]
	at java.base/sun.reflect.generics.visitor.Reifier.visitClassTypeSignature(Reifier.java:138) ~[na:na]
	at java.base/sun.reflect.generics.tree.ClassTypeSignature.accept(ClassTypeSignature.java:49) ~[na:na]
	at java.base/sun.reflect.generics.repository.MethodRepository.computeReturnType(MethodRepository.java:75) ~[na:na]
	at java.base/sun.reflect.generics.repository.MethodRepository.getReturnType(MethodRepository.java:66) ~[na:na]
	at java.base/java.lang.reflect.Method.getGenericReturnType(Method.java:296) ~[na:na]
	at org.hibernate.annotations.common.reflection.java.JavaXClass.getDeclaredMethodProperties(JavaXClass.java:136) ~[hibernate-commons-annotations-7.0.3.Final.jar:7.0.3.Final]
	at org.hibernate.annotations.common.reflection.java.JavaXClass.getDeclaredProperties(JavaXClass.java:172) ~[hibernate-commons-annotations-7.0.3.Final.jar:7.0.3.Final]
	at org.hibernate.annotations.common.reflection.java.JavaXClass.getDeclaredProperties(JavaXClass.java:164) ~[hibernate-commons-annotations-7.0.3.Final.jar:7.0.3.Final]
	at org.hibernate.boot.model.internal.InheritanceState.determineDefaultAccessType(InheritanceState.java:269) ~[hibernate-core-6.6.36.Final.jar:6.6.36.Final]
	at org.hibernate.boot.model.internal.InheritanceState.getElementsToProcess(InheritanceState.java:226) ~[hibernate-core-6.6.36.Final.jar:6.6.36.Final]
	at org.hibernate.boot.model.internal.InheritanceState.postProcess(InheritanceState.java:162) ~[hibernate-core-6.6.36.Final.jar:6.6.36.Final]
	at org.hibernate.boot.model.internal.EntityBinder.handleIdentifier(EntityBinder.java:410) ~[hibernate-core-6.6.36.Final.jar:6.6.36.Final]
	at org.hibernate.boot.model.internal.EntityBinder.bindEntityClass(EntityBinder.java:251) ~[hibernate-core-6.6.36.Final.jar:6.6.36.Final]
	at org.hibernate.boot.model.internal.AnnotationBinder.bindClass(AnnotationBinder.java:404) ~[hibernate-core-6.6.36.Final.jar:6.6.36.Final]
	at org.hibernate.boot.model.source.internal.annotations.AnnotationMetadataSourceProcessorImpl.processEntityHierarchies(AnnotationMetadataSourceProcessorImpl.java:266) ~[hibernate-core-6.6.36.Final.jar:6.6.36.Final]
	at org.hibernate.boot.model.process.spi.MetadataBuildingProcess$1.processEntityHierarchies(MetadataBuildingProcess.java:281) ~[hibernate-core-6.6.36.Final.jar:6.6.36.Final]
	at org.hibernate.boot.model.process.spi.MetadataBuildingProcess.complete(MetadataBuildingProcess.java:324) ~[hibernate-core-6.6.36.Final.jar:6.6.36.Final]
	at org.hibernate.jpa.boot.internal.EntityManagerFactoryBuilderImpl.metadata(EntityManagerFactoryBuilderImpl.java:1442) ~[hibernate-core-6.6.36.Final.jar:6.6.36.Final]
	at org.hibernate.jpa.boot.internal.EntityManagerFactoryBuilderImpl.build(EntityManagerFactoryBuilderImpl.java:1513) ~[hibernate-core-6.6.36.Final.jar:6.6.36.Final]
	at org.springframework.orm.jpa.vendor.SpringHibernateJpaPersistenceProvider.createContainerEntityManagerFactory(SpringHibernateJpaPersistenceProvider.java:66) ~[spring-orm-6.2.14.jar:6.2.14]
	at org.springframework.orm.jpa.LocalContainerEntityManagerFactoryBean.createNativeEntityManagerFactory(LocalContainerEntityManagerFactoryBean.java:390) ~[spring-orm-6.2.14.jar:6.2.14]
	at org.springframework.orm.jpa.AbstractEntityManagerFactoryBean.buildNativeEntityManagerFactory(AbstractEntityManagerFactoryBean.java:419) ~[spring-orm-6.2.14.jar:6.2.14]
	at org.springframework.orm.jpa.AbstractEntityManagerFactoryBean.afterPropertiesSet(AbstractEntityManagerFactoryBean.java:400) ~[spring-orm-6.2.14.jar:6.2.14]
	at org.springframework.orm.jpa.LocalContainerEntityManagerFactoryBean.afterPropertiesSet(LocalContainerEntityManagerFactoryBean.java:366) ~[spring-orm-6.2.14.jar:6.2.14]
	at org.springframework.beans.factory.support.AbstractAutowireCapableBeanFactory.invokeInitMethods(AbstractAutowireCapableBeanFactory.java:1873) ~[spring-beans-6.2.14.jar:6.2.14]
	at org.springframework.beans.factory.support.AbstractAutowireCapableBeanFactory.initializeBean(AbstractAutowireCapableBeanFactory.java:1822) ~[spring-beans-6.2.14.jar:6.2.14]
	... 20 common frames omitted
Caused by: java.lang.ClassNotFoundException: Contacts
	at java.base/jdk.internal.loader.BuiltinClassLoader.loadClass(BuiltinClassLoader.java:641) ~[na:na]
	at java.base/jdk.internal.loader.ClassLoaders$AppClassLoader.loadClass(ClassLoaders.java:188) ~[na:na]
	at java.base/java.lang.ClassLoader.loadClass(ClassLoader.java:525) ~[na:na]
	at java.base/java.lang.Class.forName0(Native Method) ~[na:na]
	at java.base/java.lang.Class.forName(Class.java:467) ~[na:na]
	at org.springframework.boot.devtools.restart.classloader.RestartClassLoader.loadClass(RestartClassLoader.java:121) ~[spring-boot-devtools-3.5.8.jar:3.5.8]
	at java.base/java.lang.ClassLoader.loadClass(ClassLoader.java:525) ~[na:na]
	at java.base/java.lang.Class.forName0(Native Method) ~[na:na]
	at java.base/java.lang.Class.forName(Class.java:467) ~[na:na]
	at java.base/sun.reflect.generics.factory.CoreReflectionFactory.makeNamedType(CoreReflectionFactory.java:114) ~[na:na]
	... 49 common frames omitted

2025-11-20T20:49:11.252-03:00  INFO 5660 --- [nubank-challenge-server] [restartedMain] c.c.n.NubankChallengeServerApplication   : Starting NubankChallengeServerApplication using Java 17.0.14 with PID 5660 (/home/cardosofiles/www/java/development/nubank-challenge-server/target/classes started by cardosofiles in /home/cardosofiles/www/java/development/nubank-challenge-server)
2025-11-20T20:49:11.252-03:00  INFO 5660 --- [nubank-challenge-server] [restartedMain] c.c.n.NubankChallengeServerApplication   : The following 1 profile is active: "dev"
2025-11-20T20:49:11.359-03:00  INFO 5660 --- [nubank-challenge-server] [restartedMain] .s.d.r.c.RepositoryConfigurationDelegate : Bootstrapping Spring Data JPA repositories in DEFAULT mode.
2025-11-20T20:49:11.362-03:00  INFO 5660 --- [nubank-challenge-server] [restartedMain] .s.d.r.c.RepositoryConfigurationDelegate : Finished Spring Data repository scanning in 2 ms. Found 1 JPA repository interface.
2025-11-20T20:49:11.397-03:00  INFO 5660 --- [nubank-challenge-server] [restartedMain] o.s.b.w.embedded.tomcat.TomcatWebServer  : Tomcat initialized with port 8080 (http)
2025-11-20T20:49:11.397-03:00  INFO 5660 --- [nubank-challenge-server] [restartedMain] o.apache.catalina.core.StandardService   : Starting service [Tomcat]
2025-11-20T20:49:11.397-03:00  INFO 5660 --- [nubank-challenge-server] [restartedMain] o.apache.catalina.core.StandardEngine    : Starting Servlet engine: [Apache Tomcat/10.1.49]
2025-11-20T20:49:11.402-03:00  INFO 5660 --- [nubank-challenge-server] [restartedMain] o.a.c.c.C.[Tomcat-6].[localhost].[/]     : Initializing Spring embedded WebApplicationContext
2025-11-20T20:49:11.402-03:00  INFO 5660 --- [nubank-challenge-server] [restartedMain] w.s.c.ServletWebServerApplicationContext : Root WebApplicationContext: initialization completed in 149 ms
2025-11-20T20:49:11.429-03:00  INFO 5660 --- [nubank-challenge-server] [restartedMain] o.hibernate.jpa.internal.util.LogHelper  : HHH000204: Processing PersistenceUnitInfo [name: default]
2025-11-20T20:49:11.430-03:00  INFO 5660 --- [nubank-challenge-server] [restartedMain] o.h.c.internal.RegionFactoryInitiator    : HHH000026: Second-level cache disabled
2025-11-20T20:49:11.432-03:00  INFO 5660 --- [nubank-challenge-server] [restartedMain] o.s.o.j.p.SpringPersistenceUnitInfo      : No LoadTimeWeaver setup: ignoring JPA class transformer
2025-11-20T20:49:11.433-03:00  INFO 5660 --- [nubank-challenge-server] [restartedMain] com.zaxxer.hikari.HikariDataSource       : HikariPool-44 - Starting...
2025-11-20T20:49:11.445-03:00  INFO 5660 --- [nubank-challenge-server] [restartedMain] com.zaxxer.hikari.pool.HikariPool        : HikariPool-44 - Added connection org.postgresql.jdbc.PgConnection@2233a2f4
2025-11-20T20:49:11.446-03:00  INFO 5660 --- [nubank-challenge-server] [restartedMain] com.zaxxer.hikari.HikariDataSource       : HikariPool-44 - Start completed.
2025-11-20T20:49:11.448-03:00  WARN 5660 --- [nubank-challenge-server] [restartedMain] org.hibernate.orm.deprecation            : HHH90000025: PostgreSQLDialect does not need to be specified explicitly using 'hibernate.dialect' (remove the property setting and it will be selected by default)
2025-11-20T20:49:11.449-03:00  INFO 5660 --- [nubank-challenge-server] [restartedMain] org.hibernate.orm.connections.pooling    : HHH10001005: Database info:
	Database JDBC URL [Connecting through datasource 'HikariDataSource (HikariPool-44)']
	Database driver: undefined/unknown
	Database version: 15.15
	Autocommit mode: undefined/unknown
	Isolation level: undefined/unknown
	Minimum pool size: undefined/unknown
	Maximum pool size: undefined/unknown
2025-11-20T20:49:11.451-03:00  WARN 5660 --- [nubank-challenge-server] [restartedMain] ConfigServletWebServerApplicationContext : Exception encountered during context initialization - cancelling refresh attempt: org.springframework.beans.factory.BeanCreationException: Error creating bean with name 'entityManagerFactory' defined in class path resource [org/springframework/boot/autoconfigure/orm/jpa/HibernateJpaConfiguration.class]: Type Contacts not present
2025-11-20T20:49:11.451-03:00  INFO 5660 --- [nubank-challenge-server] [restartedMain] com.zaxxer.hikari.HikariDataSource       : HikariPool-44 - Shutdown initiated...
2025-11-20T20:49:11.453-03:00  INFO 5660 --- [nubank-challenge-server] [restartedMain] com.zaxxer.hikari.HikariDataSource       : HikariPool-44 - Shutdown completed.
2025-11-20T20:49:11.453-03:00  INFO 5660 --- [nubank-challenge-server] [restartedMain] o.apache.catalina.core.StandardService   : Stopping service [Tomcat]
2025-11-20T20:49:11.460-03:00  INFO 5660 --- [nubank-challenge-server] [restartedMain] .s.b.a.l.ConditionEvaluationReportLogger : 

Error starting ApplicationContext. To display the condition evaluation report re-run your application with 'debug' enabled.
2025-11-20T20:49:11.461-03:00 ERROR 5660 --- [nubank-challenge-server] [restartedMain] o.s.boot.SpringApplication               : Application run failed

org.springframework.beans.factory.BeanCreationException: Error creating bean with name 'entityManagerFactory' defined in class path resource [org/springframework/boot/autoconfigure/orm/jpa/HibernateJpaConfiguration.class]: Type Contacts not present
	at org.springframework.beans.factory.support.AbstractAutowireCapableBeanFactory.initializeBean(AbstractAutowireCapableBeanFactory.java:1826) ~[spring-beans-6.2.14.jar:6.2.14]
	at org.springframework.beans.factory.support.AbstractAutowireCapableBeanFactory.doCreateBean(AbstractAutowireCapableBeanFactory.java:607) ~[spring-beans-6.2.14.jar:6.2.14]
	at org.springframework.beans.factory.support.AbstractAutowireCapableBeanFactory.createBean(AbstractAutowireCapableBeanFactory.java:529) ~[spring-beans-6.2.14.jar:6.2.14]
	at org.springframework.beans.factory.support.AbstractBeanFactory.lambda$doGetBean$0(AbstractBeanFactory.java:339) ~[spring-beans-6.2.14.jar:6.2.14]
	at org.springframework.beans.factory.support.DefaultSingletonBeanRegistry.getSingleton(DefaultSingletonBeanRegistry.java:373) ~[spring-beans-6.2.14.jar:6.2.14]
	at org.springframework.beans.factory.support.AbstractBeanFactory.doGetBean(AbstractBeanFactory.java:337) ~[spring-beans-6.2.14.jar:6.2.14]
	at org.springframework.beans.factory.support.AbstractBeanFactory.getBean(AbstractBeanFactory.java:207) ~[spring-beans-6.2.14.jar:6.2.14]
	at org.springframework.context.support.AbstractApplicationContext.finishBeanFactoryInitialization(AbstractApplicationContext.java:973) ~[spring-context-6.2.14.jar:6.2.14]
	at org.springframework.context.support.AbstractApplicationContext.refresh(AbstractApplicationContext.java:627) ~[spring-context-6.2.14.jar:6.2.14]
	at org.springframework.boot.web.servlet.context.ServletWebServerApplicationContext.refresh(ServletWebServerApplicationContext.java:146) ~[spring-boot-3.5.8.jar:3.5.8]
	at org.springframework.boot.SpringApplication.refresh(SpringApplication.java:752) ~[spring-boot-3.5.8.jar:3.5.8]
	at org.springframework.boot.SpringApplication.refreshContext(SpringApplication.java:439) ~[spring-boot-3.5.8.jar:3.5.8]
	at org.springframework.boot.SpringApplication.run(SpringApplication.java:318) ~[spring-boot-3.5.8.jar:3.5.8]
	at org.springframework.boot.SpringApplication.run(SpringApplication.java:1361) ~[spring-boot-3.5.8.jar:3.5.8]
	at org.springframework.boot.SpringApplication.run(SpringApplication.java:1350) ~[spring-boot-3.5.8.jar:3.5.8]
	at com.cardosofiles.nubank_challenge_server.NubankChallengeServerApplication.main(NubankChallengeServerApplication.java:14) ~[classes/:na]
	at java.base/jdk.internal.reflect.NativeMethodAccessorImpl.invoke0(Native Method) ~[na:na]
	at java.base/jdk.internal.reflect.NativeMethodAccessorImpl.invoke(NativeMethodAccessorImpl.java:77) ~[na:na]
	at java.base/jdk.internal.reflect.DelegatingMethodAccessorImpl.invoke(DelegatingMethodAccessorImpl.java:43) ~[na:na]
	at java.base/java.lang.reflect.Method.invoke(Method.java:569) ~[na:na]
	at org.springframework.boot.devtools.restart.RestartLauncher.run(RestartLauncher.java:50) ~[spring-boot-devtools-3.5.8.jar:3.5.8]
Caused by: java.lang.TypeNotPresentException: Type Contacts not present
	at java.base/sun.reflect.generics.factory.CoreReflectionFactory.makeNamedType(CoreReflectionFactory.java:117) ~[na:na]
	at java.base/sun.reflect.generics.visitor.Reifier.visitClassTypeSignature(Reifier.java:125) ~[na:na]
	at java.base/sun.reflect.generics.tree.ClassTypeSignature.accept(ClassTypeSignature.java:49) ~[na:na]
	at java.base/sun.reflect.generics.visitor.Reifier.reifyTypeArguments(Reifier.java:68) ~[na:na]
	at java.base/sun.reflect.generics.visitor.Reifier.visitClassTypeSignature(Reifier.java:138) ~[na:na]
	at java.base/sun.reflect.generics.tree.ClassTypeSignature.accept(ClassTypeSignature.java:49) ~[na:na]
	at java.base/sun.reflect.generics.repository.MethodRepository.computeReturnType(MethodRepository.java:75) ~[na:na]
	at java.base/sun.reflect.generics.repository.MethodRepository.getReturnType(MethodRepository.java:66) ~[na:na]
	at java.base/java.lang.reflect.Method.getGenericReturnType(Method.java:296) ~[na:na]
	at org.hibernate.annotations.common.reflection.java.JavaXClass.getDeclaredMethodProperties(JavaXClass.java:136) ~[hibernate-commons-annotations-7.0.3.Final.jar:7.0.3.Final]
	at org.hibernate.annotations.common.reflection.java.JavaXClass.getDeclaredProperties(JavaXClass.java:172) ~[hibernate-commons-annotations-7.0.3.Final.jar:7.0.3.Final]
	at org.hibernate.annotations.common.reflection.java.JavaXClass.getDeclaredProperties(JavaXClass.java:164) ~[hibernate-commons-annotations-7.0.3.Final.jar:7.0.3.Final]
	at org.hibernate.boot.model.internal.InheritanceState.determineDefaultAccessType(InheritanceState.java:269) ~[hibernate-core-6.6.36.Final.jar:6.6.36.Final]
	at org.hibernate.boot.model.internal.InheritanceState.getElementsToProcess(InheritanceState.java:226) ~[hibernate-core-6.6.36.Final.jar:6.6.36.Final]
	at org.hibernate.boot.model.internal.InheritanceState.postProcess(InheritanceState.java:162) ~[hibernate-core-6.6.36.Final.jar:6.6.36.Final]
	at org.hibernate.boot.model.internal.EntityBinder.handleIdentifier(EntityBinder.java:410) ~[hibernate-core-6.6.36.Final.jar:6.6.36.Final]
	at org.hibernate.boot.model.internal.EntityBinder.bindEntityClass(EntityBinder.java:251) ~[hibernate-core-6.6.36.Final.jar:6.6.36.Final]
	at org.hibernate.boot.model.internal.AnnotationBinder.bindClass(AnnotationBinder.java:404) ~[hibernate-core-6.6.36.Final.jar:6.6.36.Final]
	at org.hibernate.boot.model.source.internal.annotations.AnnotationMetadataSourceProcessorImpl.processEntityHierarchies(AnnotationMetadataSourceProcessorImpl.java:266) ~[hibernate-core-6.6.36.Final.jar:6.6.36.Final]
	at org.hibernate.boot.model.process.spi.MetadataBuildingProcess$1.processEntityHierarchies(MetadataBuildingProcess.java:281) ~[hibernate-core-6.6.36.Final.jar:6.6.36.Final]
	at org.hibernate.boot.model.process.spi.MetadataBuildingProcess.complete(MetadataBuildingProcess.java:324) ~[hibernate-core-6.6.36.Final.jar:6.6.36.Final]
	at org.hibernate.jpa.boot.internal.EntityManagerFactoryBuilderImpl.metadata(EntityManagerFactoryBuilderImpl.java:1442) ~[hibernate-core-6.6.36.Final.jar:6.6.36.Final]
	at org.hibernate.jpa.boot.internal.EntityManagerFactoryBuilderImpl.build(EntityManagerFactoryBuilderImpl.java:1513) ~[hibernate-core-6.6.36.Final.jar:6.6.36.Final]
	at org.springframework.orm.jpa.vendor.SpringHibernateJpaPersistenceProvider.createContainerEntityManagerFactory(SpringHibernateJpaPersistenceProvider.java:66) ~[spring-orm-6.2.14.jar:6.2.14]
	at org.springframework.orm.jpa.LocalContainerEntityManagerFactoryBean.createNativeEntityManagerFactory(LocalContainerEntityManagerFactoryBean.java:390) ~[spring-orm-6.2.14.jar:6.2.14]
	at org.springframework.orm.jpa.AbstractEntityManagerFactoryBean.buildNativeEntityManagerFactory(AbstractEntityManagerFactoryBean.java:419) ~[spring-orm-6.2.14.jar:6.2.14]
	at org.springframework.orm.jpa.AbstractEntityManagerFactoryBean.afterPropertiesSet(AbstractEntityManagerFactoryBean.java:400) ~[spring-orm-6.2.14.jar:6.2.14]
	at org.springframework.orm.jpa.LocalContainerEntityManagerFactoryBean.afterPropertiesSet(LocalContainerEntityManagerFactoryBean.java:366) ~[spring-orm-6.2.14.jar:6.2.14]
	at org.springframework.beans.factory.support.AbstractAutowireCapableBeanFactory.invokeInitMethods(AbstractAutowireCapableBeanFactory.java:1873) ~[spring-beans-6.2.14.jar:6.2.14]
	at org.springframework.beans.factory.support.AbstractAutowireCapableBeanFactory.initializeBean(AbstractAutowireCapableBeanFactory.java:1822) ~[spring-beans-6.2.14.jar:6.2.14]
	... 20 common frames omitted
Caused by: java.lang.ClassNotFoundException: Contacts
	at java.base/jdk.internal.loader.BuiltinClassLoader.loadClass(BuiltinClassLoader.java:641) ~[na:na]
	at java.base/jdk.internal.loader.ClassLoaders$AppClassLoader.loadClass(ClassLoaders.java:188) ~[na:na]
	at java.base/java.lang.ClassLoader.loadClass(ClassLoader.java:525) ~[na:na]
	at java.base/java.lang.Class.forName0(Native Method) ~[na:na]
	at java.base/java.lang.Class.forName(Class.java:467) ~[na:na]
	at org.springframework.boot.devtools.restart.classloader.RestartClassLoader.loadClass(RestartClassLoader.java:121) ~[spring-boot-devtools-3.5.8.jar:3.5.8]
	at java.base/java.lang.ClassLoader.loadClass(ClassLoader.java:525) ~[na:na]
	at java.base/java.lang.Class.forName0(Native Method) ~[na:na]
	at java.base/java.lang.Class.forName(Class.java:467) ~[na:na]
	at java.base/sun.reflect.generics.factory.CoreReflectionFactory.makeNamedType(CoreReflectionFactory.java:114) ~[na:na]
	... 49 common frames omitted

2025-11-20T20:49:29.911-03:00  INFO 5660 --- [nubank-challenge-server] [restartedMain] c.c.n.NubankChallengeServerApplication   : Starting NubankChallengeServerApplication using Java 17.0.14 with PID 5660 (/home/cardosofiles/www/java/development/nubank-challenge-server/target/classes started by cardosofiles in /home/cardosofiles/www/java/development/nubank-challenge-server)
2025-11-20T20:49:29.911-03:00  INFO 5660 --- [nubank-challenge-server] [restartedMain] c.c.n.NubankChallengeServerApplication   : The following 1 profile is active: "dev"
2025-11-20T20:49:30.022-03:00  INFO 5660 --- [nubank-challenge-server] [restartedMain] .s.d.r.c.RepositoryConfigurationDelegate : Bootstrapping Spring Data JPA repositories in DEFAULT mode.
2025-11-20T20:49:30.023-03:00  INFO 5660 --- [nubank-challenge-server] [restartedMain] .s.d.r.c.RepositoryConfigurationDelegate : Finished Spring Data repository scanning in 0 ms. Found 0 JPA repository interfaces.
2025-11-20T20:49:30.075-03:00  INFO 5660 --- [nubank-challenge-server] [restartedMain] o.s.b.w.embedded.tomcat.TomcatWebServer  : Tomcat initialized with port 8080 (http)
2025-11-20T20:49:30.075-03:00  INFO 5660 --- [nubank-challenge-server] [restartedMain] o.apache.catalina.core.StandardService   : Starting service [Tomcat]
2025-11-20T20:49:30.075-03:00  INFO 5660 --- [nubank-challenge-server] [restartedMain] o.apache.catalina.core.StandardEngine    : Starting Servlet engine: [Apache Tomcat/10.1.49]
2025-11-20T20:49:30.081-03:00  INFO 5660 --- [nubank-challenge-server] [restartedMain] o.a.c.c.C.[Tomcat-7].[localhost].[/]     : Initializing Spring embedded WebApplicationContext
2025-11-20T20:49:30.081-03:00  INFO 5660 --- [nubank-challenge-server] [restartedMain] w.s.c.ServletWebServerApplicationContext : Root WebApplicationContext: initialization completed in 169 ms
2025-11-20T20:49:30.124-03:00  INFO 5660 --- [nubank-challenge-server] [restartedMain] o.hibernate.jpa.internal.util.LogHelper  : HHH000204: Processing PersistenceUnitInfo [name: default]
2025-11-20T20:49:30.125-03:00  INFO 5660 --- [nubank-challenge-server] [restartedMain] o.h.c.internal.RegionFactoryInitiator    : HHH000026: Second-level cache disabled
2025-11-20T20:49:30.128-03:00  INFO 5660 --- [nubank-challenge-server] [restartedMain] o.s.o.j.p.SpringPersistenceUnitInfo      : No LoadTimeWeaver setup: ignoring JPA class transformer
2025-11-20T20:49:30.128-03:00  INFO 5660 --- [nubank-challenge-server] [restartedMain] com.zaxxer.hikari.HikariDataSource       : HikariPool-45 - Starting...
2025-11-20T20:49:30.141-03:00  INFO 5660 --- [nubank-challenge-server] [restartedMain] com.zaxxer.hikari.pool.HikariPool        : HikariPool-45 - Added connection org.postgresql.jdbc.PgConnection@2ee106bb
2025-11-20T20:49:30.141-03:00  INFO 5660 --- [nubank-challenge-server] [restartedMain] com.zaxxer.hikari.HikariDataSource       : HikariPool-45 - Start completed.
2025-11-20T20:49:30.144-03:00  WARN 5660 --- [nubank-challenge-server] [restartedMain] org.hibernate.orm.deprecation            : HHH90000025: PostgreSQLDialect does not need to be specified explicitly using 'hibernate.dialect' (remove the property setting and it will be selected by default)
2025-11-20T20:49:30.145-03:00  INFO 5660 --- [nubank-challenge-server] [restartedMain] org.hibernate.orm.connections.pooling    : HHH10001005: Database info:
	Database JDBC URL [Connecting through datasource 'HikariDataSource (HikariPool-45)']
	Database driver: undefined/unknown
	Database version: 15.15
	Autocommit mode: undefined/unknown
	Isolation level: undefined/unknown
	Minimum pool size: undefined/unknown
	Maximum pool size: undefined/unknown
2025-11-20T20:49:30.166-03:00  INFO 5660 --- [nubank-challenge-server] [restartedMain] o.h.e.t.j.p.i.JtaPlatformInitiator       : HHH000489: No JTA platform available (set 'hibernate.transaction.jta.platform' to enable JTA platform integration)
2025-11-20T20:49:30.166-03:00 DEBUG 5660 --- [nubank-challenge-server] [restartedMain] org.hibernate.SQL                        : 
    set client_min_messages = WARNING
2025-11-20T20:49:30.167-03:00 DEBUG 5660 --- [nubank-challenge-server] [restartedMain] org.hibernate.SQL                        : 
    alter table if exists contacts 
       drop constraint if exists FK94mnsowcdm8tow68ha3xudt48
2025-11-20T20:49:30.170-03:00 DEBUG 5660 --- [nubank-challenge-server] [restartedMain] org.hibernate.SQL                        : 
    drop table if exists clients cascade
2025-11-20T20:49:30.175-03:00 DEBUG 5660 --- [nubank-challenge-server] [restartedMain] org.hibernate.SQL                        : 
    drop table if exists contacts cascade
2025-11-20T20:49:30.180-03:00 DEBUG 5660 --- [nubank-challenge-server] [restartedMain] org.hibernate.SQL                        : 
    create table clients (
        id bigint generated by default as identity,
        name varchar(100) not null,
        primary key (id)
    )
2025-11-20T20:49:30.190-03:00 DEBUG 5660 --- [nubank-challenge-server] [restartedMain] org.hibernate.SQL                        : 
    create table contacts (
        client_id bigint not null,
        id bigint generated by default as identity,
        phone_number varchar(20),
        email varchar(100),
        primary key (id)
    )
2025-11-20T20:49:30.198-03:00 DEBUG 5660 --- [nubank-challenge-server] [restartedMain] org.hibernate.SQL                        : 
    alter table if exists contacts 
       add constraint FK94mnsowcdm8tow68ha3xudt48 
       foreign key (client_id) 
       references clients
2025-11-20T20:49:30.203-03:00  INFO 5660 --- [nubank-challenge-server] [restartedMain] j.LocalContainerEntityManagerFactoryBean : Initialized JPA EntityManagerFactory for persistence unit 'default'
2025-11-20T20:49:30.207-03:00  WARN 5660 --- [nubank-challenge-server] [restartedMain] ConfigServletWebServerApplicationContext : Exception encountered during context initialization - cancelling refresh attempt: org.springframework.beans.factory.BeanCreationException: Error creating bean with name 'clientsService': Lookup method resolution failed
2025-11-20T20:49:30.207-03:00  INFO 5660 --- [nubank-challenge-server] [restartedMain] j.LocalContainerEntityManagerFactoryBean : Closing JPA EntityManagerFactory for persistence unit 'default'
2025-11-20T20:49:30.207-03:00  INFO 5660 --- [nubank-challenge-server] [restartedMain] com.zaxxer.hikari.HikariDataSource       : HikariPool-45 - Shutdown initiated...
2025-11-20T20:49:30.208-03:00  INFO 5660 --- [nubank-challenge-server] [restartedMain] com.zaxxer.hikari.HikariDataSource       : HikariPool-45 - Shutdown completed.
2025-11-20T20:49:30.208-03:00  INFO 5660 --- [nubank-challenge-server] [restartedMain] o.apache.catalina.core.StandardService   : Stopping service [Tomcat]
2025-11-20T20:49:30.215-03:00  INFO 5660 --- [nubank-challenge-server] [restartedMain] .s.b.a.l.ConditionEvaluationReportLogger : 

Error starting ApplicationContext. To display the condition evaluation report re-run your application with 'debug' enabled.
2025-11-20T20:49:30.216-03:00 ERROR 5660 --- [nubank-challenge-server] [restartedMain] o.s.boot.SpringApplication               : Application run failed

org.springframework.beans.factory.BeanCreationException: Error creating bean with name 'clientsService': Lookup method resolution failed
	at org.springframework.beans.factory.annotation.AutowiredAnnotationBeanPostProcessor.checkLookupMethods(AutowiredAnnotationBeanPostProcessor.java:498) ~[spring-beans-6.2.14.jar:6.2.14]
	at org.springframework.beans.factory.annotation.AutowiredAnnotationBeanPostProcessor.determineCandidateConstructors(AutowiredAnnotationBeanPostProcessor.java:368) ~[spring-beans-6.2.14.jar:6.2.14]
	at org.springframework.beans.factory.support.AbstractAutowireCapableBeanFactory.determineConstructorsFromBeanPostProcessors(AbstractAutowireCapableBeanFactory.java:1334) ~[spring-beans-6.2.14.jar:6.2.14]
	at org.springframework.beans.factory.support.AbstractAutowireCapableBeanFactory.createBeanInstance(AbstractAutowireCapableBeanFactory.java:1229) ~[spring-beans-6.2.14.jar:6.2.14]
	at org.springframework.beans.factory.support.AbstractAutowireCapableBeanFactory.doCreateBean(AbstractAutowireCapableBeanFactory.java:569) ~[spring-beans-6.2.14.jar:6.2.14]
	at org.springframework.beans.factory.support.AbstractAutowireCapableBeanFactory.createBean(AbstractAutowireCapableBeanFactory.java:529) ~[spring-beans-6.2.14.jar:6.2.14]
	at org.springframework.beans.factory.support.AbstractBeanFactory.lambda$doGetBean$0(AbstractBeanFactory.java:339) ~[spring-beans-6.2.14.jar:6.2.14]
	at org.springframework.beans.factory.support.DefaultSingletonBeanRegistry.getSingleton(DefaultSingletonBeanRegistry.java:373) ~[spring-beans-6.2.14.jar:6.2.14]
	at org.springframework.beans.factory.support.AbstractBeanFactory.doGetBean(AbstractBeanFactory.java:337) ~[spring-beans-6.2.14.jar:6.2.14]
	at org.springframework.beans.factory.support.AbstractBeanFactory.getBean(AbstractBeanFactory.java:202) ~[spring-beans-6.2.14.jar:6.2.14]
	at org.springframework.beans.factory.support.DefaultListableBeanFactory.instantiateSingleton(DefaultListableBeanFactory.java:1228) ~[spring-beans-6.2.14.jar:6.2.14]
	at org.springframework.beans.factory.support.DefaultListableBeanFactory.preInstantiateSingleton(DefaultListableBeanFactory.java:1194) ~[spring-beans-6.2.14.jar:6.2.14]
	at org.springframework.beans.factory.support.DefaultListableBeanFactory.preInstantiateSingletons(DefaultListableBeanFactory.java:1130) ~[spring-beans-6.2.14.jar:6.2.14]
	at org.springframework.context.support.AbstractApplicationContext.finishBeanFactoryInitialization(AbstractApplicationContext.java:990) ~[spring-context-6.2.14.jar:6.2.14]
	at org.springframework.context.support.AbstractApplicationContext.refresh(AbstractApplicationContext.java:627) ~[spring-context-6.2.14.jar:6.2.14]
	at org.springframework.boot.web.servlet.context.ServletWebServerApplicationContext.refresh(ServletWebServerApplicationContext.java:146) ~[spring-boot-3.5.8.jar:3.5.8]
	at org.springframework.boot.SpringApplication.refresh(SpringApplication.java:752) ~[spring-boot-3.5.8.jar:3.5.8]
	at org.springframework.boot.SpringApplication.refreshContext(SpringApplication.java:439) ~[spring-boot-3.5.8.jar:3.5.8]
	at org.springframework.boot.SpringApplication.run(SpringApplication.java:318) ~[spring-boot-3.5.8.jar:3.5.8]
	at org.springframework.boot.SpringApplication.run(SpringApplication.java:1361) ~[spring-boot-3.5.8.jar:3.5.8]
	at org.springframework.boot.SpringApplication.run(SpringApplication.java:1350) ~[spring-boot-3.5.8.jar:3.5.8]
	at com.cardosofiles.nubank_challenge_server.NubankChallengeServerApplication.main(NubankChallengeServerApplication.java:14) ~[classes/:na]
	at java.base/jdk.internal.reflect.NativeMethodAccessorImpl.invoke0(Native Method) ~[na:na]
	at java.base/jdk.internal.reflect.NativeMethodAccessorImpl.invoke(NativeMethodAccessorImpl.java:77) ~[na:na]
	at java.base/jdk.internal.reflect.DelegatingMethodAccessorImpl.invoke(DelegatingMethodAccessorImpl.java:43) ~[na:na]
	at java.base/java.lang.reflect.Method.invoke(Method.java:569) ~[na:na]
	at org.springframework.boot.devtools.restart.RestartLauncher.run(RestartLauncher.java:50) ~[spring-boot-devtools-3.5.8.jar:3.5.8]
Caused by: java.lang.IllegalStateException: Failed to introspect Class [com.cardosofiles.nubank_challenge_server.services.ClientsService] from ClassLoader [org.springframework.boot.devtools.restart.classloader.RestartClassLoader@3bf96d74]
	at org.springframework.util.ReflectionUtils.getDeclaredMethods(ReflectionUtils.java:483) ~[spring-core-6.2.14.jar:6.2.14]
	at org.springframework.util.ReflectionUtils.doWithLocalMethods(ReflectionUtils.java:320) ~[spring-core-6.2.14.jar:6.2.14]
	at org.springframework.beans.factory.annotation.AutowiredAnnotationBeanPostProcessor.checkLookupMethods(AutowiredAnnotationBeanPostProcessor.java:476) ~[spring-beans-6.2.14.jar:6.2.14]
	... 26 common frames omitted
Caused by: java.lang.NoClassDefFoundError: Client
	at java.base/java.lang.Class.getDeclaredMethods0(Native Method) ~[na:na]
	at java.base/java.lang.Class.privateGetDeclaredMethods(Class.java:3402) ~[na:na]
	at java.base/java.lang.Class.getDeclaredMethods(Class.java:2504) ~[na:na]
	at org.springframework.util.ReflectionUtils.getDeclaredMethods(ReflectionUtils.java:465) ~[spring-core-6.2.14.jar:6.2.14]
	... 28 common frames omitted
Caused by: java.lang.ClassNotFoundException: Client
	at java.base/jdk.internal.loader.BuiltinClassLoader.loadClass(BuiltinClassLoader.java:641) ~[na:na]
	at java.base/jdk.internal.loader.ClassLoaders$AppClassLoader.loadClass(ClassLoaders.java:188) ~[na:na]
	at java.base/java.lang.ClassLoader.loadClass(ClassLoader.java:525) ~[na:na]
	at java.base/java.lang.Class.forName0(Native Method) ~[na:na]
	at java.base/java.lang.Class.forName(Class.java:467) ~[na:na]
	at org.springframework.boot.devtools.restart.classloader.RestartClassLoader.loadClass(RestartClassLoader.java:121) ~[spring-boot-devtools-3.5.8.jar:3.5.8]
	at java.base/java.lang.ClassLoader.loadClass(ClassLoader.java:525) ~[na:na]
	... 32 common frames omitted

2025-11-20T20:50:21.271-03:00  INFO 5660 --- [nubank-challenge-server] [restartedMain] c.c.n.NubankChallengeServerApplication   : Starting NubankChallengeServerApplication using Java 17.0.14 with PID 5660 (/home/cardosofiles/www/java/development/nubank-challenge-server/target/classes started by cardosofiles in /home/cardosofiles/www/java/development/nubank-challenge-server)
2025-11-20T20:50:21.271-03:00  INFO 5660 --- [nubank-challenge-server] [restartedMain] c.c.n.NubankChallengeServerApplication   : The following 1 profile is active: "dev"
2025-11-20T20:50:21.478-03:00  INFO 5660 --- [nubank-challenge-server] [restartedMain] .s.d.r.c.RepositoryConfigurationDelegate : Bootstrapping Spring Data JPA repositories in DEFAULT mode.
2025-11-20T20:50:21.480-03:00  INFO 5660 --- [nubank-challenge-server] [restartedMain] .s.d.r.c.RepositoryConfigurationDelegate : Finished Spring Data repository scanning in 0 ms. Found 0 JPA repository interfaces.
2025-11-20T20:50:21.532-03:00  INFO 5660 --- [nubank-challenge-server] [restartedMain] o.s.b.w.embedded.tomcat.TomcatWebServer  : Tomcat initialized with port 8080 (http)
2025-11-20T20:50:21.533-03:00  INFO 5660 --- [nubank-challenge-server] [restartedMain] o.apache.catalina.core.StandardService   : Starting service [Tomcat]
2025-11-20T20:50:21.533-03:00  INFO 5660 --- [nubank-challenge-server] [restartedMain] o.apache.catalina.core.StandardEngine    : Starting Servlet engine: [Apache Tomcat/10.1.49]
2025-11-20T20:50:21.538-03:00  INFO 5660 --- [nubank-challenge-server] [restartedMain] o.a.c.c.C.[Tomcat-8].[localhost].[/]     : Initializing Spring embedded WebApplicationContext
2025-11-20T20:50:21.538-03:00  INFO 5660 --- [nubank-challenge-server] [restartedMain] w.s.c.ServletWebServerApplicationContext : Root WebApplicationContext: initialization completed in 265 ms
2025-11-20T20:50:21.583-03:00  INFO 5660 --- [nubank-challenge-server] [restartedMain] o.hibernate.jpa.internal.util.LogHelper  : HHH000204: Processing PersistenceUnitInfo [name: default]
2025-11-20T20:50:21.584-03:00  INFO 5660 --- [nubank-challenge-server] [restartedMain] o.h.c.internal.RegionFactoryInitiator    : HHH000026: Second-level cache disabled
2025-11-20T20:50:21.588-03:00  INFO 5660 --- [nubank-challenge-server] [restartedMain] o.s.o.j.p.SpringPersistenceUnitInfo      : No LoadTimeWeaver setup: ignoring JPA class transformer
2025-11-20T20:50:21.588-03:00  INFO 5660 --- [nubank-challenge-server] [restartedMain] com.zaxxer.hikari.HikariDataSource       : HikariPool-46 - Starting...
2025-11-20T20:50:21.604-03:00  INFO 5660 --- [nubank-challenge-server] [restartedMain] com.zaxxer.hikari.pool.HikariPool        : HikariPool-46 - Added connection org.postgresql.jdbc.PgConnection@68512d55
2025-11-20T20:50:21.604-03:00  INFO 5660 --- [nubank-challenge-server] [restartedMain] com.zaxxer.hikari.HikariDataSource       : HikariPool-46 - Start completed.
2025-11-20T20:50:21.607-03:00  WARN 5660 --- [nubank-challenge-server] [restartedMain] org.hibernate.orm.deprecation            : HHH90000025: PostgreSQLDialect does not need to be specified explicitly using 'hibernate.dialect' (remove the property setting and it will be selected by default)
2025-11-20T20:50:21.610-03:00  INFO 5660 --- [nubank-challenge-server] [restartedMain] org.hibernate.orm.connections.pooling    : HHH10001005: Database info:
	Database JDBC URL [Connecting through datasource 'HikariDataSource (HikariPool-46)']
	Database driver: undefined/unknown
	Database version: 15.15
	Autocommit mode: undefined/unknown
	Isolation level: undefined/unknown
	Minimum pool size: undefined/unknown
	Maximum pool size: undefined/unknown
2025-11-20T20:50:21.632-03:00  INFO 5660 --- [nubank-challenge-server] [restartedMain] o.h.e.t.j.p.i.JtaPlatformInitiator       : HHH000489: No JTA platform available (set 'hibernate.transaction.jta.platform' to enable JTA platform integration)
2025-11-20T20:50:21.633-03:00 DEBUG 5660 --- [nubank-challenge-server] [restartedMain] org.hibernate.SQL                        : 
    set client_min_messages = WARNING
2025-11-20T20:50:21.633-03:00 DEBUG 5660 --- [nubank-challenge-server] [restartedMain] org.hibernate.SQL                        : 
    alter table if exists contacts 
       drop constraint if exists FK94mnsowcdm8tow68ha3xudt48
2025-11-20T20:50:21.649-03:00 DEBUG 5660 --- [nubank-challenge-server] [restartedMain] org.hibernate.SQL                        : 
    drop table if exists clients cascade
2025-11-20T20:50:21.654-03:00 DEBUG 5660 --- [nubank-challenge-server] [restartedMain] org.hibernate.SQL                        : 
    drop table if exists contacts cascade
2025-11-20T20:50:21.660-03:00 DEBUG 5660 --- [nubank-challenge-server] [restartedMain] org.hibernate.SQL                        : 
    create table clients (
        id bigint generated by default as identity,
        name varchar(100) not null,
        primary key (id)
    )
2025-11-20T20:50:21.676-03:00 DEBUG 5660 --- [nubank-challenge-server] [restartedMain] org.hibernate.SQL                        : 
    create table contacts (
        client_id bigint not null,
        id bigint generated by default as identity,
        phone_number varchar(20),
        email varchar(100),
        primary key (id)
    )
2025-11-20T20:50:21.688-03:00 DEBUG 5660 --- [nubank-challenge-server] [restartedMain] org.hibernate.SQL                        : 
    alter table if exists contacts 
       add constraint FK94mnsowcdm8tow68ha3xudt48 
       foreign key (client_id) 
       references clients
2025-11-20T20:50:21.694-03:00  INFO 5660 --- [nubank-challenge-server] [restartedMain] j.LocalContainerEntityManagerFactoryBean : Initialized JPA EntityManagerFactory for persistence unit 'default'
2025-11-20T20:50:21.699-03:00  WARN 5660 --- [nubank-challenge-server] [restartedMain] ConfigServletWebServerApplicationContext : Exception encountered during context initialization - cancelling refresh attempt: org.springframework.beans.factory.UnsatisfiedDependencyException: Error creating bean with name 'clientsController' defined in file [/home/cardosofiles/www/java/development/nubank-challenge-server/target/classes/com/cardosofiles/nubank_challenge_server/controller/ClientsController.class]: Unsatisfied dependency expressed through constructor parameter 0: Error creating bean with name 'clientsService': Lookup method resolution failed
2025-11-20T20:50:21.699-03:00  INFO 5660 --- [nubank-challenge-server] [restartedMain] j.LocalContainerEntityManagerFactoryBean : Closing JPA EntityManagerFactory for persistence unit 'default'
2025-11-20T20:50:21.700-03:00  INFO 5660 --- [nubank-challenge-server] [restartedMain] com.zaxxer.hikari.HikariDataSource       : HikariPool-46 - Shutdown initiated...
2025-11-20T20:50:21.700-03:00  INFO 5660 --- [nubank-challenge-server] [restartedMain] com.zaxxer.hikari.HikariDataSource       : HikariPool-46 - Shutdown completed.
2025-11-20T20:50:21.701-03:00  INFO 5660 --- [nubank-challenge-server] [restartedMain] o.apache.catalina.core.StandardService   : Stopping service [Tomcat]
2025-11-20T20:50:21.709-03:00  INFO 5660 --- [nubank-challenge-server] [restartedMain] .s.b.a.l.ConditionEvaluationReportLogger : 

Error starting ApplicationContext. To display the condition evaluation report re-run your application with 'debug' enabled.
2025-11-20T20:50:21.711-03:00 ERROR 5660 --- [nubank-challenge-server] [restartedMain] o.s.boot.SpringApplication               : Application run failed

org.springframework.beans.factory.UnsatisfiedDependencyException: Error creating bean with name 'clientsController' defined in file [/home/cardosofiles/www/java/development/nubank-challenge-server/target/classes/com/cardosofiles/nubank_challenge_server/controller/ClientsController.class]: Unsatisfied dependency expressed through constructor parameter 0: Error creating bean with name 'clientsService': Lookup method resolution failed
	at org.springframework.beans.factory.support.ConstructorResolver.createArgumentArray(ConstructorResolver.java:804) ~[spring-beans-6.2.14.jar:6.2.14]
	at org.springframework.beans.factory.support.ConstructorResolver.autowireConstructor(ConstructorResolver.java:240) ~[spring-beans-6.2.14.jar:6.2.14]
	at org.springframework.beans.factory.support.AbstractAutowireCapableBeanFactory.autowireConstructor(AbstractAutowireCapableBeanFactory.java:1395) ~[spring-beans-6.2.14.jar:6.2.14]
	at org.springframework.beans.factory.support.AbstractAutowireCapableBeanFactory.createBeanInstance(AbstractAutowireCapableBeanFactory.java:1232) ~[spring-beans-6.2.14.jar:6.2.14]
	at org.springframework.beans.factory.support.AbstractAutowireCapableBeanFactory.doCreateBean(AbstractAutowireCapableBeanFactory.java:569) ~[spring-beans-6.2.14.jar:6.2.14]
	at org.springframework.beans.factory.support.AbstractAutowireCapableBeanFactory.createBean(AbstractAutowireCapableBeanFactory.java:529) ~[spring-beans-6.2.14.jar:6.2.14]
	at org.springframework.beans.factory.support.AbstractBeanFactory.lambda$doGetBean$0(AbstractBeanFactory.java:339) ~[spring-beans-6.2.14.jar:6.2.14]
	at org.springframework.beans.factory.support.DefaultSingletonBeanRegistry.getSingleton(DefaultSingletonBeanRegistry.java:373) ~[spring-beans-6.2.14.jar:6.2.14]
	at org.springframework.beans.factory.support.AbstractBeanFactory.doGetBean(AbstractBeanFactory.java:337) ~[spring-beans-6.2.14.jar:6.2.14]
	at org.springframework.beans.factory.support.AbstractBeanFactory.getBean(AbstractBeanFactory.java:202) ~[spring-beans-6.2.14.jar:6.2.14]
	at org.springframework.beans.factory.support.DefaultListableBeanFactory.instantiateSingleton(DefaultListableBeanFactory.java:1228) ~[spring-beans-6.2.14.jar:6.2.14]
	at org.springframework.beans.factory.support.DefaultListableBeanFactory.preInstantiateSingleton(DefaultListableBeanFactory.java:1194) ~[spring-beans-6.2.14.jar:6.2.14]
	at org.springframework.beans.factory.support.DefaultListableBeanFactory.preInstantiateSingletons(DefaultListableBeanFactory.java:1130) ~[spring-beans-6.2.14.jar:6.2.14]
	at org.springframework.context.support.AbstractApplicationContext.finishBeanFactoryInitialization(AbstractApplicationContext.java:990) ~[spring-context-6.2.14.jar:6.2.14]
	at org.springframework.context.support.AbstractApplicationContext.refresh(AbstractApplicationContext.java:627) ~[spring-context-6.2.14.jar:6.2.14]
	at org.springframework.boot.web.servlet.context.ServletWebServerApplicationContext.refresh(ServletWebServerApplicationContext.java:146) ~[spring-boot-3.5.8.jar:3.5.8]
	at org.springframework.boot.SpringApplication.refresh(SpringApplication.java:752) ~[spring-boot-3.5.8.jar:3.5.8]
	at org.springframework.boot.SpringApplication.refreshContext(SpringApplication.java:439) ~[spring-boot-3.5.8.jar:3.5.8]
	at org.springframework.boot.SpringApplication.run(SpringApplication.java:318) ~[spring-boot-3.5.8.jar:3.5.8]
	at org.springframework.boot.SpringApplication.run(SpringApplication.java:1361) ~[spring-boot-3.5.8.jar:3.5.8]
	at org.springframework.boot.SpringApplication.run(SpringApplication.java:1350) ~[spring-boot-3.5.8.jar:3.5.8]
	at com.cardosofiles.nubank_challenge_server.NubankChallengeServerApplication.main(NubankChallengeServerApplication.java:14) ~[classes/:na]
	at java.base/jdk.internal.reflect.NativeMethodAccessorImpl.invoke0(Native Method) ~[na:na]
	at java.base/jdk.internal.reflect.NativeMethodAccessorImpl.invoke(NativeMethodAccessorImpl.java:77) ~[na:na]
	at java.base/jdk.internal.reflect.DelegatingMethodAccessorImpl.invoke(DelegatingMethodAccessorImpl.java:43) ~[na:na]
	at java.base/java.lang.reflect.Method.invoke(Method.java:569) ~[na:na]
	at org.springframework.boot.devtools.restart.RestartLauncher.run(RestartLauncher.java:50) ~[spring-boot-devtools-3.5.8.jar:3.5.8]
Caused by: org.springframework.beans.factory.BeanCreationException: Error creating bean with name 'clientsService': Lookup method resolution failed
	at org.springframework.beans.factory.annotation.AutowiredAnnotationBeanPostProcessor.checkLookupMethods(AutowiredAnnotationBeanPostProcessor.java:498) ~[spring-beans-6.2.14.jar:6.2.14]
	at org.springframework.beans.factory.annotation.AutowiredAnnotationBeanPostProcessor.determineCandidateConstructors(AutowiredAnnotationBeanPostProcessor.java:368) ~[spring-beans-6.2.14.jar:6.2.14]
	at org.springframework.beans.factory.support.AbstractAutowireCapableBeanFactory.determineConstructorsFromBeanPostProcessors(AbstractAutowireCapableBeanFactory.java:1334) ~[spring-beans-6.2.14.jar:6.2.14]
	at org.springframework.beans.factory.support.AbstractAutowireCapableBeanFactory.createBeanInstance(AbstractAutowireCapableBeanFactory.java:1229) ~[spring-beans-6.2.14.jar:6.2.14]
	at org.springframework.beans.factory.support.AbstractAutowireCapableBeanFactory.doCreateBean(AbstractAutowireCapableBeanFactory.java:569) ~[spring-beans-6.2.14.jar:6.2.14]
	at org.springframework.beans.factory.support.AbstractAutowireCapableBeanFactory.createBean(AbstractAutowireCapableBeanFactory.java:529) ~[spring-beans-6.2.14.jar:6.2.14]
	at org.springframework.beans.factory.support.AbstractBeanFactory.lambda$doGetBean$0(AbstractBeanFactory.java:339) ~[spring-beans-6.2.14.jar:6.2.14]
	at org.springframework.beans.factory.support.DefaultSingletonBeanRegistry.getSingleton(DefaultSingletonBeanRegistry.java:373) ~[spring-beans-6.2.14.jar:6.2.14]
	at org.springframework.beans.factory.support.AbstractBeanFactory.doGetBean(AbstractBeanFactory.java:337) ~[spring-beans-6.2.14.jar:6.2.14]
	at org.springframework.beans.factory.support.AbstractBeanFactory.getBean(AbstractBeanFactory.java:202) ~[spring-beans-6.2.14.jar:6.2.14]
	at org.springframework.beans.factory.support.DefaultListableBeanFactory.doResolveDependency(DefaultListableBeanFactory.java:1708) ~[spring-beans-6.2.14.jar:6.2.14]
	at org.springframework.beans.factory.support.DefaultListableBeanFactory.resolveDependency(DefaultListableBeanFactory.java:1653) ~[spring-beans-6.2.14.jar:6.2.14]
	at org.springframework.beans.factory.support.ConstructorResolver.resolveAutowiredArgument(ConstructorResolver.java:913) ~[spring-beans-6.2.14.jar:6.2.14]
	at org.springframework.beans.factory.support.ConstructorResolver.createArgumentArray(ConstructorResolver.java:791) ~[spring-beans-6.2.14.jar:6.2.14]
	... 26 common frames omitted
Caused by: java.lang.IllegalStateException: Failed to introspect Class [com.cardosofiles.nubank_challenge_server.services.ClientsService] from ClassLoader [org.springframework.boot.devtools.restart.classloader.RestartClassLoader@792769e3]
	at org.springframework.util.ReflectionUtils.getDeclaredMethods(ReflectionUtils.java:483) ~[spring-core-6.2.14.jar:6.2.14]
	at org.springframework.util.ReflectionUtils.doWithLocalMethods(ReflectionUtils.java:320) ~[spring-core-6.2.14.jar:6.2.14]
	at org.springframework.beans.factory.annotation.AutowiredAnnotationBeanPostProcessor.checkLookupMethods(AutowiredAnnotationBeanPostProcessor.java:476) ~[spring-beans-6.2.14.jar:6.2.14]
	... 39 common frames omitted
Caused by: java.lang.NoClassDefFoundError: Client
	at java.base/java.lang.Class.getDeclaredMethods0(Native Method) ~[na:na]
	at java.base/java.lang.Class.privateGetDeclaredMethods(Class.java:3402) ~[na:na]
	at java.base/java.lang.Class.getDeclaredMethods(Class.java:2504) ~[na:na]
	at org.springframework.util.ReflectionUtils.getDeclaredMethods(ReflectionUtils.java:465) ~[spring-core-6.2.14.jar:6.2.14]
	... 41 common frames omitted
Caused by: java.lang.ClassNotFoundException: Client
	at java.base/jdk.internal.loader.BuiltinClassLoader.loadClass(BuiltinClassLoader.java:641) ~[na:na]
	at java.base/jdk.internal.loader.ClassLoaders$AppClassLoader.loadClass(ClassLoaders.java:188) ~[na:na]
	at java.base/java.lang.ClassLoader.loadClass(ClassLoader.java:525) ~[na:na]
	at java.base/java.lang.Class.forName0(Native Method) ~[na:na]
	at java.base/java.lang.Class.forName(Class.java:467) ~[na:na]
	at org.springframework.boot.devtools.restart.classloader.RestartClassLoader.loadClass(RestartClassLoader.java:121) ~[spring-boot-devtools-3.5.8.jar:3.5.8]
	at java.base/java.lang.ClassLoader.loadClass(ClassLoader.java:525) ~[na:na]
	... 45 common frames omitted

2025-11-20T20:51:21.375-03:00  INFO 5660 --- [nubank-challenge-server] [restartedMain] c.c.n.NubankChallengeServerApplication   : Starting NubankChallengeServerApplication using Java 17.0.14 with PID 5660 (/home/cardosofiles/www/java/development/nubank-challenge-server/target/classes started by cardosofiles in /home/cardosofiles/www/java/development/nubank-challenge-server)
2025-11-20T20:51:21.376-03:00  INFO 5660 --- [nubank-challenge-server] [restartedMain] c.c.n.NubankChallengeServerApplication   : The following 1 profile is active: "dev"
2025-11-20T20:51:21.537-03:00  INFO 5660 --- [nubank-challenge-server] [restartedMain] .s.d.r.c.RepositoryConfigurationDelegate : Bootstrapping Spring Data JPA repositories in DEFAULT mode.
2025-11-20T20:51:21.538-03:00  INFO 5660 --- [nubank-challenge-server] [restartedMain] .s.d.r.c.RepositoryConfigurationDelegate : Finished Spring Data repository scanning in 0 ms. Found 0 JPA repository interfaces.
2025-11-20T20:51:21.583-03:00  INFO 5660 --- [nubank-challenge-server] [restartedMain] o.s.b.w.embedded.tomcat.TomcatWebServer  : Tomcat initialized with port 8080 (http)
2025-11-20T20:51:21.583-03:00  INFO 5660 --- [nubank-challenge-server] [restartedMain] o.apache.catalina.core.StandardService   : Starting service [Tomcat]
2025-11-20T20:51:21.584-03:00  INFO 5660 --- [nubank-challenge-server] [restartedMain] o.apache.catalina.core.StandardEngine    : Starting Servlet engine: [Apache Tomcat/10.1.49]
2025-11-20T20:51:21.589-03:00  INFO 5660 --- [nubank-challenge-server] [restartedMain] o.a.c.c.C.[Tomcat-9].[localhost].[/]     : Initializing Spring embedded WebApplicationContext
2025-11-20T20:51:21.589-03:00  INFO 5660 --- [nubank-challenge-server] [restartedMain] w.s.c.ServletWebServerApplicationContext : Root WebApplicationContext: initialization completed in 212 ms
2025-11-20T20:51:21.628-03:00  INFO 5660 --- [nubank-challenge-server] [restartedMain] o.hibernate.jpa.internal.util.LogHelper  : HHH000204: Processing PersistenceUnitInfo [name: default]
2025-11-20T20:51:21.629-03:00  INFO 5660 --- [nubank-challenge-server] [restartedMain] o.h.c.internal.RegionFactoryInitiator    : HHH000026: Second-level cache disabled
2025-11-20T20:51:21.632-03:00  INFO 5660 --- [nubank-challenge-server] [restartedMain] o.s.o.j.p.SpringPersistenceUnitInfo      : No LoadTimeWeaver setup: ignoring JPA class transformer
2025-11-20T20:51:21.633-03:00  INFO 5660 --- [nubank-challenge-server] [restartedMain] com.zaxxer.hikari.HikariDataSource       : HikariPool-47 - Starting...
2025-11-20T20:51:21.648-03:00  INFO 5660 --- [nubank-challenge-server] [restartedMain] com.zaxxer.hikari.pool.HikariPool        : HikariPool-47 - Added connection org.postgresql.jdbc.PgConnection@af941bb
2025-11-20T20:51:21.649-03:00  INFO 5660 --- [nubank-challenge-server] [restartedMain] com.zaxxer.hikari.HikariDataSource       : HikariPool-47 - Start completed.
2025-11-20T20:51:21.651-03:00  WARN 5660 --- [nubank-challenge-server] [restartedMain] org.hibernate.orm.deprecation            : HHH90000025: PostgreSQLDialect does not need to be specified explicitly using 'hibernate.dialect' (remove the property setting and it will be selected by default)
2025-11-20T20:51:21.652-03:00  INFO 5660 --- [nubank-challenge-server] [restartedMain] org.hibernate.orm.connections.pooling    : HHH10001005: Database info:
	Database JDBC URL [Connecting through datasource 'HikariDataSource (HikariPool-47)']
	Database driver: undefined/unknown
	Database version: 15.15
	Autocommit mode: undefined/unknown
	Isolation level: undefined/unknown
	Minimum pool size: undefined/unknown
	Maximum pool size: undefined/unknown
2025-11-20T20:51:21.672-03:00  INFO 5660 --- [nubank-challenge-server] [restartedMain] o.h.e.t.j.p.i.JtaPlatformInitiator       : HHH000489: No JTA platform available (set 'hibernate.transaction.jta.platform' to enable JTA platform integration)
2025-11-20T20:51:21.673-03:00 DEBUG 5660 --- [nubank-challenge-server] [restartedMain] org.hibernate.SQL                        : 
    set client_min_messages = WARNING
2025-11-20T20:51:21.673-03:00 DEBUG 5660 --- [nubank-challenge-server] [restartedMain] org.hibernate.SQL                        : 
    alter table if exists contacts 
       drop constraint if exists FK94mnsowcdm8tow68ha3xudt48
2025-11-20T20:51:21.693-03:00 DEBUG 5660 --- [nubank-challenge-server] [restartedMain] org.hibernate.SQL                        : 
    drop table if exists clients cascade
2025-11-20T20:51:21.698-03:00 DEBUG 5660 --- [nubank-challenge-server] [restartedMain] org.hibernate.SQL                        : 
    drop table if exists contacts cascade
2025-11-20T20:51:21.702-03:00 DEBUG 5660 --- [nubank-challenge-server] [restartedMain] org.hibernate.SQL                        : 
    create table clients (
        id bigint generated by default as identity,
        name varchar(100) not null,
        primary key (id)
    )
2025-11-20T20:51:21.714-03:00 DEBUG 5660 --- [nubank-challenge-server] [restartedMain] org.hibernate.SQL                        : 
    create table contacts (
        client_id bigint not null,
        id bigint generated by default as identity,
        phone_number varchar(20),
        email varchar(100),
        primary key (id)
    )
2025-11-20T20:51:21.723-03:00 DEBUG 5660 --- [nubank-challenge-server] [restartedMain] org.hibernate.SQL                        : 
    alter table if exists contacts 
       add constraint FK94mnsowcdm8tow68ha3xudt48 
       foreign key (client_id) 
       references clients
2025-11-20T20:51:21.731-03:00  INFO 5660 --- [nubank-challenge-server] [restartedMain] j.LocalContainerEntityManagerFactoryBean : Initialized JPA EntityManagerFactory for persistence unit 'default'
2025-11-20T20:51:21.740-03:00  WARN 5660 --- [nubank-challenge-server] [restartedMain] ConfigServletWebServerApplicationContext : Exception encountered during context initialization - cancelling refresh attempt: org.springframework.beans.factory.UnsatisfiedDependencyException: Error creating bean with name 'clientsController' defined in file [/home/cardosofiles/www/java/development/nubank-challenge-server/target/classes/com/cardosofiles/nubank_challenge_server/controller/ClientsController.class]: Unsatisfied dependency expressed through constructor parameter 0: Error creating bean with name 'clientsService': Lookup method resolution failed
2025-11-20T20:51:21.740-03:00  INFO 5660 --- [nubank-challenge-server] [restartedMain] j.LocalContainerEntityManagerFactoryBean : Closing JPA EntityManagerFactory for persistence unit 'default'
2025-11-20T20:51:21.743-03:00  INFO 5660 --- [nubank-challenge-server] [restartedMain] com.zaxxer.hikari.HikariDataSource       : HikariPool-47 - Shutdown initiated...
2025-11-20T20:51:21.745-03:00  INFO 5660 --- [nubank-challenge-server] [restartedMain] com.zaxxer.hikari.HikariDataSource       : HikariPool-47 - Shutdown completed.
2025-11-20T20:51:21.745-03:00  INFO 5660 --- [nubank-challenge-server] [restartedMain] o.apache.catalina.core.StandardService   : Stopping service [Tomcat]
2025-11-20T20:51:21.764-03:00  INFO 5660 --- [nubank-challenge-server] [restartedMain] .s.b.a.l.ConditionEvaluationReportLogger : 

Error starting ApplicationContext. To display the condition evaluation report re-run your application with 'debug' enabled.
2025-11-20T20:51:21.766-03:00 ERROR 5660 --- [nubank-challenge-server] [restartedMain] o.s.boot.SpringApplication               : Application run failed

org.springframework.beans.factory.UnsatisfiedDependencyException: Error creating bean with name 'clientsController' defined in file [/home/cardosofiles/www/java/development/nubank-challenge-server/target/classes/com/cardosofiles/nubank_challenge_server/controller/ClientsController.class]: Unsatisfied dependency expressed through constructor parameter 0: Error creating bean with name 'clientsService': Lookup method resolution failed
	at org.springframework.beans.factory.support.ConstructorResolver.createArgumentArray(ConstructorResolver.java:804) ~[spring-beans-6.2.14.jar:6.2.14]
	at org.springframework.beans.factory.support.ConstructorResolver.autowireConstructor(ConstructorResolver.java:240) ~[spring-beans-6.2.14.jar:6.2.14]
	at org.springframework.beans.factory.support.AbstractAutowireCapableBeanFactory.autowireConstructor(AbstractAutowireCapableBeanFactory.java:1395) ~[spring-beans-6.2.14.jar:6.2.14]
	at org.springframework.beans.factory.support.AbstractAutowireCapableBeanFactory.createBeanInstance(AbstractAutowireCapableBeanFactory.java:1232) ~[spring-beans-6.2.14.jar:6.2.14]
	at org.springframework.beans.factory.support.AbstractAutowireCapableBeanFactory.doCreateBean(AbstractAutowireCapableBeanFactory.java:569) ~[spring-beans-6.2.14.jar:6.2.14]
	at org.springframework.beans.factory.support.AbstractAutowireCapableBeanFactory.createBean(AbstractAutowireCapableBeanFactory.java:529) ~[spring-beans-6.2.14.jar:6.2.14]
	at org.springframework.beans.factory.support.AbstractBeanFactory.lambda$doGetBean$0(AbstractBeanFactory.java:339) ~[spring-beans-6.2.14.jar:6.2.14]
	at org.springframework.beans.factory.support.DefaultSingletonBeanRegistry.getSingleton(DefaultSingletonBeanRegistry.java:373) ~[spring-beans-6.2.14.jar:6.2.14]
	at org.springframework.beans.factory.support.AbstractBeanFactory.doGetBean(AbstractBeanFactory.java:337) ~[spring-beans-6.2.14.jar:6.2.14]
	at org.springframework.beans.factory.support.AbstractBeanFactory.getBean(AbstractBeanFactory.java:202) ~[spring-beans-6.2.14.jar:6.2.14]
	at org.springframework.beans.factory.support.DefaultListableBeanFactory.instantiateSingleton(DefaultListableBeanFactory.java:1228) ~[spring-beans-6.2.14.jar:6.2.14]
	at org.springframework.beans.factory.support.DefaultListableBeanFactory.preInstantiateSingleton(DefaultListableBeanFactory.java:1194) ~[spring-beans-6.2.14.jar:6.2.14]
	at org.springframework.beans.factory.support.DefaultListableBeanFactory.preInstantiateSingletons(DefaultListableBeanFactory.java:1130) ~[spring-beans-6.2.14.jar:6.2.14]
	at org.springframework.context.support.AbstractApplicationContext.finishBeanFactoryInitialization(AbstractApplicationContext.java:990) ~[spring-context-6.2.14.jar:6.2.14]
	at org.springframework.context.support.AbstractApplicationContext.refresh(AbstractApplicationContext.java:627) ~[spring-context-6.2.14.jar:6.2.14]
	at org.springframework.boot.web.servlet.context.ServletWebServerApplicationContext.refresh(ServletWebServerApplicationContext.java:146) ~[spring-boot-3.5.8.jar:3.5.8]
	at org.springframework.boot.SpringApplication.refresh(SpringApplication.java:752) ~[spring-boot-3.5.8.jar:3.5.8]
	at org.springframework.boot.SpringApplication.refreshContext(SpringApplication.java:439) ~[spring-boot-3.5.8.jar:3.5.8]
	at org.springframework.boot.SpringApplication.run(SpringApplication.java:318) ~[spring-boot-3.5.8.jar:3.5.8]
	at org.springframework.boot.SpringApplication.run(SpringApplication.java:1361) ~[spring-boot-3.5.8.jar:3.5.8]
	at org.springframework.boot.SpringApplication.run(SpringApplication.java:1350) ~[spring-boot-3.5.8.jar:3.5.8]
	at com.cardosofiles.nubank_challenge_server.NubankChallengeServerApplication.main(NubankChallengeServerApplication.java:14) ~[classes/:na]
	at java.base/jdk.internal.reflect.NativeMethodAccessorImpl.invoke0(Native Method) ~[na:na]
	at java.base/jdk.internal.reflect.NativeMethodAccessorImpl.invoke(NativeMethodAccessorImpl.java:77) ~[na:na]
	at java.base/jdk.internal.reflect.DelegatingMethodAccessorImpl.invoke(DelegatingMethodAccessorImpl.java:43) ~[na:na]
	at java.base/java.lang.reflect.Method.invoke(Method.java:569) ~[na:na]
	at org.springframework.boot.devtools.restart.RestartLauncher.run(RestartLauncher.java:50) ~[spring-boot-devtools-3.5.8.jar:3.5.8]
Caused by: org.springframework.beans.factory.BeanCreationException: Error creating bean with name 'clientsService': Lookup method resolution failed
	at org.springframework.beans.factory.annotation.AutowiredAnnotationBeanPostProcessor.checkLookupMethods(AutowiredAnnotationBeanPostProcessor.java:498) ~[spring-beans-6.2.14.jar:6.2.14]
	at org.springframework.beans.factory.annotation.AutowiredAnnotationBeanPostProcessor.determineCandidateConstructors(AutowiredAnnotationBeanPostProcessor.java:368) ~[spring-beans-6.2.14.jar:6.2.14]
	at org.springframework.beans.factory.support.AbstractAutowireCapableBeanFactory.determineConstructorsFromBeanPostProcessors(AbstractAutowireCapableBeanFactory.java:1334) ~[spring-beans-6.2.14.jar:6.2.14]
	at org.springframework.beans.factory.support.AbstractAutowireCapableBeanFactory.createBeanInstance(AbstractAutowireCapableBeanFactory.java:1229) ~[spring-beans-6.2.14.jar:6.2.14]
	at org.springframework.beans.factory.support.AbstractAutowireCapableBeanFactory.doCreateBean(AbstractAutowireCapableBeanFactory.java:569) ~[spring-beans-6.2.14.jar:6.2.14]
	at org.springframework.beans.factory.support.AbstractAutowireCapableBeanFactory.createBean(AbstractAutowireCapableBeanFactory.java:529) ~[spring-beans-6.2.14.jar:6.2.14]
	at org.springframework.beans.factory.support.AbstractBeanFactory.lambda$doGetBean$0(AbstractBeanFactory.java:339) ~[spring-beans-6.2.14.jar:6.2.14]
	at org.springframework.beans.factory.support.DefaultSingletonBeanRegistry.getSingleton(DefaultSingletonBeanRegistry.java:373) ~[spring-beans-6.2.14.jar:6.2.14]
	at org.springframework.beans.factory.support.AbstractBeanFactory.doGetBean(AbstractBeanFactory.java:337) ~[spring-beans-6.2.14.jar:6.2.14]
	at org.springframework.beans.factory.support.AbstractBeanFactory.getBean(AbstractBeanFactory.java:202) ~[spring-beans-6.2.14.jar:6.2.14]
	at org.springframework.beans.factory.support.DefaultListableBeanFactory.doResolveDependency(DefaultListableBeanFactory.java:1708) ~[spring-beans-6.2.14.jar:6.2.14]
	at org.springframework.beans.factory.support.DefaultListableBeanFactory.resolveDependency(DefaultListableBeanFactory.java:1653) ~[spring-beans-6.2.14.jar:6.2.14]
	at org.springframework.beans.factory.support.ConstructorResolver.resolveAutowiredArgument(ConstructorResolver.java:913) ~[spring-beans-6.2.14.jar:6.2.14]
	at org.springframework.beans.factory.support.ConstructorResolver.createArgumentArray(ConstructorResolver.java:791) ~[spring-beans-6.2.14.jar:6.2.14]
	... 26 common frames omitted
Caused by: java.lang.IllegalStateException: Failed to introspect Class [com.cardosofiles.nubank_challenge_server.services.ClientsService] from ClassLoader [org.springframework.boot.devtools.restart.classloader.RestartClassLoader@28af341c]
	at org.springframework.util.ReflectionUtils.getDeclaredMethods(ReflectionUtils.java:483) ~[spring-core-6.2.14.jar:6.2.14]
	at org.springframework.util.ReflectionUtils.doWithLocalMethods(ReflectionUtils.java:320) ~[spring-core-6.2.14.jar:6.2.14]
	at org.springframework.beans.factory.annotation.AutowiredAnnotationBeanPostProcessor.checkLookupMethods(AutowiredAnnotationBeanPostProcessor.java:476) ~[spring-beans-6.2.14.jar:6.2.14]
	... 39 common frames omitted
Caused by: java.lang.NoClassDefFoundError: Client
	at java.base/java.lang.Class.getDeclaredMethods0(Native Method) ~[na:na]
	at java.base/java.lang.Class.privateGetDeclaredMethods(Class.java:3402) ~[na:na]
	at java.base/java.lang.Class.getDeclaredMethods(Class.java:2504) ~[na:na]
	at org.springframework.util.ReflectionUtils.getDeclaredMethods(ReflectionUtils.java:465) ~[spring-core-6.2.14.jar:6.2.14]
	... 41 common frames omitted
Caused by: java.lang.ClassNotFoundException: Client
	at java.base/jdk.internal.loader.BuiltinClassLoader.loadClass(BuiltinClassLoader.java:641) ~[na:na]
	at java.base/jdk.internal.loader.ClassLoaders$AppClassLoader.loadClass(ClassLoaders.java:188) ~[na:na]
	at java.base/java.lang.ClassLoader.loadClass(ClassLoader.java:525) ~[na:na]
	at java.base/java.lang.Class.forName0(Native Method) ~[na:na]
	at java.base/java.lang.Class.forName(Class.java:467) ~[na:na]
	at org.springframework.boot.devtools.restart.classloader.RestartClassLoader.loadClass(RestartClassLoader.java:121) ~[spring-boot-devtools-3.5.8.jar:3.5.8]
	at java.base/java.lang.ClassLoader.loadClass(ClassLoader.java:525) ~[na:na]
	... 45 common frames omitted

2025-11-20T20:51:23.183-03:00  INFO 5660 --- [nubank-challenge-server] [restartedMain] c.c.n.NubankChallengeServerApplication   : Starting NubankChallengeServerApplication using Java 17.0.14 with PID 5660 (/home/cardosofiles/www/java/development/nubank-challenge-server/target/classes started by cardosofiles in /home/cardosofiles/www/java/development/nubank-challenge-server)
2025-11-20T20:51:23.183-03:00  INFO 5660 --- [nubank-challenge-server] [restartedMain] c.c.n.NubankChallengeServerApplication   : The following 1 profile is active: "dev"
2025-11-20T20:51:23.423-03:00  INFO 5660 --- [nubank-challenge-server] [restartedMain] .s.d.r.c.RepositoryConfigurationDelegate : Bootstrapping Spring Data JPA repositories in DEFAULT mode.
2025-11-20T20:51:23.425-03:00  INFO 5660 --- [nubank-challenge-server] [restartedMain] .s.d.r.c.RepositoryConfigurationDelegate : Finished Spring Data repository scanning in 1 ms. Found 0 JPA repository interfaces.
2025-11-20T20:51:23.563-03:00  INFO 5660 --- [nubank-challenge-server] [restartedMain] o.s.b.w.embedded.tomcat.TomcatWebServer  : Tomcat initialized with port 8080 (http)
2025-11-20T20:51:23.564-03:00  INFO 5660 --- [nubank-challenge-server] [restartedMain] o.apache.catalina.core.StandardService   : Starting service [Tomcat]
2025-11-20T20:51:23.564-03:00  INFO 5660 --- [nubank-challenge-server] [restartedMain] o.apache.catalina.core.StandardEngine    : Starting Servlet engine: [Apache Tomcat/10.1.49]
2025-11-20T20:51:23.573-03:00  INFO 5660 --- [nubank-challenge-server] [restartedMain] o.a.c.c.C.[Tomcat-10].[localhost].[/]    : Initializing Spring embedded WebApplicationContext
2025-11-20T20:51:23.574-03:00  INFO 5660 --- [nubank-challenge-server] [restartedMain] w.s.c.ServletWebServerApplicationContext : Root WebApplicationContext: initialization completed in 390 ms
2025-11-20T20:51:23.675-03:00  INFO 5660 --- [nubank-challenge-server] [restartedMain] o.hibernate.jpa.internal.util.LogHelper  : HHH000204: Processing PersistenceUnitInfo [name: default]
2025-11-20T20:51:23.676-03:00  INFO 5660 --- [nubank-challenge-server] [restartedMain] o.h.c.internal.RegionFactoryInitiator    : HHH000026: Second-level cache disabled
2025-11-20T20:51:23.679-03:00  INFO 5660 --- [nubank-challenge-server] [restartedMain] o.s.o.j.p.SpringPersistenceUnitInfo      : No LoadTimeWeaver setup: ignoring JPA class transformer
2025-11-20T20:51:23.680-03:00  INFO 5660 --- [nubank-challenge-server] [restartedMain] com.zaxxer.hikari.HikariDataSource       : HikariPool-48 - Starting...
2025-11-20T20:51:23.713-03:00  INFO 5660 --- [nubank-challenge-server] [restartedMain] com.zaxxer.hikari.pool.HikariPool        : HikariPool-48 - Added connection org.postgresql.jdbc.PgConnection@3076412b
2025-11-20T20:51:23.713-03:00  INFO 5660 --- [nubank-challenge-server] [restartedMain] com.zaxxer.hikari.HikariDataSource       : HikariPool-48 - Start completed.
2025-11-20T20:51:23.718-03:00  WARN 5660 --- [nubank-challenge-server] [restartedMain] org.hibernate.orm.deprecation            : HHH90000025: PostgreSQLDialect does not need to be specified explicitly using 'hibernate.dialect' (remove the property setting and it will be selected by default)
2025-11-20T20:51:23.722-03:00  INFO 5660 --- [nubank-challenge-server] [restartedMain] org.hibernate.orm.connections.pooling    : HHH10001005: Database info:
	Database JDBC URL [Connecting through datasource 'HikariDataSource (HikariPool-48)']
	Database driver: undefined/unknown
	Database version: 15.15
	Autocommit mode: undefined/unknown
	Isolation level: undefined/unknown
	Minimum pool size: undefined/unknown
	Maximum pool size: undefined/unknown
2025-11-20T20:51:23.777-03:00  INFO 5660 --- [nubank-challenge-server] [restartedMain] o.h.e.t.j.p.i.JtaPlatformInitiator       : HHH000489: No JTA platform available (set 'hibernate.transaction.jta.platform' to enable JTA platform integration)
2025-11-20T20:51:23.778-03:00 DEBUG 5660 --- [nubank-challenge-server] [restartedMain] org.hibernate.SQL                        : 
    set client_min_messages = WARNING
2025-11-20T20:51:23.779-03:00 DEBUG 5660 --- [nubank-challenge-server] [restartedMain] org.hibernate.SQL                        : 
    alter table if exists contacts 
       drop constraint if exists FK94mnsowcdm8tow68ha3xudt48
2025-11-20T20:51:23.800-03:00 DEBUG 5660 --- [nubank-challenge-server] [restartedMain] org.hibernate.SQL                        : 
    drop table if exists clients cascade
2025-11-20T20:51:23.810-03:00 DEBUG 5660 --- [nubank-challenge-server] [restartedMain] org.hibernate.SQL                        : 
    drop table if exists contacts cascade
2025-11-20T20:51:23.820-03:00 DEBUG 5660 --- [nubank-challenge-server] [restartedMain] org.hibernate.SQL                        : 
    create table clients (
        id bigint generated by default as identity,
        name varchar(100) not null,
        primary key (id)
    )
2025-11-20T20:51:23.841-03:00 DEBUG 5660 --- [nubank-challenge-server] [restartedMain] org.hibernate.SQL                        : 
    create table contacts (
        client_id bigint not null,
        id bigint generated by default as identity,
        phone_number varchar(20),
        email varchar(100),
        primary key (id)
    )
2025-11-20T20:51:23.855-03:00 DEBUG 5660 --- [nubank-challenge-server] [restartedMain] org.hibernate.SQL                        : 
    alter table if exists contacts 
       add constraint FK94mnsowcdm8tow68ha3xudt48 
       foreign key (client_id) 
       references clients
2025-11-20T20:51:23.865-03:00  INFO 5660 --- [nubank-challenge-server] [restartedMain] j.LocalContainerEntityManagerFactoryBean : Initialized JPA EntityManagerFactory for persistence unit 'default'
2025-11-20T20:51:23.873-03:00  WARN 5660 --- [nubank-challenge-server] [restartedMain] ConfigServletWebServerApplicationContext : Exception encountered during context initialization - cancelling refresh attempt: org.springframework.beans.factory.UnsatisfiedDependencyException: Error creating bean with name 'clientsController' defined in file [/home/cardosofiles/www/java/development/nubank-challenge-server/target/classes/com/cardosofiles/nubank_challenge_server/controller/ClientsController.class]: Unsatisfied dependency expressed through constructor parameter 0: Error creating bean with name 'clientsService': Lookup method resolution failed
2025-11-20T20:51:23.873-03:00  INFO 5660 --- [nubank-challenge-server] [restartedMain] j.LocalContainerEntityManagerFactoryBean : Closing JPA EntityManagerFactory for persistence unit 'default'
2025-11-20T20:51:23.874-03:00  INFO 5660 --- [nubank-challenge-server] [restartedMain] com.zaxxer.hikari.HikariDataSource       : HikariPool-48 - Shutdown initiated...
2025-11-20T20:51:23.934-03:00  INFO 5660 --- [nubank-challenge-server] [restartedMain] com.zaxxer.hikari.HikariDataSource       : HikariPool-48 - Shutdown completed.
2025-11-20T20:51:23.934-03:00  INFO 5660 --- [nubank-challenge-server] [restartedMain] o.apache.catalina.core.StandardService   : Stopping service [Tomcat]
2025-11-20T20:51:23.947-03:00  INFO 5660 --- [nubank-challenge-server] [restartedMain] .s.b.a.l.ConditionEvaluationReportLogger : 

Error starting ApplicationContext. To display the condition evaluation report re-run your application with 'debug' enabled.
2025-11-20T20:51:23.949-03:00 ERROR 5660 --- [nubank-challenge-server] [restartedMain] o.s.boot.SpringApplication               : Application run failed

org.springframework.beans.factory.UnsatisfiedDependencyException: Error creating bean with name 'clientsController' defined in file [/home/cardosofiles/www/java/development/nubank-challenge-server/target/classes/com/cardosofiles/nubank_challenge_server/controller/ClientsController.class]: Unsatisfied dependency expressed through constructor parameter 0: Error creating bean with name 'clientsService': Lookup method resolution failed
	at org.springframework.beans.factory.support.ConstructorResolver.createArgumentArray(ConstructorResolver.java:804) ~[spring-beans-6.2.14.jar:6.2.14]
	at org.springframework.beans.factory.support.ConstructorResolver.autowireConstructor(ConstructorResolver.java:240) ~[spring-beans-6.2.14.jar:6.2.14]
	at org.springframework.beans.factory.support.AbstractAutowireCapableBeanFactory.autowireConstructor(AbstractAutowireCapableBeanFactory.java:1395) ~[spring-beans-6.2.14.jar:6.2.14]
	at org.springframework.beans.factory.support.AbstractAutowireCapableBeanFactory.createBeanInstance(AbstractAutowireCapableBeanFactory.java:1232) ~[spring-beans-6.2.14.jar:6.2.14]
	at org.springframework.beans.factory.support.AbstractAutowireCapableBeanFactory.doCreateBean(AbstractAutowireCapableBeanFactory.java:569) ~[spring-beans-6.2.14.jar:6.2.14]
	at org.springframework.beans.factory.support.AbstractAutowireCapableBeanFactory.createBean(AbstractAutowireCapableBeanFactory.java:529) ~[spring-beans-6.2.14.jar:6.2.14]
	at org.springframework.beans.factory.support.AbstractBeanFactory.lambda$doGetBean$0(AbstractBeanFactory.java:339) ~[spring-beans-6.2.14.jar:6.2.14]
	at org.springframework.beans.factory.support.DefaultSingletonBeanRegistry.getSingleton(DefaultSingletonBeanRegistry.java:373) ~[spring-beans-6.2.14.jar:6.2.14]
	at org.springframework.beans.factory.support.AbstractBeanFactory.doGetBean(AbstractBeanFactory.java:337) ~[spring-beans-6.2.14.jar:6.2.14]
	at org.springframework.beans.factory.support.AbstractBeanFactory.getBean(AbstractBeanFactory.java:202) ~[spring-beans-6.2.14.jar:6.2.14]
	at org.springframework.beans.factory.support.DefaultListableBeanFactory.instantiateSingleton(DefaultListableBeanFactory.java:1228) ~[spring-beans-6.2.14.jar:6.2.14]
	at org.springframework.beans.factory.support.DefaultListableBeanFactory.preInstantiateSingleton(DefaultListableBeanFactory.java:1194) ~[spring-beans-6.2.14.jar:6.2.14]
	at org.springframework.beans.factory.support.DefaultListableBeanFactory.preInstantiateSingletons(DefaultListableBeanFactory.java:1130) ~[spring-beans-6.2.14.jar:6.2.14]
	at org.springframework.context.support.AbstractApplicationContext.finishBeanFactoryInitialization(AbstractApplicationContext.java:990) ~[spring-context-6.2.14.jar:6.2.14]
	at org.springframework.context.support.AbstractApplicationContext.refresh(AbstractApplicationContext.java:627) ~[spring-context-6.2.14.jar:6.2.14]
	at org.springframework.boot.web.servlet.context.ServletWebServerApplicationContext.refresh(ServletWebServerApplicationContext.java:146) ~[spring-boot-3.5.8.jar:3.5.8]
	at org.springframework.boot.SpringApplication.refresh(SpringApplication.java:752) ~[spring-boot-3.5.8.jar:3.5.8]
	at org.springframework.boot.SpringApplication.refreshContext(SpringApplication.java:439) ~[spring-boot-3.5.8.jar:3.5.8]
	at org.springframework.boot.SpringApplication.run(SpringApplication.java:318) ~[spring-boot-3.5.8.jar:3.5.8]
	at org.springframework.boot.SpringApplication.run(SpringApplication.java:1361) ~[spring-boot-3.5.8.jar:3.5.8]
	at org.springframework.boot.SpringApplication.run(SpringApplication.java:1350) ~[spring-boot-3.5.8.jar:3.5.8]
	at com.cardosofiles.nubank_challenge_server.NubankChallengeServerApplication.main(NubankChallengeServerApplication.java:14) ~[classes/:na]
	at java.base/jdk.internal.reflect.NativeMethodAccessorImpl.invoke0(Native Method) ~[na:na]
	at java.base/jdk.internal.reflect.NativeMethodAccessorImpl.invoke(NativeMethodAccessorImpl.java:77) ~[na:na]
	at java.base/jdk.internal.reflect.DelegatingMethodAccessorImpl.invoke(DelegatingMethodAccessorImpl.java:43) ~[na:na]
	at java.base/java.lang.reflect.Method.invoke(Method.java:569) ~[na:na]
	at org.springframework.boot.devtools.restart.RestartLauncher.run(RestartLauncher.java:50) ~[spring-boot-devtools-3.5.8.jar:3.5.8]
Caused by: org.springframework.beans.factory.BeanCreationException: Error creating bean with name 'clientsService': Lookup method resolution failed
	at org.springframework.beans.factory.annotation.AutowiredAnnotationBeanPostProcessor.checkLookupMethods(AutowiredAnnotationBeanPostProcessor.java:498) ~[spring-beans-6.2.14.jar:6.2.14]
	at org.springframework.beans.factory.annotation.AutowiredAnnotationBeanPostProcessor.determineCandidateConstructors(AutowiredAnnotationBeanPostProcessor.java:368) ~[spring-beans-6.2.14.jar:6.2.14]
	at org.springframework.beans.factory.support.AbstractAutowireCapableBeanFactory.determineConstructorsFromBeanPostProcessors(AbstractAutowireCapableBeanFactory.java:1334) ~[spring-beans-6.2.14.jar:6.2.14]
	at org.springframework.beans.factory.support.AbstractAutowireCapableBeanFactory.createBeanInstance(AbstractAutowireCapableBeanFactory.java:1229) ~[spring-beans-6.2.14.jar:6.2.14]
	at org.springframework.beans.factory.support.AbstractAutowireCapableBeanFactory.doCreateBean(AbstractAutowireCapableBeanFactory.java:569) ~[spring-beans-6.2.14.jar:6.2.14]
	at org.springframework.beans.factory.support.AbstractAutowireCapableBeanFactory.createBean(AbstractAutowireCapableBeanFactory.java:529) ~[spring-beans-6.2.14.jar:6.2.14]
	at org.springframework.beans.factory.support.AbstractBeanFactory.lambda$doGetBean$0(AbstractBeanFactory.java:339) ~[spring-beans-6.2.14.jar:6.2.14]
	at org.springframework.beans.factory.support.DefaultSingletonBeanRegistry.getSingleton(DefaultSingletonBeanRegistry.java:373) ~[spring-beans-6.2.14.jar:6.2.14]
	at org.springframework.beans.factory.support.AbstractBeanFactory.doGetBean(AbstractBeanFactory.java:337) ~[spring-beans-6.2.14.jar:6.2.14]
	at org.springframework.beans.factory.support.AbstractBeanFactory.getBean(AbstractBeanFactory.java:202) ~[spring-beans-6.2.14.jar:6.2.14]
	at org.springframework.beans.factory.support.DefaultListableBeanFactory.doResolveDependency(DefaultListableBeanFactory.java:1708) ~[spring-beans-6.2.14.jar:6.2.14]
	at org.springframework.beans.factory.support.DefaultListableBeanFactory.resolveDependency(DefaultListableBeanFactory.java:1653) ~[spring-beans-6.2.14.jar:6.2.14]
	at org.springframework.beans.factory.support.ConstructorResolver.resolveAutowiredArgument(ConstructorResolver.java:913) ~[spring-beans-6.2.14.jar:6.2.14]
	at org.springframework.beans.factory.support.ConstructorResolver.createArgumentArray(ConstructorResolver.java:791) ~[spring-beans-6.2.14.jar:6.2.14]
	... 26 common frames omitted
Caused by: java.lang.IllegalStateException: Failed to introspect Class [com.cardosofiles.nubank_challenge_server.services.ClientsService] from ClassLoader [org.springframework.boot.devtools.restart.classloader.RestartClassLoader@34a113e7]
	at org.springframework.util.ReflectionUtils.getDeclaredMethods(ReflectionUtils.java:483) ~[spring-core-6.2.14.jar:6.2.14]
	at org.springframework.util.ReflectionUtils.doWithLocalMethods(ReflectionUtils.java:320) ~[spring-core-6.2.14.jar:6.2.14]
	at org.springframework.beans.factory.annotation.AutowiredAnnotationBeanPostProcessor.checkLookupMethods(AutowiredAnnotationBeanPostProcessor.java:476) ~[spring-beans-6.2.14.jar:6.2.14]
	... 39 common frames omitted
Caused by: java.lang.NoClassDefFoundError: Client
	at java.base/java.lang.Class.getDeclaredMethods0(Native Method) ~[na:na]
	at java.base/java.lang.Class.privateGetDeclaredMethods(Class.java:3402) ~[na:na]
	at java.base/java.lang.Class.getDeclaredMethods(Class.java:2504) ~[na:na]
	at org.springframework.util.ReflectionUtils.getDeclaredMethods(ReflectionUtils.java:465) ~[spring-core-6.2.14.jar:6.2.14]
	... 41 common frames omitted
Caused by: java.lang.ClassNotFoundException: Client
	at java.base/jdk.internal.loader.BuiltinClassLoader.loadClass(BuiltinClassLoader.java:641) ~[na:na]
	at java.base/jdk.internal.loader.ClassLoaders$AppClassLoader.loadClass(ClassLoaders.java:188) ~[na:na]
	at java.base/java.lang.ClassLoader.loadClass(ClassLoader.java:525) ~[na:na]
	at java.base/java.lang.Class.forName0(Native Method) ~[na:na]
	at java.base/java.lang.Class.forName(Class.java:467) ~[na:na]
	at org.springframework.boot.devtools.restart.classloader.RestartClassLoader.loadClass(RestartClassLoader.java:121) ~[spring-boot-devtools-3.5.8.jar:3.5.8]
	at java.base/java.lang.ClassLoader.loadClass(ClassLoader.java:525) ~[na:na]
	... 45 common frames omitted

2025-11-20T20:52:00.438-03:00  INFO 5660 --- [nubank-challenge-server] [restartedMain] c.c.n.NubankChallengeServerApplication   : Starting NubankChallengeServerApplication using Java 17.0.14 with PID 5660 (/home/cardosofiles/www/java/development/nubank-challenge-server/target/classes started by cardosofiles in /home/cardosofiles/www/java/development/nubank-challenge-server)
2025-11-20T20:52:00.438-03:00  INFO 5660 --- [nubank-challenge-server] [restartedMain] c.c.n.NubankChallengeServerApplication   : The following 1 profile is active: "dev"
2025-11-20T20:52:00.541-03:00  INFO 5660 --- [nubank-challenge-server] [restartedMain] .s.d.r.c.RepositoryConfigurationDelegate : Bootstrapping Spring Data JPA repositories in DEFAULT mode.
2025-11-20T20:52:00.543-03:00  INFO 5660 --- [nubank-challenge-server] [restartedMain] .s.d.r.c.RepositoryConfigurationDelegate : Finished Spring Data repository scanning in 0 ms. Found 0 JPA repository interfaces.
2025-11-20T20:52:00.576-03:00  INFO 5660 --- [nubank-challenge-server] [restartedMain] o.s.b.w.embedded.tomcat.TomcatWebServer  : Tomcat initialized with port 8080 (http)
2025-11-20T20:52:00.577-03:00  INFO 5660 --- [nubank-challenge-server] [restartedMain] o.apache.catalina.core.StandardService   : Starting service [Tomcat]
2025-11-20T20:52:00.577-03:00  INFO 5660 --- [nubank-challenge-server] [restartedMain] o.apache.catalina.core.StandardEngine    : Starting Servlet engine: [Apache Tomcat/10.1.49]
2025-11-20T20:52:00.582-03:00  INFO 5660 --- [nubank-challenge-server] [restartedMain] o.a.c.c.C.[Tomcat-11].[localhost].[/]    : Initializing Spring embedded WebApplicationContext
2025-11-20T20:52:00.582-03:00  INFO 5660 --- [nubank-challenge-server] [restartedMain] w.s.c.ServletWebServerApplicationContext : Root WebApplicationContext: initialization completed in 143 ms
2025-11-20T20:52:00.612-03:00  INFO 5660 --- [nubank-challenge-server] [restartedMain] o.hibernate.jpa.internal.util.LogHelper  : HHH000204: Processing PersistenceUnitInfo [name: default]
2025-11-20T20:52:00.613-03:00  INFO 5660 --- [nubank-challenge-server] [restartedMain] o.h.c.internal.RegionFactoryInitiator    : HHH000026: Second-level cache disabled
2025-11-20T20:52:00.615-03:00  INFO 5660 --- [nubank-challenge-server] [restartedMain] o.s.o.j.p.SpringPersistenceUnitInfo      : No LoadTimeWeaver setup: ignoring JPA class transformer
2025-11-20T20:52:00.615-03:00  INFO 5660 --- [nubank-challenge-server] [restartedMain] com.zaxxer.hikari.HikariDataSource       : HikariPool-49 - Starting...
2025-11-20T20:52:00.628-03:00  INFO 5660 --- [nubank-challenge-server] [restartedMain] com.zaxxer.hikari.pool.HikariPool        : HikariPool-49 - Added connection org.postgresql.jdbc.PgConnection@b870a09
2025-11-20T20:52:00.628-03:00  INFO 5660 --- [nubank-challenge-server] [restartedMain] com.zaxxer.hikari.HikariDataSource       : HikariPool-49 - Start completed.
2025-11-20T20:52:00.630-03:00  WARN 5660 --- [nubank-challenge-server] [restartedMain] org.hibernate.orm.deprecation            : HHH90000025: PostgreSQLDialect does not need to be specified explicitly using 'hibernate.dialect' (remove the property setting and it will be selected by default)
2025-11-20T20:52:00.632-03:00  INFO 5660 --- [nubank-challenge-server] [restartedMain] org.hibernate.orm.connections.pooling    : HHH10001005: Database info:
	Database JDBC URL [Connecting through datasource 'HikariDataSource (HikariPool-49)']
	Database driver: undefined/unknown
	Database version: 15.15
	Autocommit mode: undefined/unknown
	Isolation level: undefined/unknown
	Minimum pool size: undefined/unknown
	Maximum pool size: undefined/unknown
2025-11-20T20:52:00.649-03:00  INFO 5660 --- [nubank-challenge-server] [restartedMain] o.h.e.t.j.p.i.JtaPlatformInitiator       : HHH000489: No JTA platform available (set 'hibernate.transaction.jta.platform' to enable JTA platform integration)
2025-11-20T20:52:00.649-03:00 DEBUG 5660 --- [nubank-challenge-server] [restartedMain] org.hibernate.SQL                        : 
    set client_min_messages = WARNING
2025-11-20T20:52:00.650-03:00 DEBUG 5660 --- [nubank-challenge-server] [restartedMain] org.hibernate.SQL                        : 
    alter table if exists contacts 
       drop constraint if exists FK94mnsowcdm8tow68ha3xudt48
2025-11-20T20:52:00.664-03:00 DEBUG 5660 --- [nubank-challenge-server] [restartedMain] org.hibernate.SQL                        : 
    drop table if exists clients cascade
2025-11-20T20:52:00.670-03:00 DEBUG 5660 --- [nubank-challenge-server] [restartedMain] org.hibernate.SQL                        : 
    drop table if exists contacts cascade
2025-11-20T20:52:00.676-03:00 DEBUG 5660 --- [nubank-challenge-server] [restartedMain] org.hibernate.SQL                        : 
    create table clients (
        id bigint generated by default as identity,
        name varchar(100) not null,
        primary key (id)
    )
2025-11-20T20:52:00.688-03:00 DEBUG 5660 --- [nubank-challenge-server] [restartedMain] org.hibernate.SQL                        : 
    create table contacts (
        client_id bigint not null,
        id bigint generated by default as identity,
        phone_number varchar(20),
        email varchar(100),
        primary key (id)
    )
2025-11-20T20:52:00.698-03:00 DEBUG 5660 --- [nubank-challenge-server] [restartedMain] org.hibernate.SQL                        : 
    alter table if exists contacts 
       add constraint FK94mnsowcdm8tow68ha3xudt48 
       foreign key (client_id) 
       references clients
2025-11-20T20:52:00.704-03:00  INFO 5660 --- [nubank-challenge-server] [restartedMain] j.LocalContainerEntityManagerFactoryBean : Initialized JPA EntityManagerFactory for persistence unit 'default'
2025-11-20T20:52:00.707-03:00  WARN 5660 --- [nubank-challenge-server] [restartedMain] ConfigServletWebServerApplicationContext : Exception encountered during context initialization - cancelling refresh attempt: org.springframework.beans.factory.UnsatisfiedDependencyException: Error creating bean with name 'clientsController' defined in file [/home/cardosofiles/www/java/development/nubank-challenge-server/target/classes/com/cardosofiles/nubank_challenge_server/controller/ClientsController.class]: Unsatisfied dependency expressed through constructor parameter 0: Error creating bean with name 'clientsService': Lookup method resolution failed
2025-11-20T20:52:00.708-03:00  INFO 5660 --- [nubank-challenge-server] [restartedMain] j.LocalContainerEntityManagerFactoryBean : Closing JPA EntityManagerFactory for persistence unit 'default'
2025-11-20T20:52:00.708-03:00  INFO 5660 --- [nubank-challenge-server] [restartedMain] com.zaxxer.hikari.HikariDataSource       : HikariPool-49 - Shutdown initiated...
2025-11-20T20:52:00.709-03:00  INFO 5660 --- [nubank-challenge-server] [restartedMain] com.zaxxer.hikari.HikariDataSource       : HikariPool-49 - Shutdown completed.
2025-11-20T20:52:00.709-03:00  INFO 5660 --- [nubank-challenge-server] [restartedMain] o.apache.catalina.core.StandardService   : Stopping service [Tomcat]
2025-11-20T20:52:00.716-03:00  INFO 5660 --- [nubank-challenge-server] [restartedMain] .s.b.a.l.ConditionEvaluationReportLogger : 

Error starting ApplicationContext. To display the condition evaluation report re-run your application with 'debug' enabled.
2025-11-20T20:52:00.717-03:00 ERROR 5660 --- [nubank-challenge-server] [restartedMain] o.s.boot.SpringApplication               : Application run failed

org.springframework.beans.factory.UnsatisfiedDependencyException: Error creating bean with name 'clientsController' defined in file [/home/cardosofiles/www/java/development/nubank-challenge-server/target/classes/com/cardosofiles/nubank_challenge_server/controller/ClientsController.class]: Unsatisfied dependency expressed through constructor parameter 0: Error creating bean with name 'clientsService': Lookup method resolution failed
	at org.springframework.beans.factory.support.ConstructorResolver.createArgumentArray(ConstructorResolver.java:804) ~[spring-beans-6.2.14.jar:6.2.14]
	at org.springframework.beans.factory.support.ConstructorResolver.autowireConstructor(ConstructorResolver.java:240) ~[spring-beans-6.2.14.jar:6.2.14]
	at org.springframework.beans.factory.support.AbstractAutowireCapableBeanFactory.autowireConstructor(AbstractAutowireCapableBeanFactory.java:1395) ~[spring-beans-6.2.14.jar:6.2.14]
	at org.springframework.beans.factory.support.AbstractAutowireCapableBeanFactory.createBeanInstance(AbstractAutowireCapableBeanFactory.java:1232) ~[spring-beans-6.2.14.jar:6.2.14]
	at org.springframework.beans.factory.support.AbstractAutowireCapableBeanFactory.doCreateBean(AbstractAutowireCapableBeanFactory.java:569) ~[spring-beans-6.2.14.jar:6.2.14]
	at org.springframework.beans.factory.support.AbstractAutowireCapableBeanFactory.createBean(AbstractAutowireCapableBeanFactory.java:529) ~[spring-beans-6.2.14.jar:6.2.14]
	at org.springframework.beans.factory.support.AbstractBeanFactory.lambda$doGetBean$0(AbstractBeanFactory.java:339) ~[spring-beans-6.2.14.jar:6.2.14]
	at org.springframework.beans.factory.support.DefaultSingletonBeanRegistry.getSingleton(DefaultSingletonBeanRegistry.java:373) ~[spring-beans-6.2.14.jar:6.2.14]
	at org.springframework.beans.factory.support.AbstractBeanFactory.doGetBean(AbstractBeanFactory.java:337) ~[spring-beans-6.2.14.jar:6.2.14]
	at org.springframework.beans.factory.support.AbstractBeanFactory.getBean(AbstractBeanFactory.java:202) ~[spring-beans-6.2.14.jar:6.2.14]
	at org.springframework.beans.factory.support.DefaultListableBeanFactory.instantiateSingleton(DefaultListableBeanFactory.java:1228) ~[spring-beans-6.2.14.jar:6.2.14]
	at org.springframework.beans.factory.support.DefaultListableBeanFactory.preInstantiateSingleton(DefaultListableBeanFactory.java:1194) ~[spring-beans-6.2.14.jar:6.2.14]
	at org.springframework.beans.factory.support.DefaultListableBeanFactory.preInstantiateSingletons(DefaultListableBeanFactory.java:1130) ~[spring-beans-6.2.14.jar:6.2.14]
	at org.springframework.context.support.AbstractApplicationContext.finishBeanFactoryInitialization(AbstractApplicationContext.java:990) ~[spring-context-6.2.14.jar:6.2.14]
	at org.springframework.context.support.AbstractApplicationContext.refresh(AbstractApplicationContext.java:627) ~[spring-context-6.2.14.jar:6.2.14]
	at org.springframework.boot.web.servlet.context.ServletWebServerApplicationContext.refresh(ServletWebServerApplicationContext.java:146) ~[spring-boot-3.5.8.jar:3.5.8]
	at org.springframework.boot.SpringApplication.refresh(SpringApplication.java:752) ~[spring-boot-3.5.8.jar:3.5.8]
	at org.springframework.boot.SpringApplication.refreshContext(SpringApplication.java:439) ~[spring-boot-3.5.8.jar:3.5.8]
	at org.springframework.boot.SpringApplication.run(SpringApplication.java:318) ~[spring-boot-3.5.8.jar:3.5.8]
	at org.springframework.boot.SpringApplication.run(SpringApplication.java:1361) ~[spring-boot-3.5.8.jar:3.5.8]
	at org.springframework.boot.SpringApplication.run(SpringApplication.java:1350) ~[spring-boot-3.5.8.jar:3.5.8]
	at com.cardosofiles.nubank_challenge_server.NubankChallengeServerApplication.main(NubankChallengeServerApplication.java:14) ~[classes/:na]
	at java.base/jdk.internal.reflect.NativeMethodAccessorImpl.invoke0(Native Method) ~[na:na]
	at java.base/jdk.internal.reflect.NativeMethodAccessorImpl.invoke(NativeMethodAccessorImpl.java:77) ~[na:na]
	at java.base/jdk.internal.reflect.DelegatingMethodAccessorImpl.invoke(DelegatingMethodAccessorImpl.java:43) ~[na:na]
	at java.base/java.lang.reflect.Method.invoke(Method.java:569) ~[na:na]
	at org.springframework.boot.devtools.restart.RestartLauncher.run(RestartLauncher.java:50) ~[spring-boot-devtools-3.5.8.jar:3.5.8]
Caused by: org.springframework.beans.factory.BeanCreationException: Error creating bean with name 'clientsService': Lookup method resolution failed
	at org.springframework.beans.factory.annotation.AutowiredAnnotationBeanPostProcessor.checkLookupMethods(AutowiredAnnotationBeanPostProcessor.java:498) ~[spring-beans-6.2.14.jar:6.2.14]
	at org.springframework.beans.factory.annotation.AutowiredAnnotationBeanPostProcessor.determineCandidateConstructors(AutowiredAnnotationBeanPostProcessor.java:368) ~[spring-beans-6.2.14.jar:6.2.14]
	at org.springframework.beans.factory.support.AbstractAutowireCapableBeanFactory.determineConstructorsFromBeanPostProcessors(AbstractAutowireCapableBeanFactory.java:1334) ~[spring-beans-6.2.14.jar:6.2.14]
	at org.springframework.beans.factory.support.AbstractAutowireCapableBeanFactory.createBeanInstance(AbstractAutowireCapableBeanFactory.java:1229) ~[spring-beans-6.2.14.jar:6.2.14]
	at org.springframework.beans.factory.support.AbstractAutowireCapableBeanFactory.doCreateBean(AbstractAutowireCapableBeanFactory.java:569) ~[spring-beans-6.2.14.jar:6.2.14]
	at org.springframework.beans.factory.support.AbstractAutowireCapableBeanFactory.createBean(AbstractAutowireCapableBeanFactory.java:529) ~[spring-beans-6.2.14.jar:6.2.14]
	at org.springframework.beans.factory.support.AbstractBeanFactory.lambda$doGetBean$0(AbstractBeanFactory.java:339) ~[spring-beans-6.2.14.jar:6.2.14]
	at org.springframework.beans.factory.support.DefaultSingletonBeanRegistry.getSingleton(DefaultSingletonBeanRegistry.java:373) ~[spring-beans-6.2.14.jar:6.2.14]
	at org.springframework.beans.factory.support.AbstractBeanFactory.doGetBean(AbstractBeanFactory.java:337) ~[spring-beans-6.2.14.jar:6.2.14]
	at org.springframework.beans.factory.support.AbstractBeanFactory.getBean(AbstractBeanFactory.java:202) ~[spring-beans-6.2.14.jar:6.2.14]
	at org.springframework.beans.factory.support.DefaultListableBeanFactory.doResolveDependency(DefaultListableBeanFactory.java:1708) ~[spring-beans-6.2.14.jar:6.2.14]
	at org.springframework.beans.factory.support.DefaultListableBeanFactory.resolveDependency(DefaultListableBeanFactory.java:1653) ~[spring-beans-6.2.14.jar:6.2.14]
	at org.springframework.beans.factory.support.ConstructorResolver.resolveAutowiredArgument(ConstructorResolver.java:913) ~[spring-beans-6.2.14.jar:6.2.14]
	at org.springframework.beans.factory.support.ConstructorResolver.createArgumentArray(ConstructorResolver.java:791) ~[spring-beans-6.2.14.jar:6.2.14]
	... 26 common frames omitted
Caused by: java.lang.IllegalStateException: Failed to introspect Class [com.cardosofiles.nubank_challenge_server.services.ClientsService] from ClassLoader [org.springframework.boot.devtools.restart.classloader.RestartClassLoader@44c35aca]
	at org.springframework.util.ReflectionUtils.getDeclaredMethods(ReflectionUtils.java:483) ~[spring-core-6.2.14.jar:6.2.14]
	at org.springframework.util.ReflectionUtils.doWithLocalMethods(ReflectionUtils.java:320) ~[spring-core-6.2.14.jar:6.2.14]
	at org.springframework.beans.factory.annotation.AutowiredAnnotationBeanPostProcessor.checkLookupMethods(AutowiredAnnotationBeanPostProcessor.java:476) ~[spring-beans-6.2.14.jar:6.2.14]
	... 39 common frames omitted
Caused by: java.lang.NoClassDefFoundError: Client
	at java.base/java.lang.Class.getDeclaredMethods0(Native Method) ~[na:na]
	at java.base/java.lang.Class.privateGetDeclaredMethods(Class.java:3402) ~[na:na]
	at java.base/java.lang.Class.getDeclaredMethods(Class.java:2504) ~[na:na]
	at org.springframework.util.ReflectionUtils.getDeclaredMethods(ReflectionUtils.java:465) ~[spring-core-6.2.14.jar:6.2.14]
	... 41 common frames omitted
Caused by: java.lang.ClassNotFoundException: Client
	at java.base/jdk.internal.loader.BuiltinClassLoader.loadClass(BuiltinClassLoader.java:641) ~[na:na]
	at java.base/jdk.internal.loader.ClassLoaders$AppClassLoader.loadClass(ClassLoaders.java:188) ~[na:na]
	at java.base/java.lang.ClassLoader.loadClass(ClassLoader.java:525) ~[na:na]
	at java.base/java.lang.Class.forName0(Native Method) ~[na:na]
	at java.base/java.lang.Class.forName(Class.java:467) ~[na:na]
	at org.springframework.boot.devtools.restart.classloader.RestartClassLoader.loadClass(RestartClassLoader.java:121) ~[spring-boot-devtools-3.5.8.jar:3.5.8]
	at java.base/java.lang.ClassLoader.loadClass(ClassLoader.java:525) ~[na:na]
	... 45 common frames omitted

2025-11-20T20:52:12.876-03:00  INFO 5660 --- [nubank-challenge-server] [restartedMain] c.c.n.NubankChallengeServerApplication   : Starting NubankChallengeServerApplication using Java 17.0.14 with PID 5660 (/home/cardosofiles/www/java/development/nubank-challenge-server/target/classes started by cardosofiles in /home/cardosofiles/www/java/development/nubank-challenge-server)
2025-11-20T20:52:12.876-03:00  INFO 5660 --- [nubank-challenge-server] [restartedMain] c.c.n.NubankChallengeServerApplication   : The following 1 profile is active: "dev"
2025-11-20T20:52:12.990-03:00  INFO 5660 --- [nubank-challenge-server] [restartedMain] .s.d.r.c.RepositoryConfigurationDelegate : Bootstrapping Spring Data JPA repositories in DEFAULT mode.
2025-11-20T20:52:12.991-03:00  INFO 5660 --- [nubank-challenge-server] [restartedMain] .s.d.r.c.RepositoryConfigurationDelegate : Finished Spring Data repository scanning in 0 ms. Found 0 JPA repository interfaces.
2025-11-20T20:52:13.049-03:00  INFO 5660 --- [nubank-challenge-server] [restartedMain] o.s.b.w.embedded.tomcat.TomcatWebServer  : Tomcat initialized with port 8080 (http)
2025-11-20T20:52:13.051-03:00  INFO 5660 --- [nubank-challenge-server] [restartedMain] o.apache.catalina.core.StandardService   : Starting service [Tomcat]
2025-11-20T20:52:13.051-03:00  INFO 5660 --- [nubank-challenge-server] [restartedMain] o.apache.catalina.core.StandardEngine    : Starting Servlet engine: [Apache Tomcat/10.1.49]
2025-11-20T20:52:13.060-03:00  INFO 5660 --- [nubank-challenge-server] [restartedMain] o.a.c.c.C.[Tomcat-12].[localhost].[/]    : Initializing Spring embedded WebApplicationContext
2025-11-20T20:52:13.060-03:00  INFO 5660 --- [nubank-challenge-server] [restartedMain] w.s.c.ServletWebServerApplicationContext : Root WebApplicationContext: initialization completed in 183 ms
2025-11-20T20:52:13.108-03:00  INFO 5660 --- [nubank-challenge-server] [restartedMain] o.hibernate.jpa.internal.util.LogHelper  : HHH000204: Processing PersistenceUnitInfo [name: default]
2025-11-20T20:52:13.109-03:00  INFO 5660 --- [nubank-challenge-server] [restartedMain] o.h.c.internal.RegionFactoryInitiator    : HHH000026: Second-level cache disabled
2025-11-20T20:52:13.113-03:00  INFO 5660 --- [nubank-challenge-server] [restartedMain] o.s.o.j.p.SpringPersistenceUnitInfo      : No LoadTimeWeaver setup: ignoring JPA class transformer
2025-11-20T20:52:13.114-03:00  INFO 5660 --- [nubank-challenge-server] [restartedMain] com.zaxxer.hikari.HikariDataSource       : HikariPool-50 - Starting...
2025-11-20T20:52:13.138-03:00  INFO 5660 --- [nubank-challenge-server] [restartedMain] com.zaxxer.hikari.pool.HikariPool        : HikariPool-50 - Added connection org.postgresql.jdbc.PgConnection@10c1b09f
2025-11-20T20:52:13.138-03:00  INFO 5660 --- [nubank-challenge-server] [restartedMain] com.zaxxer.hikari.HikariDataSource       : HikariPool-50 - Start completed.
2025-11-20T20:52:13.141-03:00  WARN 5660 --- [nubank-challenge-server] [restartedMain] org.hibernate.orm.deprecation            : HHH90000025: PostgreSQLDialect does not need to be specified explicitly using 'hibernate.dialect' (remove the property setting and it will be selected by default)
2025-11-20T20:52:13.143-03:00  INFO 5660 --- [nubank-challenge-server] [restartedMain] org.hibernate.orm.connections.pooling    : HHH10001005: Database info:
	Database JDBC URL [Connecting through datasource 'HikariDataSource (HikariPool-50)']
	Database driver: undefined/unknown
	Database version: 15.15
	Autocommit mode: undefined/unknown
	Isolation level: undefined/unknown
	Minimum pool size: undefined/unknown
	Maximum pool size: undefined/unknown
2025-11-20T20:52:13.165-03:00  INFO 5660 --- [nubank-challenge-server] [restartedMain] o.h.e.t.j.p.i.JtaPlatformInitiator       : HHH000489: No JTA platform available (set 'hibernate.transaction.jta.platform' to enable JTA platform integration)
2025-11-20T20:52:13.166-03:00 DEBUG 5660 --- [nubank-challenge-server] [restartedMain] org.hibernate.SQL                        : 
    set client_min_messages = WARNING
2025-11-20T20:52:13.167-03:00 DEBUG 5660 --- [nubank-challenge-server] [restartedMain] org.hibernate.SQL                        : 
    alter table if exists contacts 
       drop constraint if exists FK94mnsowcdm8tow68ha3xudt48
2025-11-20T20:52:13.177-03:00 DEBUG 5660 --- [nubank-challenge-server] [restartedMain] org.hibernate.SQL                        : 
    drop table if exists clients cascade
2025-11-20T20:52:13.187-03:00 DEBUG 5660 --- [nubank-challenge-server] [restartedMain] org.hibernate.SQL                        : 
    drop table if exists contacts cascade
2025-11-20T20:52:13.195-03:00 DEBUG 5660 --- [nubank-challenge-server] [restartedMain] org.hibernate.SQL                        : 
    create table clients (
        id bigint generated by default as identity,
        name varchar(100) not null,
        primary key (id)
    )
2025-11-20T20:52:13.208-03:00 DEBUG 5660 --- [nubank-challenge-server] [restartedMain] org.hibernate.SQL                        : 
    create table contacts (
        client_id bigint not null,
        id bigint generated by default as identity,
        phone_number varchar(20),
        email varchar(100),
        primary key (id)
    )
2025-11-20T20:52:13.226-03:00 DEBUG 5660 --- [nubank-challenge-server] [restartedMain] org.hibernate.SQL                        : 
    alter table if exists contacts 
       add constraint FK94mnsowcdm8tow68ha3xudt48 
       foreign key (client_id) 
       references clients
2025-11-20T20:52:13.234-03:00  INFO 5660 --- [nubank-challenge-server] [restartedMain] j.LocalContainerEntityManagerFactoryBean : Initialized JPA EntityManagerFactory for persistence unit 'default'
2025-11-20T20:52:13.240-03:00  WARN 5660 --- [nubank-challenge-server] [restartedMain] ConfigServletWebServerApplicationContext : Exception encountered during context initialization - cancelling refresh attempt: org.springframework.beans.factory.UnsatisfiedDependencyException: Error creating bean with name 'clientsController' defined in file [/home/cardosofiles/www/java/development/nubank-challenge-server/target/classes/com/cardosofiles/nubank_challenge_server/controller/ClientsController.class]: Unsatisfied dependency expressed through constructor parameter 0: Error creating bean with name 'clientsService': Lookup method resolution failed
2025-11-20T20:52:13.240-03:00  INFO 5660 --- [nubank-challenge-server] [restartedMain] j.LocalContainerEntityManagerFactoryBean : Closing JPA EntityManagerFactory for persistence unit 'default'
2025-11-20T20:52:13.240-03:00  INFO 5660 --- [nubank-challenge-server] [restartedMain] com.zaxxer.hikari.HikariDataSource       : HikariPool-50 - Shutdown initiated...
2025-11-20T20:52:13.288-03:00  INFO 5660 --- [nubank-challenge-server] [restartedMain] com.zaxxer.hikari.HikariDataSource       : HikariPool-50 - Shutdown completed.
2025-11-20T20:52:13.290-03:00  INFO 5660 --- [nubank-challenge-server] [restartedMain] o.apache.catalina.core.StandardService   : Stopping service [Tomcat]
2025-11-20T20:52:13.306-03:00  INFO 5660 --- [nubank-challenge-server] [restartedMain] .s.b.a.l.ConditionEvaluationReportLogger : 

Error starting ApplicationContext. To display the condition evaluation report re-run your application with 'debug' enabled.
2025-11-20T20:52:13.308-03:00 ERROR 5660 --- [nubank-challenge-server] [restartedMain] o.s.boot.SpringApplication               : Application run failed

org.springframework.beans.factory.UnsatisfiedDependencyException: Error creating bean with name 'clientsController' defined in file [/home/cardosofiles/www/java/development/nubank-challenge-server/target/classes/com/cardosofiles/nubank_challenge_server/controller/ClientsController.class]: Unsatisfied dependency expressed through constructor parameter 0: Error creating bean with name 'clientsService': Lookup method resolution failed
	at org.springframework.beans.factory.support.ConstructorResolver.createArgumentArray(ConstructorResolver.java:804) ~[spring-beans-6.2.14.jar:6.2.14]
	at org.springframework.beans.factory.support.ConstructorResolver.autowireConstructor(ConstructorResolver.java:240) ~[spring-beans-6.2.14.jar:6.2.14]
	at org.springframework.beans.factory.support.AbstractAutowireCapableBeanFactory.autowireConstructor(AbstractAutowireCapableBeanFactory.java:1395) ~[spring-beans-6.2.14.jar:6.2.14]
	at org.springframework.beans.factory.support.AbstractAutowireCapableBeanFactory.createBeanInstance(AbstractAutowireCapableBeanFactory.java:1232) ~[spring-beans-6.2.14.jar:6.2.14]
	at org.springframework.beans.factory.support.AbstractAutowireCapableBeanFactory.doCreateBean(AbstractAutowireCapableBeanFactory.java:569) ~[spring-beans-6.2.14.jar:6.2.14]
	at org.springframework.beans.factory.support.AbstractAutowireCapableBeanFactory.createBean(AbstractAutowireCapableBeanFactory.java:529) ~[spring-beans-6.2.14.jar:6.2.14]
	at org.springframework.beans.factory.support.AbstractBeanFactory.lambda$doGetBean$0(AbstractBeanFactory.java:339) ~[spring-beans-6.2.14.jar:6.2.14]
	at org.springframework.beans.factory.support.DefaultSingletonBeanRegistry.getSingleton(DefaultSingletonBeanRegistry.java:373) ~[spring-beans-6.2.14.jar:6.2.14]
	at org.springframework.beans.factory.support.AbstractBeanFactory.doGetBean(AbstractBeanFactory.java:337) ~[spring-beans-6.2.14.jar:6.2.14]
	at org.springframework.beans.factory.support.AbstractBeanFactory.getBean(AbstractBeanFactory.java:202) ~[spring-beans-6.2.14.jar:6.2.14]
	at org.springframework.beans.factory.support.DefaultListableBeanFactory.instantiateSingleton(DefaultListableBeanFactory.java:1228) ~[spring-beans-6.2.14.jar:6.2.14]
	at org.springframework.beans.factory.support.DefaultListableBeanFactory.preInstantiateSingleton(DefaultListableBeanFactory.java:1194) ~[spring-beans-6.2.14.jar:6.2.14]
	at org.springframework.beans.factory.support.DefaultListableBeanFactory.preInstantiateSingletons(DefaultListableBeanFactory.java:1130) ~[spring-beans-6.2.14.jar:6.2.14]
	at org.springframework.context.support.AbstractApplicationContext.finishBeanFactoryInitialization(AbstractApplicationContext.java:990) ~[spring-context-6.2.14.jar:6.2.14]
	at org.springframework.context.support.AbstractApplicationContext.refresh(AbstractApplicationContext.java:627) ~[spring-context-6.2.14.jar:6.2.14]
	at org.springframework.boot.web.servlet.context.ServletWebServerApplicationContext.refresh(ServletWebServerApplicationContext.java:146) ~[spring-boot-3.5.8.jar:3.5.8]
	at org.springframework.boot.SpringApplication.refresh(SpringApplication.java:752) ~[spring-boot-3.5.8.jar:3.5.8]
	at org.springframework.boot.SpringApplication.refreshContext(SpringApplication.java:439) ~[spring-boot-3.5.8.jar:3.5.8]
	at org.springframework.boot.SpringApplication.run(SpringApplication.java:318) ~[spring-boot-3.5.8.jar:3.5.8]
	at org.springframework.boot.SpringApplication.run(SpringApplication.java:1361) ~[spring-boot-3.5.8.jar:3.5.8]
	at org.springframework.boot.SpringApplication.run(SpringApplication.java:1350) ~[spring-boot-3.5.8.jar:3.5.8]
	at com.cardosofiles.nubank_challenge_server.NubankChallengeServerApplication.main(NubankChallengeServerApplication.java:14) ~[classes/:na]
	at java.base/jdk.internal.reflect.NativeMethodAccessorImpl.invoke0(Native Method) ~[na:na]
	at java.base/jdk.internal.reflect.NativeMethodAccessorImpl.invoke(NativeMethodAccessorImpl.java:77) ~[na:na]
	at java.base/jdk.internal.reflect.DelegatingMethodAccessorImpl.invoke(DelegatingMethodAccessorImpl.java:43) ~[na:na]
	at java.base/java.lang.reflect.Method.invoke(Method.java:569) ~[na:na]
	at org.springframework.boot.devtools.restart.RestartLauncher.run(RestartLauncher.java:50) ~[spring-boot-devtools-3.5.8.jar:3.5.8]
Caused by: org.springframework.beans.factory.BeanCreationException: Error creating bean with name 'clientsService': Lookup method resolution failed
	at org.springframework.beans.factory.annotation.AutowiredAnnotationBeanPostProcessor.checkLookupMethods(AutowiredAnnotationBeanPostProcessor.java:498) ~[spring-beans-6.2.14.jar:6.2.14]
	at org.springframework.beans.factory.annotation.AutowiredAnnotationBeanPostProcessor.determineCandidateConstructors(AutowiredAnnotationBeanPostProcessor.java:368) ~[spring-beans-6.2.14.jar:6.2.14]
	at org.springframework.beans.factory.support.AbstractAutowireCapableBeanFactory.determineConstructorsFromBeanPostProcessors(AbstractAutowireCapableBeanFactory.java:1334) ~[spring-beans-6.2.14.jar:6.2.14]
	at org.springframework.beans.factory.support.AbstractAutowireCapableBeanFactory.createBeanInstance(AbstractAutowireCapableBeanFactory.java:1229) ~[spring-beans-6.2.14.jar:6.2.14]
	at org.springframework.beans.factory.support.AbstractAutowireCapableBeanFactory.doCreateBean(AbstractAutowireCapableBeanFactory.java:569) ~[spring-beans-6.2.14.jar:6.2.14]
	at org.springframework.beans.factory.support.AbstractAutowireCapableBeanFactory.createBean(AbstractAutowireCapableBeanFactory.java:529) ~[spring-beans-6.2.14.jar:6.2.14]
	at org.springframework.beans.factory.support.AbstractBeanFactory.lambda$doGetBean$0(AbstractBeanFactory.java:339) ~[spring-beans-6.2.14.jar:6.2.14]
	at org.springframework.beans.factory.support.DefaultSingletonBeanRegistry.getSingleton(DefaultSingletonBeanRegistry.java:373) ~[spring-beans-6.2.14.jar:6.2.14]
	at org.springframework.beans.factory.support.AbstractBeanFactory.doGetBean(AbstractBeanFactory.java:337) ~[spring-beans-6.2.14.jar:6.2.14]
	at org.springframework.beans.factory.support.AbstractBeanFactory.getBean(AbstractBeanFactory.java:202) ~[spring-beans-6.2.14.jar:6.2.14]
	at org.springframework.beans.factory.support.DefaultListableBeanFactory.doResolveDependency(DefaultListableBeanFactory.java:1708) ~[spring-beans-6.2.14.jar:6.2.14]
	at org.springframework.beans.factory.support.DefaultListableBeanFactory.resolveDependency(DefaultListableBeanFactory.java:1653) ~[spring-beans-6.2.14.jar:6.2.14]
	at org.springframework.beans.factory.support.ConstructorResolver.resolveAutowiredArgument(ConstructorResolver.java:913) ~[spring-beans-6.2.14.jar:6.2.14]
	at org.springframework.beans.factory.support.ConstructorResolver.createArgumentArray(ConstructorResolver.java:791) ~[spring-beans-6.2.14.jar:6.2.14]
	... 26 common frames omitted
Caused by: java.lang.IllegalStateException: Failed to introspect Class [com.cardosofiles.nubank_challenge_server.services.ClientsService] from ClassLoader [org.springframework.boot.devtools.restart.classloader.RestartClassLoader@6694bc0]
	at org.springframework.util.ReflectionUtils.getDeclaredMethods(ReflectionUtils.java:483) ~[spring-core-6.2.14.jar:6.2.14]
	at org.springframework.util.ReflectionUtils.doWithLocalMethods(ReflectionUtils.java:320) ~[spring-core-6.2.14.jar:6.2.14]
	at org.springframework.beans.factory.annotation.AutowiredAnnotationBeanPostProcessor.checkLookupMethods(AutowiredAnnotationBeanPostProcessor.java:476) ~[spring-beans-6.2.14.jar:6.2.14]
	... 39 common frames omitted
Caused by: java.lang.NoClassDefFoundError: Client
	at java.base/java.lang.Class.getDeclaredMethods0(Native Method) ~[na:na]
	at java.base/java.lang.Class.privateGetDeclaredMethods(Class.java:3402) ~[na:na]
	at java.base/java.lang.Class.getDeclaredMethods(Class.java:2504) ~[na:na]
	at org.springframework.util.ReflectionUtils.getDeclaredMethods(ReflectionUtils.java:465) ~[spring-core-6.2.14.jar:6.2.14]
	... 41 common frames omitted
Caused by: java.lang.ClassNotFoundException: Client
	at java.base/jdk.internal.loader.BuiltinClassLoader.loadClass(BuiltinClassLoader.java:641) ~[na:na]
	at java.base/jdk.internal.loader.ClassLoaders$AppClassLoader.loadClass(ClassLoaders.java:188) ~[na:na]
	at java.base/java.lang.ClassLoader.loadClass(ClassLoader.java:525) ~[na:na]
	at java.base/java.lang.Class.forName0(Native Method) ~[na:na]
	at java.base/java.lang.Class.forName(Class.java:467) ~[na:na]
	at org.springframework.boot.devtools.restart.classloader.RestartClassLoader.loadClass(RestartClassLoader.java:121) ~[spring-boot-devtools-3.5.8.jar:3.5.8]
	at java.base/java.lang.ClassLoader.loadClass(ClassLoader.java:525) ~[na:na]
	... 45 common frames omitted

2025-11-20T20:52:25.737-03:00  INFO 5660 --- [nubank-challenge-server] [restartedMain] c.c.n.NubankChallengeServerApplication   : Starting NubankChallengeServerApplication using Java 17.0.14 with PID 5660 (/home/cardosofiles/www/java/development/nubank-challenge-server/target/classes started by cardosofiles in /home/cardosofiles/www/java/development/nubank-challenge-server)
2025-11-20T20:52:25.738-03:00  INFO 5660 --- [nubank-challenge-server] [restartedMain] c.c.n.NubankChallengeServerApplication   : The following 1 profile is active: "dev"
2025-11-20T20:52:25.835-03:00  INFO 5660 --- [nubank-challenge-server] [restartedMain] .s.d.r.c.RepositoryConfigurationDelegate : Bootstrapping Spring Data JPA repositories in DEFAULT mode.
2025-11-20T20:52:25.839-03:00  INFO 5660 --- [nubank-challenge-server] [restartedMain] .s.d.r.c.RepositoryConfigurationDelegate : Finished Spring Data repository scanning in 2 ms. Found 1 JPA repository interface.
2025-11-20T20:52:25.879-03:00  INFO 5660 --- [nubank-challenge-server] [restartedMain] o.s.b.w.embedded.tomcat.TomcatWebServer  : Tomcat initialized with port 8080 (http)
2025-11-20T20:52:25.880-03:00  INFO 5660 --- [nubank-challenge-server] [restartedMain] o.apache.catalina.core.StandardService   : Starting service [Tomcat]
2025-11-20T20:52:25.880-03:00  INFO 5660 --- [nubank-challenge-server] [restartedMain] o.apache.catalina.core.StandardEngine    : Starting Servlet engine: [Apache Tomcat/10.1.49]
2025-11-20T20:52:25.884-03:00  INFO 5660 --- [nubank-challenge-server] [restartedMain] o.a.c.c.C.[Tomcat-13].[localhost].[/]    : Initializing Spring embedded WebApplicationContext
2025-11-20T20:52:25.885-03:00  INFO 5660 --- [nubank-challenge-server] [restartedMain] w.s.c.ServletWebServerApplicationContext : Root WebApplicationContext: initialization completed in 146 ms
2025-11-20T20:52:25.915-03:00  INFO 5660 --- [nubank-challenge-server] [restartedMain] o.hibernate.jpa.internal.util.LogHelper  : HHH000204: Processing PersistenceUnitInfo [name: default]
2025-11-20T20:52:25.916-03:00  INFO 5660 --- [nubank-challenge-server] [restartedMain] o.h.c.internal.RegionFactoryInitiator    : HHH000026: Second-level cache disabled
2025-11-20T20:52:25.918-03:00  INFO 5660 --- [nubank-challenge-server] [restartedMain] o.s.o.j.p.SpringPersistenceUnitInfo      : No LoadTimeWeaver setup: ignoring JPA class transformer
2025-11-20T20:52:25.919-03:00  INFO 5660 --- [nubank-challenge-server] [restartedMain] com.zaxxer.hikari.HikariDataSource       : HikariPool-51 - Starting...
2025-11-20T20:52:25.932-03:00  INFO 5660 --- [nubank-challenge-server] [restartedMain] com.zaxxer.hikari.pool.HikariPool        : HikariPool-51 - Added connection org.postgresql.jdbc.PgConnection@6db2b0d7
2025-11-20T20:52:25.933-03:00  INFO 5660 --- [nubank-challenge-server] [restartedMain] com.zaxxer.hikari.HikariDataSource       : HikariPool-51 - Start completed.
2025-11-20T20:52:25.935-03:00  WARN 5660 --- [nubank-challenge-server] [restartedMain] org.hibernate.orm.deprecation            : HHH90000025: PostgreSQLDialect does not need to be specified explicitly using 'hibernate.dialect' (remove the property setting and it will be selected by default)
2025-11-20T20:52:25.938-03:00  INFO 5660 --- [nubank-challenge-server] [restartedMain] org.hibernate.orm.connections.pooling    : HHH10001005: Database info:
	Database JDBC URL [Connecting through datasource 'HikariDataSource (HikariPool-51)']
	Database driver: undefined/unknown
	Database version: 15.15
	Autocommit mode: undefined/unknown
	Isolation level: undefined/unknown
	Minimum pool size: undefined/unknown
	Maximum pool size: undefined/unknown
2025-11-20T20:52:25.957-03:00  INFO 5660 --- [nubank-challenge-server] [restartedMain] o.h.e.t.j.p.i.JtaPlatformInitiator       : HHH000489: No JTA platform available (set 'hibernate.transaction.jta.platform' to enable JTA platform integration)
2025-11-20T20:52:25.958-03:00 DEBUG 5660 --- [nubank-challenge-server] [restartedMain] org.hibernate.SQL                        : 
    set client_min_messages = WARNING
2025-11-20T20:52:25.959-03:00 DEBUG 5660 --- [nubank-challenge-server] [restartedMain] org.hibernate.SQL                        : 
    alter table if exists contacts 
       drop constraint if exists FK94mnsowcdm8tow68ha3xudt48
2025-11-20T20:52:25.973-03:00 DEBUG 5660 --- [nubank-challenge-server] [restartedMain] org.hibernate.SQL                        : 
    drop table if exists clients cascade
2025-11-20T20:52:25.978-03:00 DEBUG 5660 --- [nubank-challenge-server] [restartedMain] org.hibernate.SQL                        : 
    drop table if exists contacts cascade
2025-11-20T20:52:25.982-03:00 DEBUG 5660 --- [nubank-challenge-server] [restartedMain] org.hibernate.SQL                        : 
    create table clients (
        id bigint generated by default as identity,
        name varchar(100) not null,
        primary key (id)
    )
2025-11-20T20:52:25.993-03:00 DEBUG 5660 --- [nubank-challenge-server] [restartedMain] org.hibernate.SQL                        : 
    create table contacts (
        client_id bigint not null,
        id bigint generated by default as identity,
        phone_number varchar(20),
        email varchar(100),
        primary key (id)
    )
2025-11-20T20:52:26.002-03:00 DEBUG 5660 --- [nubank-challenge-server] [restartedMain] org.hibernate.SQL                        : 
    alter table if exists contacts 
       add constraint FK94mnsowcdm8tow68ha3xudt48 
       foreign key (client_id) 
       references clients
2025-11-20T20:52:26.007-03:00  INFO 5660 --- [nubank-challenge-server] [restartedMain] j.LocalContainerEntityManagerFactoryBean : Initialized JPA EntityManagerFactory for persistence unit 'default'
2025-11-20T20:52:26.011-03:00  WARN 5660 --- [nubank-challenge-server] [restartedMain] ConfigServletWebServerApplicationContext : Exception encountered during context initialization - cancelling refresh attempt: org.springframework.beans.factory.UnsatisfiedDependencyException: Error creating bean with name 'clientsController' defined in file [/home/cardosofiles/www/java/development/nubank-challenge-server/target/classes/com/cardosofiles/nubank_challenge_server/controller/ClientsController.class]: Unsatisfied dependency expressed through constructor parameter 0: Error creating bean with name 'clientsService': Lookup method resolution failed
2025-11-20T20:52:26.012-03:00  INFO 5660 --- [nubank-challenge-server] [restartedMain] j.LocalContainerEntityManagerFactoryBean : Closing JPA EntityManagerFactory for persistence unit 'default'
2025-11-20T20:52:26.012-03:00  INFO 5660 --- [nubank-challenge-server] [restartedMain] com.zaxxer.hikari.HikariDataSource       : HikariPool-51 - Shutdown initiated...
2025-11-20T20:52:26.014-03:00  INFO 5660 --- [nubank-challenge-server] [restartedMain] com.zaxxer.hikari.HikariDataSource       : HikariPool-51 - Shutdown completed.
2025-11-20T20:52:26.015-03:00  INFO 5660 --- [nubank-challenge-server] [restartedMain] o.apache.catalina.core.StandardService   : Stopping service [Tomcat]
2025-11-20T20:52:26.028-03:00  INFO 5660 --- [nubank-challenge-server] [restartedMain] .s.b.a.l.ConditionEvaluationReportLogger : 

Error starting ApplicationContext. To display the condition evaluation report re-run your application with 'debug' enabled.
2025-11-20T20:52:26.030-03:00 ERROR 5660 --- [nubank-challenge-server] [restartedMain] o.s.boot.SpringApplication               : Application run failed

org.springframework.beans.factory.UnsatisfiedDependencyException: Error creating bean with name 'clientsController' defined in file [/home/cardosofiles/www/java/development/nubank-challenge-server/target/classes/com/cardosofiles/nubank_challenge_server/controller/ClientsController.class]: Unsatisfied dependency expressed through constructor parameter 0: Error creating bean with name 'clientsService': Lookup method resolution failed
	at org.springframework.beans.factory.support.ConstructorResolver.createArgumentArray(ConstructorResolver.java:804) ~[spring-beans-6.2.14.jar:6.2.14]
	at org.springframework.beans.factory.support.ConstructorResolver.autowireConstructor(ConstructorResolver.java:240) ~[spring-beans-6.2.14.jar:6.2.14]
	at org.springframework.beans.factory.support.AbstractAutowireCapableBeanFactory.autowireConstructor(AbstractAutowireCapableBeanFactory.java:1395) ~[spring-beans-6.2.14.jar:6.2.14]
	at org.springframework.beans.factory.support.AbstractAutowireCapableBeanFactory.createBeanInstance(AbstractAutowireCapableBeanFactory.java:1232) ~[spring-beans-6.2.14.jar:6.2.14]
	at org.springframework.beans.factory.support.AbstractAutowireCapableBeanFactory.doCreateBean(AbstractAutowireCapableBeanFactory.java:569) ~[spring-beans-6.2.14.jar:6.2.14]
	at org.springframework.beans.factory.support.AbstractAutowireCapableBeanFactory.createBean(AbstractAutowireCapableBeanFactory.java:529) ~[spring-beans-6.2.14.jar:6.2.14]
	at org.springframework.beans.factory.support.AbstractBeanFactory.lambda$doGetBean$0(AbstractBeanFactory.java:339) ~[spring-beans-6.2.14.jar:6.2.14]
	at org.springframework.beans.factory.support.DefaultSingletonBeanRegistry.getSingleton(DefaultSingletonBeanRegistry.java:373) ~[spring-beans-6.2.14.jar:6.2.14]
	at org.springframework.beans.factory.support.AbstractBeanFactory.doGetBean(AbstractBeanFactory.java:337) ~[spring-beans-6.2.14.jar:6.2.14]
	at org.springframework.beans.factory.support.AbstractBeanFactory.getBean(AbstractBeanFactory.java:202) ~[spring-beans-6.2.14.jar:6.2.14]
	at org.springframework.beans.factory.support.DefaultListableBeanFactory.instantiateSingleton(DefaultListableBeanFactory.java:1228) ~[spring-beans-6.2.14.jar:6.2.14]
	at org.springframework.beans.factory.support.DefaultListableBeanFactory.preInstantiateSingleton(DefaultListableBeanFactory.java:1194) ~[spring-beans-6.2.14.jar:6.2.14]
	at org.springframework.beans.factory.support.DefaultListableBeanFactory.preInstantiateSingletons(DefaultListableBeanFactory.java:1130) ~[spring-beans-6.2.14.jar:6.2.14]
	at org.springframework.context.support.AbstractApplicationContext.finishBeanFactoryInitialization(AbstractApplicationContext.java:990) ~[spring-context-6.2.14.jar:6.2.14]
	at org.springframework.context.support.AbstractApplicationContext.refresh(AbstractApplicationContext.java:627) ~[spring-context-6.2.14.jar:6.2.14]
	at org.springframework.boot.web.servlet.context.ServletWebServerApplicationContext.refresh(ServletWebServerApplicationContext.java:146) ~[spring-boot-3.5.8.jar:3.5.8]
	at org.springframework.boot.SpringApplication.refresh(SpringApplication.java:752) ~[spring-boot-3.5.8.jar:3.5.8]
	at org.springframework.boot.SpringApplication.refreshContext(SpringApplication.java:439) ~[spring-boot-3.5.8.jar:3.5.8]
	at org.springframework.boot.SpringApplication.run(SpringApplication.java:318) ~[spring-boot-3.5.8.jar:3.5.8]
	at org.springframework.boot.SpringApplication.run(SpringApplication.java:1361) ~[spring-boot-3.5.8.jar:3.5.8]
	at org.springframework.boot.SpringApplication.run(SpringApplication.java:1350) ~[spring-boot-3.5.8.jar:3.5.8]
	at com.cardosofiles.nubank_challenge_server.NubankChallengeServerApplication.main(NubankChallengeServerApplication.java:14) ~[classes/:na]
	at java.base/jdk.internal.reflect.NativeMethodAccessorImpl.invoke0(Native Method) ~[na:na]
	at java.base/jdk.internal.reflect.NativeMethodAccessorImpl.invoke(NativeMethodAccessorImpl.java:77) ~[na:na]
	at java.base/jdk.internal.reflect.DelegatingMethodAccessorImpl.invoke(DelegatingMethodAccessorImpl.java:43) ~[na:na]
	at java.base/java.lang.reflect.Method.invoke(Method.java:569) ~[na:na]
	at org.springframework.boot.devtools.restart.RestartLauncher.run(RestartLauncher.java:50) ~[spring-boot-devtools-3.5.8.jar:3.5.8]
Caused by: org.springframework.beans.factory.BeanCreationException: Error creating bean with name 'clientsService': Lookup method resolution failed
	at org.springframework.beans.factory.annotation.AutowiredAnnotationBeanPostProcessor.checkLookupMethods(AutowiredAnnotationBeanPostProcessor.java:498) ~[spring-beans-6.2.14.jar:6.2.14]
	at org.springframework.beans.factory.annotation.AutowiredAnnotationBeanPostProcessor.determineCandidateConstructors(AutowiredAnnotationBeanPostProcessor.java:368) ~[spring-beans-6.2.14.jar:6.2.14]
	at org.springframework.beans.factory.support.AbstractAutowireCapableBeanFactory.determineConstructorsFromBeanPostProcessors(AbstractAutowireCapableBeanFactory.java:1334) ~[spring-beans-6.2.14.jar:6.2.14]
	at org.springframework.beans.factory.support.AbstractAutowireCapableBeanFactory.createBeanInstance(AbstractAutowireCapableBeanFactory.java:1229) ~[spring-beans-6.2.14.jar:6.2.14]
	at org.springframework.beans.factory.support.AbstractAutowireCapableBeanFactory.doCreateBean(AbstractAutowireCapableBeanFactory.java:569) ~[spring-beans-6.2.14.jar:6.2.14]
	at org.springframework.beans.factory.support.AbstractAutowireCapableBeanFactory.createBean(AbstractAutowireCapableBeanFactory.java:529) ~[spring-beans-6.2.14.jar:6.2.14]
	at org.springframework.beans.factory.support.AbstractBeanFactory.lambda$doGetBean$0(AbstractBeanFactory.java:339) ~[spring-beans-6.2.14.jar:6.2.14]
	at org.springframework.beans.factory.support.DefaultSingletonBeanRegistry.getSingleton(DefaultSingletonBeanRegistry.java:373) ~[spring-beans-6.2.14.jar:6.2.14]
	at org.springframework.beans.factory.support.AbstractBeanFactory.doGetBean(AbstractBeanFactory.java:337) ~[spring-beans-6.2.14.jar:6.2.14]
	at org.springframework.beans.factory.support.AbstractBeanFactory.getBean(AbstractBeanFactory.java:202) ~[spring-beans-6.2.14.jar:6.2.14]
	at org.springframework.beans.factory.support.DefaultListableBeanFactory.doResolveDependency(DefaultListableBeanFactory.java:1708) ~[spring-beans-6.2.14.jar:6.2.14]
	at org.springframework.beans.factory.support.DefaultListableBeanFactory.resolveDependency(DefaultListableBeanFactory.java:1653) ~[spring-beans-6.2.14.jar:6.2.14]
	at org.springframework.beans.factory.support.ConstructorResolver.resolveAutowiredArgument(ConstructorResolver.java:913) ~[spring-beans-6.2.14.jar:6.2.14]
	at org.springframework.beans.factory.support.ConstructorResolver.createArgumentArray(ConstructorResolver.java:791) ~[spring-beans-6.2.14.jar:6.2.14]
	... 26 common frames omitted
Caused by: java.lang.IllegalStateException: Failed to introspect Class [com.cardosofiles.nubank_challenge_server.services.ClientsService] from ClassLoader [org.springframework.boot.devtools.restart.classloader.RestartClassLoader@57b780c5]
	at org.springframework.util.ReflectionUtils.getDeclaredMethods(ReflectionUtils.java:483) ~[spring-core-6.2.14.jar:6.2.14]
	at org.springframework.util.ReflectionUtils.doWithLocalMethods(ReflectionUtils.java:320) ~[spring-core-6.2.14.jar:6.2.14]
	at org.springframework.beans.factory.annotation.AutowiredAnnotationBeanPostProcessor.checkLookupMethods(AutowiredAnnotationBeanPostProcessor.java:476) ~[spring-beans-6.2.14.jar:6.2.14]
	... 39 common frames omitted
Caused by: java.lang.NoClassDefFoundError: Client
	at java.base/java.lang.Class.getDeclaredMethods0(Native Method) ~[na:na]
	at java.base/java.lang.Class.privateGetDeclaredMethods(Class.java:3402) ~[na:na]
	at java.base/java.lang.Class.getDeclaredMethods(Class.java:2504) ~[na:na]
	at org.springframework.util.ReflectionUtils.getDeclaredMethods(ReflectionUtils.java:465) ~[spring-core-6.2.14.jar:6.2.14]
	... 41 common frames omitted
Caused by: java.lang.ClassNotFoundException: Client
	at java.base/jdk.internal.loader.BuiltinClassLoader.loadClass(BuiltinClassLoader.java:641) ~[na:na]
	at java.base/jdk.internal.loader.ClassLoaders$AppClassLoader.loadClass(ClassLoaders.java:188) ~[na:na]
	at java.base/java.lang.ClassLoader.loadClass(ClassLoader.java:525) ~[na:na]
	at java.base/java.lang.Class.forName0(Native Method) ~[na:na]
	at java.base/java.lang.Class.forName(Class.java:467) ~[na:na]
	at org.springframework.boot.devtools.restart.classloader.RestartClassLoader.loadClass(RestartClassLoader.java:121) ~[spring-boot-devtools-3.5.8.jar:3.5.8]
	at java.base/java.lang.ClassLoader.loadClass(ClassLoader.java:525) ~[na:na]
	... 45 common frames omitted

2025-11-20T20:52:31.451-03:00  INFO 5660 --- [nubank-challenge-server] [restartedMain] c.c.n.NubankChallengeServerApplication   : Starting NubankChallengeServerApplication using Java 17.0.14 with PID 5660 (/home/cardosofiles/www/java/development/nubank-challenge-server/target/classes started by cardosofiles in /home/cardosofiles/www/java/development/nubank-challenge-server)
2025-11-20T20:52:31.451-03:00  INFO 5660 --- [nubank-challenge-server] [restartedMain] c.c.n.NubankChallengeServerApplication   : The following 1 profile is active: "dev"
2025-11-20T20:52:31.549-03:00  INFO 5660 --- [nubank-challenge-server] [restartedMain] .s.d.r.c.RepositoryConfigurationDelegate : Bootstrapping Spring Data JPA repositories in DEFAULT mode.
2025-11-20T20:52:31.552-03:00  INFO 5660 --- [nubank-challenge-server] [restartedMain] .s.d.r.c.RepositoryConfigurationDelegate : Finished Spring Data repository scanning in 2 ms. Found 2 JPA repository interfaces.
2025-11-20T20:52:31.591-03:00  INFO 5660 --- [nubank-challenge-server] [restartedMain] o.s.b.w.embedded.tomcat.TomcatWebServer  : Tomcat initialized with port 8080 (http)
2025-11-20T20:52:31.592-03:00  INFO 5660 --- [nubank-challenge-server] [restartedMain] o.apache.catalina.core.StandardService   : Starting service [Tomcat]
2025-11-20T20:52:31.592-03:00  INFO 5660 --- [nubank-challenge-server] [restartedMain] o.apache.catalina.core.StandardEngine    : Starting Servlet engine: [Apache Tomcat/10.1.49]
2025-11-20T20:52:31.596-03:00  INFO 5660 --- [nubank-challenge-server] [restartedMain] o.a.c.c.C.[Tomcat-14].[localhost].[/]    : Initializing Spring embedded WebApplicationContext
2025-11-20T20:52:31.596-03:00  INFO 5660 --- [nubank-challenge-server] [restartedMain] w.s.c.ServletWebServerApplicationContext : Root WebApplicationContext: initialization completed in 144 ms
2025-11-20T20:52:31.629-03:00  INFO 5660 --- [nubank-challenge-server] [restartedMain] o.hibernate.jpa.internal.util.LogHelper  : HHH000204: Processing PersistenceUnitInfo [name: default]
2025-11-20T20:52:31.630-03:00  INFO 5660 --- [nubank-challenge-server] [restartedMain] o.h.c.internal.RegionFactoryInitiator    : HHH000026: Second-level cache disabled
2025-11-20T20:52:31.632-03:00  INFO 5660 --- [nubank-challenge-server] [restartedMain] o.s.o.j.p.SpringPersistenceUnitInfo      : No LoadTimeWeaver setup: ignoring JPA class transformer
2025-11-20T20:52:31.632-03:00  INFO 5660 --- [nubank-challenge-server] [restartedMain] com.zaxxer.hikari.HikariDataSource       : HikariPool-52 - Starting...
2025-11-20T20:52:31.650-03:00  INFO 5660 --- [nubank-challenge-server] [restartedMain] com.zaxxer.hikari.pool.HikariPool        : HikariPool-52 - Added connection org.postgresql.jdbc.PgConnection@61c70954
2025-11-20T20:52:31.650-03:00  INFO 5660 --- [nubank-challenge-server] [restartedMain] com.zaxxer.hikari.HikariDataSource       : HikariPool-52 - Start completed.
2025-11-20T20:52:31.652-03:00  WARN 5660 --- [nubank-challenge-server] [restartedMain] org.hibernate.orm.deprecation            : HHH90000025: PostgreSQLDialect does not need to be specified explicitly using 'hibernate.dialect' (remove the property setting and it will be selected by default)
2025-11-20T20:52:31.654-03:00  INFO 5660 --- [nubank-challenge-server] [restartedMain] org.hibernate.orm.connections.pooling    : HHH10001005: Database info:
	Database JDBC URL [Connecting through datasource 'HikariDataSource (HikariPool-52)']
	Database driver: undefined/unknown
	Database version: 15.15
	Autocommit mode: undefined/unknown
	Isolation level: undefined/unknown
	Minimum pool size: undefined/unknown
	Maximum pool size: undefined/unknown
2025-11-20T20:52:31.670-03:00  INFO 5660 --- [nubank-challenge-server] [restartedMain] o.h.e.t.j.p.i.JtaPlatformInitiator       : HHH000489: No JTA platform available (set 'hibernate.transaction.jta.platform' to enable JTA platform integration)
2025-11-20T20:52:31.670-03:00 DEBUG 5660 --- [nubank-challenge-server] [restartedMain] org.hibernate.SQL                        : 
    set client_min_messages = WARNING
2025-11-20T20:52:31.671-03:00 DEBUG 5660 --- [nubank-challenge-server] [restartedMain] org.hibernate.SQL                        : 
    alter table if exists contacts 
       drop constraint if exists FK94mnsowcdm8tow68ha3xudt48
2025-11-20T20:52:31.676-03:00 DEBUG 5660 --- [nubank-challenge-server] [restartedMain] org.hibernate.SQL                        : 
    drop table if exists clients cascade
2025-11-20T20:52:31.680-03:00 DEBUG 5660 --- [nubank-challenge-server] [restartedMain] org.hibernate.SQL                        : 
    drop table if exists contacts cascade
2025-11-20T20:52:31.684-03:00 DEBUG 5660 --- [nubank-challenge-server] [restartedMain] org.hibernate.SQL                        : 
    create table clients (
        id bigint generated by default as identity,
        name varchar(100) not null,
        primary key (id)
    )
2025-11-20T20:52:31.693-03:00 DEBUG 5660 --- [nubank-challenge-server] [restartedMain] org.hibernate.SQL                        : 
    create table contacts (
        client_id bigint not null,
        id bigint generated by default as identity,
        phone_number varchar(20),
        email varchar(100),
        primary key (id)
    )
2025-11-20T20:52:31.703-03:00 DEBUG 5660 --- [nubank-challenge-server] [restartedMain] org.hibernate.SQL                        : 
    alter table if exists contacts 
       add constraint FK94mnsowcdm8tow68ha3xudt48 
       foreign key (client_id) 
       references clients
2025-11-20T20:52:31.709-03:00  INFO 5660 --- [nubank-challenge-server] [restartedMain] j.LocalContainerEntityManagerFactoryBean : Initialized JPA EntityManagerFactory for persistence unit 'default'
2025-11-20T20:52:31.713-03:00  WARN 5660 --- [nubank-challenge-server] [restartedMain] ConfigServletWebServerApplicationContext : Exception encountered during context initialization - cancelling refresh attempt: org.springframework.beans.factory.UnsatisfiedDependencyException: Error creating bean with name 'clientsController' defined in file [/home/cardosofiles/www/java/development/nubank-challenge-server/target/classes/com/cardosofiles/nubank_challenge_server/controller/ClientsController.class]: Unsatisfied dependency expressed through constructor parameter 0: Error creating bean with name 'clientsService': Lookup method resolution failed
2025-11-20T20:52:31.713-03:00  INFO 5660 --- [nubank-challenge-server] [restartedMain] j.LocalContainerEntityManagerFactoryBean : Closing JPA EntityManagerFactory for persistence unit 'default'
2025-11-20T20:52:31.714-03:00  INFO 5660 --- [nubank-challenge-server] [restartedMain] com.zaxxer.hikari.HikariDataSource       : HikariPool-52 - Shutdown initiated...
2025-11-20T20:52:31.714-03:00  INFO 5660 --- [nubank-challenge-server] [restartedMain] com.zaxxer.hikari.HikariDataSource       : HikariPool-52 - Shutdown completed.
2025-11-20T20:52:31.715-03:00  INFO 5660 --- [nubank-challenge-server] [restartedMain] o.apache.catalina.core.StandardService   : Stopping service [Tomcat]
2025-11-20T20:52:31.722-03:00  INFO 5660 --- [nubank-challenge-server] [restartedMain] .s.b.a.l.ConditionEvaluationReportLogger : 

Error starting ApplicationContext. To display the condition evaluation report re-run your application with 'debug' enabled.
2025-11-20T20:52:31.723-03:00 ERROR 5660 --- [nubank-challenge-server] [restartedMain] o.s.boot.SpringApplication               : Application run failed

org.springframework.beans.factory.UnsatisfiedDependencyException: Error creating bean with name 'clientsController' defined in file [/home/cardosofiles/www/java/development/nubank-challenge-server/target/classes/com/cardosofiles/nubank_challenge_server/controller/ClientsController.class]: Unsatisfied dependency expressed through constructor parameter 0: Error creating bean with name 'clientsService': Lookup method resolution failed
	at org.springframework.beans.factory.support.ConstructorResolver.createArgumentArray(ConstructorResolver.java:804) ~[spring-beans-6.2.14.jar:6.2.14]
	at org.springframework.beans.factory.support.ConstructorResolver.autowireConstructor(ConstructorResolver.java:240) ~[spring-beans-6.2.14.jar:6.2.14]
	at org.springframework.beans.factory.support.AbstractAutowireCapableBeanFactory.autowireConstructor(AbstractAutowireCapableBeanFactory.java:1395) ~[spring-beans-6.2.14.jar:6.2.14]
	at org.springframework.beans.factory.support.AbstractAutowireCapableBeanFactory.createBeanInstance(AbstractAutowireCapableBeanFactory.java:1232) ~[spring-beans-6.2.14.jar:6.2.14]
	at org.springframework.beans.factory.support.AbstractAutowireCapableBeanFactory.doCreateBean(AbstractAutowireCapableBeanFactory.java:569) ~[spring-beans-6.2.14.jar:6.2.14]
	at org.springframework.beans.factory.support.AbstractAutowireCapableBeanFactory.createBean(AbstractAutowireCapableBeanFactory.java:529) ~[spring-beans-6.2.14.jar:6.2.14]
	at org.springframework.beans.factory.support.AbstractBeanFactory.lambda$doGetBean$0(AbstractBeanFactory.java:339) ~[spring-beans-6.2.14.jar:6.2.14]
	at org.springframework.beans.factory.support.DefaultSingletonBeanRegistry.getSingleton(DefaultSingletonBeanRegistry.java:373) ~[spring-beans-6.2.14.jar:6.2.14]
	at org.springframework.beans.factory.support.AbstractBeanFactory.doGetBean(AbstractBeanFactory.java:337) ~[spring-beans-6.2.14.jar:6.2.14]
	at org.springframework.beans.factory.support.AbstractBeanFactory.getBean(AbstractBeanFactory.java:202) ~[spring-beans-6.2.14.jar:6.2.14]
	at org.springframework.beans.factory.support.DefaultListableBeanFactory.instantiateSingleton(DefaultListableBeanFactory.java:1228) ~[spring-beans-6.2.14.jar:6.2.14]
	at org.springframework.beans.factory.support.DefaultListableBeanFactory.preInstantiateSingleton(DefaultListableBeanFactory.java:1194) ~[spring-beans-6.2.14.jar:6.2.14]
	at org.springframework.beans.factory.support.DefaultListableBeanFactory.preInstantiateSingletons(DefaultListableBeanFactory.java:1130) ~[spring-beans-6.2.14.jar:6.2.14]
	at org.springframework.context.support.AbstractApplicationContext.finishBeanFactoryInitialization(AbstractApplicationContext.java:990) ~[spring-context-6.2.14.jar:6.2.14]
	at org.springframework.context.support.AbstractApplicationContext.refresh(AbstractApplicationContext.java:627) ~[spring-context-6.2.14.jar:6.2.14]
	at org.springframework.boot.web.servlet.context.ServletWebServerApplicationContext.refresh(ServletWebServerApplicationContext.java:146) ~[spring-boot-3.5.8.jar:3.5.8]
	at org.springframework.boot.SpringApplication.refresh(SpringApplication.java:752) ~[spring-boot-3.5.8.jar:3.5.8]
	at org.springframework.boot.SpringApplication.refreshContext(SpringApplication.java:439) ~[spring-boot-3.5.8.jar:3.5.8]
	at org.springframework.boot.SpringApplication.run(SpringApplication.java:318) ~[spring-boot-3.5.8.jar:3.5.8]
	at org.springframework.boot.SpringApplication.run(SpringApplication.java:1361) ~[spring-boot-3.5.8.jar:3.5.8]
	at org.springframework.boot.SpringApplication.run(SpringApplication.java:1350) ~[spring-boot-3.5.8.jar:3.5.8]
	at com.cardosofiles.nubank_challenge_server.NubankChallengeServerApplication.main(NubankChallengeServerApplication.java:14) ~[classes/:na]
	at java.base/jdk.internal.reflect.NativeMethodAccessorImpl.invoke0(Native Method) ~[na:na]
	at java.base/jdk.internal.reflect.NativeMethodAccessorImpl.invoke(NativeMethodAccessorImpl.java:77) ~[na:na]
	at java.base/jdk.internal.reflect.DelegatingMethodAccessorImpl.invoke(DelegatingMethodAccessorImpl.java:43) ~[na:na]
	at java.base/java.lang.reflect.Method.invoke(Method.java:569) ~[na:na]
	at org.springframework.boot.devtools.restart.RestartLauncher.run(RestartLauncher.java:50) ~[spring-boot-devtools-3.5.8.jar:3.5.8]
Caused by: org.springframework.beans.factory.BeanCreationException: Error creating bean with name 'clientsService': Lookup method resolution failed
	at org.springframework.beans.factory.annotation.AutowiredAnnotationBeanPostProcessor.checkLookupMethods(AutowiredAnnotationBeanPostProcessor.java:498) ~[spring-beans-6.2.14.jar:6.2.14]
	at org.springframework.beans.factory.annotation.AutowiredAnnotationBeanPostProcessor.determineCandidateConstructors(AutowiredAnnotationBeanPostProcessor.java:368) ~[spring-beans-6.2.14.jar:6.2.14]
	at org.springframework.beans.factory.support.AbstractAutowireCapableBeanFactory.determineConstructorsFromBeanPostProcessors(AbstractAutowireCapableBeanFactory.java:1334) ~[spring-beans-6.2.14.jar:6.2.14]
	at org.springframework.beans.factory.support.AbstractAutowireCapableBeanFactory.createBeanInstance(AbstractAutowireCapableBeanFactory.java:1229) ~[spring-beans-6.2.14.jar:6.2.14]
	at org.springframework.beans.factory.support.AbstractAutowireCapableBeanFactory.doCreateBean(AbstractAutowireCapableBeanFactory.java:569) ~[spring-beans-6.2.14.jar:6.2.14]
	at org.springframework.beans.factory.support.AbstractAutowireCapableBeanFactory.createBean(AbstractAutowireCapableBeanFactory.java:529) ~[spring-beans-6.2.14.jar:6.2.14]
	at org.springframework.beans.factory.support.AbstractBeanFactory.lambda$doGetBean$0(AbstractBeanFactory.java:339) ~[spring-beans-6.2.14.jar:6.2.14]
	at org.springframework.beans.factory.support.DefaultSingletonBeanRegistry.getSingleton(DefaultSingletonBeanRegistry.java:373) ~[spring-beans-6.2.14.jar:6.2.14]
	at org.springframework.beans.factory.support.AbstractBeanFactory.doGetBean(AbstractBeanFactory.java:337) ~[spring-beans-6.2.14.jar:6.2.14]
	at org.springframework.beans.factory.support.AbstractBeanFactory.getBean(AbstractBeanFactory.java:202) ~[spring-beans-6.2.14.jar:6.2.14]
	at org.springframework.beans.factory.support.DefaultListableBeanFactory.doResolveDependency(DefaultListableBeanFactory.java:1708) ~[spring-beans-6.2.14.jar:6.2.14]
	at org.springframework.beans.factory.support.DefaultListableBeanFactory.resolveDependency(DefaultListableBeanFactory.java:1653) ~[spring-beans-6.2.14.jar:6.2.14]
	at org.springframework.beans.factory.support.ConstructorResolver.resolveAutowiredArgument(ConstructorResolver.java:913) ~[spring-beans-6.2.14.jar:6.2.14]
	at org.springframework.beans.factory.support.ConstructorResolver.createArgumentArray(ConstructorResolver.java:791) ~[spring-beans-6.2.14.jar:6.2.14]
	... 26 common frames omitted
Caused by: java.lang.IllegalStateException: Failed to introspect Class [com.cardosofiles.nubank_challenge_server.services.ClientsService] from ClassLoader [org.springframework.boot.devtools.restart.classloader.RestartClassLoader@6b359fff]
	at org.springframework.util.ReflectionUtils.getDeclaredMethods(ReflectionUtils.java:483) ~[spring-core-6.2.14.jar:6.2.14]
	at org.springframework.util.ReflectionUtils.doWithLocalMethods(ReflectionUtils.java:320) ~[spring-core-6.2.14.jar:6.2.14]
	at org.springframework.beans.factory.annotation.AutowiredAnnotationBeanPostProcessor.checkLookupMethods(AutowiredAnnotationBeanPostProcessor.java:476) ~[spring-beans-6.2.14.jar:6.2.14]
	... 39 common frames omitted
Caused by: java.lang.NoClassDefFoundError: Client
	at java.base/java.lang.Class.getDeclaredMethods0(Native Method) ~[na:na]
	at java.base/java.lang.Class.privateGetDeclaredMethods(Class.java:3402) ~[na:na]
	at java.base/java.lang.Class.getDeclaredMethods(Class.java:2504) ~[na:na]
	at org.springframework.util.ReflectionUtils.getDeclaredMethods(ReflectionUtils.java:465) ~[spring-core-6.2.14.jar:6.2.14]
	... 41 common frames omitted
Caused by: java.lang.ClassNotFoundException: Client
	at java.base/jdk.internal.loader.BuiltinClassLoader.loadClass(BuiltinClassLoader.java:641) ~[na:na]
	at java.base/jdk.internal.loader.ClassLoaders$AppClassLoader.loadClass(ClassLoaders.java:188) ~[na:na]
	at java.base/java.lang.ClassLoader.loadClass(ClassLoader.java:525) ~[na:na]
	at java.base/java.lang.Class.forName0(Native Method) ~[na:na]
	at java.base/java.lang.Class.forName(Class.java:467) ~[na:na]
	at org.springframework.boot.devtools.restart.classloader.RestartClassLoader.loadClass(RestartClassLoader.java:121) ~[spring-boot-devtools-3.5.8.jar:3.5.8]
	at java.base/java.lang.ClassLoader.loadClass(ClassLoader.java:525) ~[na:na]
	... 45 common frames omitted

2025-11-20T20:52:42.880-03:00  INFO 5660 --- [nubank-challenge-server] [restartedMain] c.c.n.NubankChallengeServerApplication   : Starting NubankChallengeServerApplication using Java 17.0.14 with PID 5660 (/home/cardosofiles/www/java/development/nubank-challenge-server/target/classes started by cardosofiles in /home/cardosofiles/www/java/development/nubank-challenge-server)
2025-11-20T20:52:42.880-03:00  INFO 5660 --- [nubank-challenge-server] [restartedMain] c.c.n.NubankChallengeServerApplication   : The following 1 profile is active: "dev"
2025-11-20T20:52:43.034-03:00  INFO 5660 --- [nubank-challenge-server] [restartedMain] .s.d.r.c.RepositoryConfigurationDelegate : Bootstrapping Spring Data JPA repositories in DEFAULT mode.
2025-11-20T20:52:43.037-03:00  INFO 5660 --- [nubank-challenge-server] [restartedMain] .s.d.r.c.RepositoryConfigurationDelegate : Finished Spring Data repository scanning in 3 ms. Found 2 JPA repository interfaces.
2025-11-20T20:52:43.079-03:00  INFO 5660 --- [nubank-challenge-server] [restartedMain] o.s.b.w.embedded.tomcat.TomcatWebServer  : Tomcat initialized with port 8080 (http)
2025-11-20T20:52:43.079-03:00  INFO 5660 --- [nubank-challenge-server] [restartedMain] o.apache.catalina.core.StandardService   : Starting service [Tomcat]
2025-11-20T20:52:43.080-03:00  INFO 5660 --- [nubank-challenge-server] [restartedMain] o.apache.catalina.core.StandardEngine    : Starting Servlet engine: [Apache Tomcat/10.1.49]
2025-11-20T20:52:43.084-03:00  INFO 5660 --- [nubank-challenge-server] [restartedMain] o.a.c.c.C.[Tomcat-15].[localhost].[/]    : Initializing Spring embedded WebApplicationContext
2025-11-20T20:52:43.084-03:00  INFO 5660 --- [nubank-challenge-server] [restartedMain] w.s.c.ServletWebServerApplicationContext : Root WebApplicationContext: initialization completed in 203 ms
2025-11-20T20:52:43.117-03:00  INFO 5660 --- [nubank-challenge-server] [restartedMain] o.hibernate.jpa.internal.util.LogHelper  : HHH000204: Processing PersistenceUnitInfo [name: default]
2025-11-20T20:52:43.119-03:00  INFO 5660 --- [nubank-challenge-server] [restartedMain] o.h.c.internal.RegionFactoryInitiator    : HHH000026: Second-level cache disabled
2025-11-20T20:52:43.121-03:00  INFO 5660 --- [nubank-challenge-server] [restartedMain] o.s.o.j.p.SpringPersistenceUnitInfo      : No LoadTimeWeaver setup: ignoring JPA class transformer
2025-11-20T20:52:43.122-03:00  INFO 5660 --- [nubank-challenge-server] [restartedMain] com.zaxxer.hikari.HikariDataSource       : HikariPool-53 - Starting...
2025-11-20T20:52:43.135-03:00  INFO 5660 --- [nubank-challenge-server] [restartedMain] com.zaxxer.hikari.pool.HikariPool        : HikariPool-53 - Added connection org.postgresql.jdbc.PgConnection@62077d61
2025-11-20T20:52:43.135-03:00  INFO 5660 --- [nubank-challenge-server] [restartedMain] com.zaxxer.hikari.HikariDataSource       : HikariPool-53 - Start completed.
2025-11-20T20:52:43.137-03:00  WARN 5660 --- [nubank-challenge-server] [restartedMain] org.hibernate.orm.deprecation            : HHH90000025: PostgreSQLDialect does not need to be specified explicitly using 'hibernate.dialect' (remove the property setting and it will be selected by default)
2025-11-20T20:52:43.138-03:00  INFO 5660 --- [nubank-challenge-server] [restartedMain] org.hibernate.orm.connections.pooling    : HHH10001005: Database info:
	Database JDBC URL [Connecting through datasource 'HikariDataSource (HikariPool-53)']
	Database driver: undefined/unknown
	Database version: 15.15
	Autocommit mode: undefined/unknown
	Isolation level: undefined/unknown
	Minimum pool size: undefined/unknown
	Maximum pool size: undefined/unknown
2025-11-20T20:52:43.154-03:00  INFO 5660 --- [nubank-challenge-server] [restartedMain] o.h.e.t.j.p.i.JtaPlatformInitiator       : HHH000489: No JTA platform available (set 'hibernate.transaction.jta.platform' to enable JTA platform integration)
2025-11-20T20:52:43.154-03:00 DEBUG 5660 --- [nubank-challenge-server] [restartedMain] org.hibernate.SQL                        : 
    set client_min_messages = WARNING
2025-11-20T20:52:43.155-03:00 DEBUG 5660 --- [nubank-challenge-server] [restartedMain] org.hibernate.SQL                        : 
    alter table if exists contacts 
       drop constraint if exists FK94mnsowcdm8tow68ha3xudt48
2025-11-20T20:52:43.171-03:00 DEBUG 5660 --- [nubank-challenge-server] [restartedMain] org.hibernate.SQL                        : 
    drop table if exists clients cascade
2025-11-20T20:52:43.177-03:00 DEBUG 5660 --- [nubank-challenge-server] [restartedMain] org.hibernate.SQL                        : 
    drop table if exists contacts cascade
2025-11-20T20:52:43.183-03:00 DEBUG 5660 --- [nubank-challenge-server] [restartedMain] org.hibernate.SQL                        : 
    create table clients (
        id bigint generated by default as identity,
        name varchar(100) not null,
        primary key (id)
    )
2025-11-20T20:52:43.197-03:00 DEBUG 5660 --- [nubank-challenge-server] [restartedMain] org.hibernate.SQL                        : 
    create table contacts (
        client_id bigint not null,
        id bigint generated by default as identity,
        phone_number varchar(20),
        email varchar(100),
        primary key (id)
    )
2025-11-20T20:52:43.208-03:00 DEBUG 5660 --- [nubank-challenge-server] [restartedMain] org.hibernate.SQL                        : 
    alter table if exists contacts 
       add constraint FK94mnsowcdm8tow68ha3xudt48 
       foreign key (client_id) 
       references clients
2025-11-20T20:52:43.214-03:00  INFO 5660 --- [nubank-challenge-server] [restartedMain] j.LocalContainerEntityManagerFactoryBean : Initialized JPA EntityManagerFactory for persistence unit 'default'
2025-11-20T20:52:43.219-03:00  WARN 5660 --- [nubank-challenge-server] [restartedMain] ConfigServletWebServerApplicationContext : Exception encountered during context initialization - cancelling refresh attempt: org.springframework.beans.factory.UnsatisfiedDependencyException: Error creating bean with name 'clientsController' defined in file [/home/cardosofiles/www/java/development/nubank-challenge-server/target/classes/com/cardosofiles/nubank_challenge_server/controller/ClientsController.class]: Unsatisfied dependency expressed through constructor parameter 0: Error creating bean with name 'clientsService': Lookup method resolution failed
2025-11-20T20:52:43.220-03:00  INFO 5660 --- [nubank-challenge-server] [restartedMain] j.LocalContainerEntityManagerFactoryBean : Closing JPA EntityManagerFactory for persistence unit 'default'
2025-11-20T20:52:43.220-03:00  INFO 5660 --- [nubank-challenge-server] [restartedMain] com.zaxxer.hikari.HikariDataSource       : HikariPool-53 - Shutdown initiated...
2025-11-20T20:52:43.221-03:00  INFO 5660 --- [nubank-challenge-server] [restartedMain] com.zaxxer.hikari.HikariDataSource       : HikariPool-53 - Shutdown completed.
2025-11-20T20:52:43.221-03:00  INFO 5660 --- [nubank-challenge-server] [restartedMain] o.apache.catalina.core.StandardService   : Stopping service [Tomcat]
2025-11-20T20:52:43.228-03:00  INFO 5660 --- [nubank-challenge-server] [restartedMain] .s.b.a.l.ConditionEvaluationReportLogger : 

Error starting ApplicationContext. To display the condition evaluation report re-run your application with 'debug' enabled.
2025-11-20T20:52:43.230-03:00 ERROR 5660 --- [nubank-challenge-server] [restartedMain] o.s.boot.SpringApplication               : Application run failed

org.springframework.beans.factory.UnsatisfiedDependencyException: Error creating bean with name 'clientsController' defined in file [/home/cardosofiles/www/java/development/nubank-challenge-server/target/classes/com/cardosofiles/nubank_challenge_server/controller/ClientsController.class]: Unsatisfied dependency expressed through constructor parameter 0: Error creating bean with name 'clientsService': Lookup method resolution failed
	at org.springframework.beans.factory.support.ConstructorResolver.createArgumentArray(ConstructorResolver.java:804) ~[spring-beans-6.2.14.jar:6.2.14]
	at org.springframework.beans.factory.support.ConstructorResolver.autowireConstructor(ConstructorResolver.java:240) ~[spring-beans-6.2.14.jar:6.2.14]
	at org.springframework.beans.factory.support.AbstractAutowireCapableBeanFactory.autowireConstructor(AbstractAutowireCapableBeanFactory.java:1395) ~[spring-beans-6.2.14.jar:6.2.14]
	at org.springframework.beans.factory.support.AbstractAutowireCapableBeanFactory.createBeanInstance(AbstractAutowireCapableBeanFactory.java:1232) ~[spring-beans-6.2.14.jar:6.2.14]
	at org.springframework.beans.factory.support.AbstractAutowireCapableBeanFactory.doCreateBean(AbstractAutowireCapableBeanFactory.java:569) ~[spring-beans-6.2.14.jar:6.2.14]
	at org.springframework.beans.factory.support.AbstractAutowireCapableBeanFactory.createBean(AbstractAutowireCapableBeanFactory.java:529) ~[spring-beans-6.2.14.jar:6.2.14]
	at org.springframework.beans.factory.support.AbstractBeanFactory.lambda$doGetBean$0(AbstractBeanFactory.java:339) ~[spring-beans-6.2.14.jar:6.2.14]
	at org.springframework.beans.factory.support.DefaultSingletonBeanRegistry.getSingleton(DefaultSingletonBeanRegistry.java:373) ~[spring-beans-6.2.14.jar:6.2.14]
	at org.springframework.beans.factory.support.AbstractBeanFactory.doGetBean(AbstractBeanFactory.java:337) ~[spring-beans-6.2.14.jar:6.2.14]
	at org.springframework.beans.factory.support.AbstractBeanFactory.getBean(AbstractBeanFactory.java:202) ~[spring-beans-6.2.14.jar:6.2.14]
	at org.springframework.beans.factory.support.DefaultListableBeanFactory.instantiateSingleton(DefaultListableBeanFactory.java:1228) ~[spring-beans-6.2.14.jar:6.2.14]
	at org.springframework.beans.factory.support.DefaultListableBeanFactory.preInstantiateSingleton(DefaultListableBeanFactory.java:1194) ~[spring-beans-6.2.14.jar:6.2.14]
	at org.springframework.beans.factory.support.DefaultListableBeanFactory.preInstantiateSingletons(DefaultListableBeanFactory.java:1130) ~[spring-beans-6.2.14.jar:6.2.14]
	at org.springframework.context.support.AbstractApplicationContext.finishBeanFactoryInitialization(AbstractApplicationContext.java:990) ~[spring-context-6.2.14.jar:6.2.14]
	at org.springframework.context.support.AbstractApplicationContext.refresh(AbstractApplicationContext.java:627) ~[spring-context-6.2.14.jar:6.2.14]
	at org.springframework.boot.web.servlet.context.ServletWebServerApplicationContext.refresh(ServletWebServerApplicationContext.java:146) ~[spring-boot-3.5.8.jar:3.5.8]
	at org.springframework.boot.SpringApplication.refresh(SpringApplication.java:752) ~[spring-boot-3.5.8.jar:3.5.8]
	at org.springframework.boot.SpringApplication.refreshContext(SpringApplication.java:439) ~[spring-boot-3.5.8.jar:3.5.8]
	at org.springframework.boot.SpringApplication.run(SpringApplication.java:318) ~[spring-boot-3.5.8.jar:3.5.8]
	at org.springframework.boot.SpringApplication.run(SpringApplication.java:1361) ~[spring-boot-3.5.8.jar:3.5.8]
	at org.springframework.boot.SpringApplication.run(SpringApplication.java:1350) ~[spring-boot-3.5.8.jar:3.5.8]
	at com.cardosofiles.nubank_challenge_server.NubankChallengeServerApplication.main(NubankChallengeServerApplication.java:14) ~[classes/:na]
	at java.base/jdk.internal.reflect.NativeMethodAccessorImpl.invoke0(Native Method) ~[na:na]
	at java.base/jdk.internal.reflect.NativeMethodAccessorImpl.invoke(NativeMethodAccessorImpl.java:77) ~[na:na]
	at java.base/jdk.internal.reflect.DelegatingMethodAccessorImpl.invoke(DelegatingMethodAccessorImpl.java:43) ~[na:na]
	at java.base/java.lang.reflect.Method.invoke(Method.java:569) ~[na:na]
	at org.springframework.boot.devtools.restart.RestartLauncher.run(RestartLauncher.java:50) ~[spring-boot-devtools-3.5.8.jar:3.5.8]
Caused by: org.springframework.beans.factory.BeanCreationException: Error creating bean with name 'clientsService': Lookup method resolution failed
	at org.springframework.beans.factory.annotation.AutowiredAnnotationBeanPostProcessor.checkLookupMethods(AutowiredAnnotationBeanPostProcessor.java:498) ~[spring-beans-6.2.14.jar:6.2.14]
	at org.springframework.beans.factory.annotation.AutowiredAnnotationBeanPostProcessor.determineCandidateConstructors(AutowiredAnnotationBeanPostProcessor.java:368) ~[spring-beans-6.2.14.jar:6.2.14]
	at org.springframework.beans.factory.support.AbstractAutowireCapableBeanFactory.determineConstructorsFromBeanPostProcessors(AbstractAutowireCapableBeanFactory.java:1334) ~[spring-beans-6.2.14.jar:6.2.14]
	at org.springframework.beans.factory.support.AbstractAutowireCapableBeanFactory.createBeanInstance(AbstractAutowireCapableBeanFactory.java:1229) ~[spring-beans-6.2.14.jar:6.2.14]
	at org.springframework.beans.factory.support.AbstractAutowireCapableBeanFactory.doCreateBean(AbstractAutowireCapableBeanFactory.java:569) ~[spring-beans-6.2.14.jar:6.2.14]
	at org.springframework.beans.factory.support.AbstractAutowireCapableBeanFactory.createBean(AbstractAutowireCapableBeanFactory.java:529) ~[spring-beans-6.2.14.jar:6.2.14]
	at org.springframework.beans.factory.support.AbstractBeanFactory.lambda$doGetBean$0(AbstractBeanFactory.java:339) ~[spring-beans-6.2.14.jar:6.2.14]
	at org.springframework.beans.factory.support.DefaultSingletonBeanRegistry.getSingleton(DefaultSingletonBeanRegistry.java:373) ~[spring-beans-6.2.14.jar:6.2.14]
	at org.springframework.beans.factory.support.AbstractBeanFactory.doGetBean(AbstractBeanFactory.java:337) ~[spring-beans-6.2.14.jar:6.2.14]
	at org.springframework.beans.factory.support.AbstractBeanFactory.getBean(AbstractBeanFactory.java:202) ~[spring-beans-6.2.14.jar:6.2.14]
	at org.springframework.beans.factory.support.DefaultListableBeanFactory.doResolveDependency(DefaultListableBeanFactory.java:1708) ~[spring-beans-6.2.14.jar:6.2.14]
	at org.springframework.beans.factory.support.DefaultListableBeanFactory.resolveDependency(DefaultListableBeanFactory.java:1653) ~[spring-beans-6.2.14.jar:6.2.14]
	at org.springframework.beans.factory.support.ConstructorResolver.resolveAutowiredArgument(ConstructorResolver.java:913) ~[spring-beans-6.2.14.jar:6.2.14]
	at org.springframework.beans.factory.support.ConstructorResolver.createArgumentArray(ConstructorResolver.java:791) ~[spring-beans-6.2.14.jar:6.2.14]
	... 26 common frames omitted
Caused by: java.lang.IllegalStateException: Failed to introspect Class [com.cardosofiles.nubank_challenge_server.services.ClientsService] from ClassLoader [org.springframework.boot.devtools.restart.classloader.RestartClassLoader@357e9d59]
	at org.springframework.util.ReflectionUtils.getDeclaredMethods(ReflectionUtils.java:483) ~[spring-core-6.2.14.jar:6.2.14]
	at org.springframework.util.ReflectionUtils.doWithLocalMethods(ReflectionUtils.java:320) ~[spring-core-6.2.14.jar:6.2.14]
	at org.springframework.beans.factory.annotation.AutowiredAnnotationBeanPostProcessor.checkLookupMethods(AutowiredAnnotationBeanPostProcessor.java:476) ~[spring-beans-6.2.14.jar:6.2.14]
	... 39 common frames omitted
Caused by: java.lang.NoClassDefFoundError: Client
	at java.base/java.lang.Class.getDeclaredMethods0(Native Method) ~[na:na]
	at java.base/java.lang.Class.privateGetDeclaredMethods(Class.java:3402) ~[na:na]
	at java.base/java.lang.Class.getDeclaredMethods(Class.java:2504) ~[na:na]
	at org.springframework.util.ReflectionUtils.getDeclaredMethods(ReflectionUtils.java:465) ~[spring-core-6.2.14.jar:6.2.14]
	... 41 common frames omitted
Caused by: java.lang.ClassNotFoundException: Client
	at java.base/jdk.internal.loader.BuiltinClassLoader.loadClass(BuiltinClassLoader.java:641) ~[na:na]
	at java.base/jdk.internal.loader.ClassLoaders$AppClassLoader.loadClass(ClassLoaders.java:188) ~[na:na]
	at java.base/java.lang.ClassLoader.loadClass(ClassLoader.java:525) ~[na:na]
	at java.base/java.lang.Class.forName0(Native Method) ~[na:na]
	at java.base/java.lang.Class.forName(Class.java:467) ~[na:na]
	at org.springframework.boot.devtools.restart.classloader.RestartClassLoader.loadClass(RestartClassLoader.java:121) ~[spring-boot-devtools-3.5.8.jar:3.5.8]
	at java.base/java.lang.ClassLoader.loadClass(ClassLoader.java:525) ~[na:na]
	... 45 common frames omitted

2025-11-20T20:52:49.646-03:00  INFO 5660 --- [nubank-challenge-server] [restartedMain] c.c.n.NubankChallengeServerApplication   : Starting NubankChallengeServerApplication using Java 17.0.14 with PID 5660 (/home/cardosofiles/www/java/development/nubank-challenge-server/target/classes started by cardosofiles in /home/cardosofiles/www/java/development/nubank-challenge-server)
2025-11-20T20:52:49.646-03:00  INFO 5660 --- [nubank-challenge-server] [restartedMain] c.c.n.NubankChallengeServerApplication   : The following 1 profile is active: "dev"
2025-11-20T20:52:49.782-03:00  INFO 5660 --- [nubank-challenge-server] [restartedMain] .s.d.r.c.RepositoryConfigurationDelegate : Bootstrapping Spring Data JPA repositories in DEFAULT mode.
2025-11-20T20:52:49.786-03:00  INFO 5660 --- [nubank-challenge-server] [restartedMain] .s.d.r.c.RepositoryConfigurationDelegate : Finished Spring Data repository scanning in 3 ms. Found 2 JPA repository interfaces.
2025-11-20T20:52:49.825-03:00  INFO 5660 --- [nubank-challenge-server] [restartedMain] o.s.b.w.embedded.tomcat.TomcatWebServer  : Tomcat initialized with port 8080 (http)
2025-11-20T20:52:49.825-03:00  INFO 5660 --- [nubank-challenge-server] [restartedMain] o.apache.catalina.core.StandardService   : Starting service [Tomcat]
2025-11-20T20:52:49.825-03:00  INFO 5660 --- [nubank-challenge-server] [restartedMain] o.apache.catalina.core.StandardEngine    : Starting Servlet engine: [Apache Tomcat/10.1.49]
2025-11-20T20:52:49.829-03:00  INFO 5660 --- [nubank-challenge-server] [restartedMain] o.a.c.c.C.[Tomcat-16].[localhost].[/]    : Initializing Spring embedded WebApplicationContext
2025-11-20T20:52:49.829-03:00  INFO 5660 --- [nubank-challenge-server] [restartedMain] w.s.c.ServletWebServerApplicationContext : Root WebApplicationContext: initialization completed in 182 ms
2025-11-20T20:52:49.860-03:00  INFO 5660 --- [nubank-challenge-server] [restartedMain] o.hibernate.jpa.internal.util.LogHelper  : HHH000204: Processing PersistenceUnitInfo [name: default]
2025-11-20T20:52:49.861-03:00  INFO 5660 --- [nubank-challenge-server] [restartedMain] o.h.c.internal.RegionFactoryInitiator    : HHH000026: Second-level cache disabled
2025-11-20T20:52:49.863-03:00  INFO 5660 --- [nubank-challenge-server] [restartedMain] o.s.o.j.p.SpringPersistenceUnitInfo      : No LoadTimeWeaver setup: ignoring JPA class transformer
2025-11-20T20:52:49.863-03:00  INFO 5660 --- [nubank-challenge-server] [restartedMain] com.zaxxer.hikari.HikariDataSource       : HikariPool-54 - Starting...
2025-11-20T20:52:49.875-03:00  INFO 5660 --- [nubank-challenge-server] [restartedMain] com.zaxxer.hikari.pool.HikariPool        : HikariPool-54 - Added connection org.postgresql.jdbc.PgConnection@187c7ddd
2025-11-20T20:52:49.875-03:00  INFO 5660 --- [nubank-challenge-server] [restartedMain] com.zaxxer.hikari.HikariDataSource       : HikariPool-54 - Start completed.
2025-11-20T20:52:49.878-03:00  WARN 5660 --- [nubank-challenge-server] [restartedMain] org.hibernate.orm.deprecation            : HHH90000025: PostgreSQLDialect does not need to be specified explicitly using 'hibernate.dialect' (remove the property setting and it will be selected by default)
2025-11-20T20:52:49.879-03:00  INFO 5660 --- [nubank-challenge-server] [restartedMain] org.hibernate.orm.connections.pooling    : HHH10001005: Database info:
	Database JDBC URL [Connecting through datasource 'HikariDataSource (HikariPool-54)']
	Database driver: undefined/unknown
	Database version: 15.15
	Autocommit mode: undefined/unknown
	Isolation level: undefined/unknown
	Minimum pool size: undefined/unknown
	Maximum pool size: undefined/unknown
2025-11-20T20:52:49.897-03:00  INFO 5660 --- [nubank-challenge-server] [restartedMain] o.h.e.t.j.p.i.JtaPlatformInitiator       : HHH000489: No JTA platform available (set 'hibernate.transaction.jta.platform' to enable JTA platform integration)
2025-11-20T20:52:49.897-03:00 DEBUG 5660 --- [nubank-challenge-server] [restartedMain] org.hibernate.SQL                        : 
    set client_min_messages = WARNING
2025-11-20T20:52:49.898-03:00 DEBUG 5660 --- [nubank-challenge-server] [restartedMain] org.hibernate.SQL                        : 
    alter table if exists contacts 
       drop constraint if exists FK94mnsowcdm8tow68ha3xudt48
2025-11-20T20:52:49.903-03:00 DEBUG 5660 --- [nubank-challenge-server] [restartedMain] org.hibernate.SQL                        : 
    drop table if exists clients cascade
2025-11-20T20:52:49.907-03:00 DEBUG 5660 --- [nubank-challenge-server] [restartedMain] org.hibernate.SQL                        : 
    drop table if exists contacts cascade
2025-11-20T20:52:49.911-03:00 DEBUG 5660 --- [nubank-challenge-server] [restartedMain] org.hibernate.SQL                        : 
    create table clients (
        id bigint generated by default as identity,
        name varchar(100) not null,
        primary key (id)
    )
2025-11-20T20:52:49.921-03:00 DEBUG 5660 --- [nubank-challenge-server] [restartedMain] org.hibernate.SQL                        : 
    create table contacts (
        client_id bigint not null,
        id bigint generated by default as identity,
        phone_number varchar(20),
        email varchar(100),
        primary key (id)
    )
2025-11-20T20:52:49.929-03:00 DEBUG 5660 --- [nubank-challenge-server] [restartedMain] org.hibernate.SQL                        : 
    alter table if exists contacts 
       add constraint FK94mnsowcdm8tow68ha3xudt48 
       foreign key (client_id) 
       references clients
2025-11-20T20:52:49.933-03:00  INFO 5660 --- [nubank-challenge-server] [restartedMain] j.LocalContainerEntityManagerFactoryBean : Initialized JPA EntityManagerFactory for persistence unit 'default'
2025-11-20T20:52:49.936-03:00  WARN 5660 --- [nubank-challenge-server] [restartedMain] ConfigServletWebServerApplicationContext : Exception encountered during context initialization - cancelling refresh attempt: org.springframework.beans.factory.UnsatisfiedDependencyException: Error creating bean with name 'clientsController' defined in file [/home/cardosofiles/www/java/development/nubank-challenge-server/target/classes/com/cardosofiles/nubank_challenge_server/controller/ClientsController.class]: Unsatisfied dependency expressed through constructor parameter 0: Error creating bean with name 'clientsService': Lookup method resolution failed
2025-11-20T20:52:49.936-03:00  INFO 5660 --- [nubank-challenge-server] [restartedMain] j.LocalContainerEntityManagerFactoryBean : Closing JPA EntityManagerFactory for persistence unit 'default'
2025-11-20T20:52:49.936-03:00  INFO 5660 --- [nubank-challenge-server] [restartedMain] com.zaxxer.hikari.HikariDataSource       : HikariPool-54 - Shutdown initiated...
2025-11-20T20:52:49.937-03:00  INFO 5660 --- [nubank-challenge-server] [restartedMain] com.zaxxer.hikari.HikariDataSource       : HikariPool-54 - Shutdown completed.
2025-11-20T20:52:49.937-03:00  INFO 5660 --- [nubank-challenge-server] [restartedMain] o.apache.catalina.core.StandardService   : Stopping service [Tomcat]
2025-11-20T20:52:49.944-03:00  INFO 5660 --- [nubank-challenge-server] [restartedMain] .s.b.a.l.ConditionEvaluationReportLogger : 

Error starting ApplicationContext. To display the condition evaluation report re-run your application with 'debug' enabled.
2025-11-20T20:52:49.945-03:00 ERROR 5660 --- [nubank-challenge-server] [restartedMain] o.s.boot.SpringApplication               : Application run failed

org.springframework.beans.factory.UnsatisfiedDependencyException: Error creating bean with name 'clientsController' defined in file [/home/cardosofiles/www/java/development/nubank-challenge-server/target/classes/com/cardosofiles/nubank_challenge_server/controller/ClientsController.class]: Unsatisfied dependency expressed through constructor parameter 0: Error creating bean with name 'clientsService': Lookup method resolution failed
	at org.springframework.beans.factory.support.ConstructorResolver.createArgumentArray(ConstructorResolver.java:804) ~[spring-beans-6.2.14.jar:6.2.14]
	at org.springframework.beans.factory.support.ConstructorResolver.autowireConstructor(ConstructorResolver.java:240) ~[spring-beans-6.2.14.jar:6.2.14]
	at org.springframework.beans.factory.support.AbstractAutowireCapableBeanFactory.autowireConstructor(AbstractAutowireCapableBeanFactory.java:1395) ~[spring-beans-6.2.14.jar:6.2.14]
	at org.springframework.beans.factory.support.AbstractAutowireCapableBeanFactory.createBeanInstance(AbstractAutowireCapableBeanFactory.java:1232) ~[spring-beans-6.2.14.jar:6.2.14]
	at org.springframework.beans.factory.support.AbstractAutowireCapableBeanFactory.doCreateBean(AbstractAutowireCapableBeanFactory.java:569) ~[spring-beans-6.2.14.jar:6.2.14]
	at org.springframework.beans.factory.support.AbstractAutowireCapableBeanFactory.createBean(AbstractAutowireCapableBeanFactory.java:529) ~[spring-beans-6.2.14.jar:6.2.14]
	at org.springframework.beans.factory.support.AbstractBeanFactory.lambda$doGetBean$0(AbstractBeanFactory.java:339) ~[spring-beans-6.2.14.jar:6.2.14]
	at org.springframework.beans.factory.support.DefaultSingletonBeanRegistry.getSingleton(DefaultSingletonBeanRegistry.java:373) ~[spring-beans-6.2.14.jar:6.2.14]
	at org.springframework.beans.factory.support.AbstractBeanFactory.doGetBean(AbstractBeanFactory.java:337) ~[spring-beans-6.2.14.jar:6.2.14]
	at org.springframework.beans.factory.support.AbstractBeanFactory.getBean(AbstractBeanFactory.java:202) ~[spring-beans-6.2.14.jar:6.2.14]
	at org.springframework.beans.factory.support.DefaultListableBeanFactory.instantiateSingleton(DefaultListableBeanFactory.java:1228) ~[spring-beans-6.2.14.jar:6.2.14]
	at org.springframework.beans.factory.support.DefaultListableBeanFactory.preInstantiateSingleton(DefaultListableBeanFactory.java:1194) ~[spring-beans-6.2.14.jar:6.2.14]
	at org.springframework.beans.factory.support.DefaultListableBeanFactory.preInstantiateSingletons(DefaultListableBeanFactory.java:1130) ~[spring-beans-6.2.14.jar:6.2.14]
	at org.springframework.context.support.AbstractApplicationContext.finishBeanFactoryInitialization(AbstractApplicationContext.java:990) ~[spring-context-6.2.14.jar:6.2.14]
	at org.springframework.context.support.AbstractApplicationContext.refresh(AbstractApplicationContext.java:627) ~[spring-context-6.2.14.jar:6.2.14]
	at org.springframework.boot.web.servlet.context.ServletWebServerApplicationContext.refresh(ServletWebServerApplicationContext.java:146) ~[spring-boot-3.5.8.jar:3.5.8]
	at org.springframework.boot.SpringApplication.refresh(SpringApplication.java:752) ~[spring-boot-3.5.8.jar:3.5.8]
	at org.springframework.boot.SpringApplication.refreshContext(SpringApplication.java:439) ~[spring-boot-3.5.8.jar:3.5.8]
	at org.springframework.boot.SpringApplication.run(SpringApplication.java:318) ~[spring-boot-3.5.8.jar:3.5.8]
	at org.springframework.boot.SpringApplication.run(SpringApplication.java:1361) ~[spring-boot-3.5.8.jar:3.5.8]
	at org.springframework.boot.SpringApplication.run(SpringApplication.java:1350) ~[spring-boot-3.5.8.jar:3.5.8]
	at com.cardosofiles.nubank_challenge_server.NubankChallengeServerApplication.main(NubankChallengeServerApplication.java:14) ~[classes/:na]
	at java.base/jdk.internal.reflect.NativeMethodAccessorImpl.invoke0(Native Method) ~[na:na]
	at java.base/jdk.internal.reflect.NativeMethodAccessorImpl.invoke(NativeMethodAccessorImpl.java:77) ~[na:na]
	at java.base/jdk.internal.reflect.DelegatingMethodAccessorImpl.invoke(DelegatingMethodAccessorImpl.java:43) ~[na:na]
	at java.base/java.lang.reflect.Method.invoke(Method.java:569) ~[na:na]
	at org.springframework.boot.devtools.restart.RestartLauncher.run(RestartLauncher.java:50) ~[spring-boot-devtools-3.5.8.jar:3.5.8]
Caused by: org.springframework.beans.factory.BeanCreationException: Error creating bean with name 'clientsService': Lookup method resolution failed
	at org.springframework.beans.factory.annotation.AutowiredAnnotationBeanPostProcessor.checkLookupMethods(AutowiredAnnotationBeanPostProcessor.java:498) ~[spring-beans-6.2.14.jar:6.2.14]
	at org.springframework.beans.factory.annotation.AutowiredAnnotationBeanPostProcessor.determineCandidateConstructors(AutowiredAnnotationBeanPostProcessor.java:368) ~[spring-beans-6.2.14.jar:6.2.14]
	at org.springframework.beans.factory.support.AbstractAutowireCapableBeanFactory.determineConstructorsFromBeanPostProcessors(AbstractAutowireCapableBeanFactory.java:1334) ~[spring-beans-6.2.14.jar:6.2.14]
	at org.springframework.beans.factory.support.AbstractAutowireCapableBeanFactory.createBeanInstance(AbstractAutowireCapableBeanFactory.java:1229) ~[spring-beans-6.2.14.jar:6.2.14]
	at org.springframework.beans.factory.support.AbstractAutowireCapableBeanFactory.doCreateBean(AbstractAutowireCapableBeanFactory.java:569) ~[spring-beans-6.2.14.jar:6.2.14]
	at org.springframework.beans.factory.support.AbstractAutowireCapableBeanFactory.createBean(AbstractAutowireCapableBeanFactory.java:529) ~[spring-beans-6.2.14.jar:6.2.14]
	at org.springframework.beans.factory.support.AbstractBeanFactory.lambda$doGetBean$0(AbstractBeanFactory.java:339) ~[spring-beans-6.2.14.jar:6.2.14]
	at org.springframework.beans.factory.support.DefaultSingletonBeanRegistry.getSingleton(DefaultSingletonBeanRegistry.java:373) ~[spring-beans-6.2.14.jar:6.2.14]
	at org.springframework.beans.factory.support.AbstractBeanFactory.doGetBean(AbstractBeanFactory.java:337) ~[spring-beans-6.2.14.jar:6.2.14]
	at org.springframework.beans.factory.support.AbstractBeanFactory.getBean(AbstractBeanFactory.java:202) ~[spring-beans-6.2.14.jar:6.2.14]
	at org.springframework.beans.factory.support.DefaultListableBeanFactory.doResolveDependency(DefaultListableBeanFactory.java:1708) ~[spring-beans-6.2.14.jar:6.2.14]
	at org.springframework.beans.factory.support.DefaultListableBeanFactory.resolveDependency(DefaultListableBeanFactory.java:1653) ~[spring-beans-6.2.14.jar:6.2.14]
	at org.springframework.beans.factory.support.ConstructorResolver.resolveAutowiredArgument(ConstructorResolver.java:913) ~[spring-beans-6.2.14.jar:6.2.14]
	at org.springframework.beans.factory.support.ConstructorResolver.createArgumentArray(ConstructorResolver.java:791) ~[spring-beans-6.2.14.jar:6.2.14]
	... 26 common frames omitted
Caused by: java.lang.IllegalStateException: Failed to introspect Class [com.cardosofiles.nubank_challenge_server.services.ClientsService] from ClassLoader [org.springframework.boot.devtools.restart.classloader.RestartClassLoader@7985f77d]
	at org.springframework.util.ReflectionUtils.getDeclaredMethods(ReflectionUtils.java:483) ~[spring-core-6.2.14.jar:6.2.14]
	at org.springframework.util.ReflectionUtils.doWithLocalMethods(ReflectionUtils.java:320) ~[spring-core-6.2.14.jar:6.2.14]
	at org.springframework.beans.factory.annotation.AutowiredAnnotationBeanPostProcessor.checkLookupMethods(AutowiredAnnotationBeanPostProcessor.java:476) ~[spring-beans-6.2.14.jar:6.2.14]
	... 39 common frames omitted
Caused by: java.lang.NoClassDefFoundError: Client
	at java.base/java.lang.Class.getDeclaredMethods0(Native Method) ~[na:na]
	at java.base/java.lang.Class.privateGetDeclaredMethods(Class.java:3402) ~[na:na]
	at java.base/java.lang.Class.getDeclaredMethods(Class.java:2504) ~[na:na]
	at org.springframework.util.ReflectionUtils.getDeclaredMethods(ReflectionUtils.java:465) ~[spring-core-6.2.14.jar:6.2.14]
	... 41 common frames omitted
Caused by: java.lang.ClassNotFoundException: Client
	at java.base/jdk.internal.loader.BuiltinClassLoader.loadClass(BuiltinClassLoader.java:641) ~[na:na]
	at java.base/jdk.internal.loader.ClassLoaders$AppClassLoader.loadClass(ClassLoaders.java:188) ~[na:na]
	at java.base/java.lang.ClassLoader.loadClass(ClassLoader.java:525) ~[na:na]
	at java.base/java.lang.Class.forName0(Native Method) ~[na:na]
	at java.base/java.lang.Class.forName(Class.java:467) ~[na:na]
	at org.springframework.boot.devtools.restart.classloader.RestartClassLoader.loadClass(RestartClassLoader.java:121) ~[spring-boot-devtools-3.5.8.jar:3.5.8]
	at java.base/java.lang.ClassLoader.loadClass(ClassLoader.java:525) ~[na:na]
	... 45 common frames omitted

2025-11-20T20:53:04.375-03:00  INFO 5660 --- [nubank-challenge-server] [restartedMain] c.c.n.NubankChallengeServerApplication   : Starting NubankChallengeServerApplication using Java 17.0.14 with PID 5660 (/home/cardosofiles/www/java/development/nubank-challenge-server/target/classes started by cardosofiles in /home/cardosofiles/www/java/development/nubank-challenge-server)
2025-11-20T20:53:04.375-03:00  INFO 5660 --- [nubank-challenge-server] [restartedMain] c.c.n.NubankChallengeServerApplication   : The following 1 profile is active: "dev"
2025-11-20T20:53:04.482-03:00  INFO 5660 --- [nubank-challenge-server] [restartedMain] .s.d.r.c.RepositoryConfigurationDelegate : Bootstrapping Spring Data JPA repositories in DEFAULT mode.
2025-11-20T20:53:04.485-03:00  INFO 5660 --- [nubank-challenge-server] [restartedMain] .s.d.r.c.RepositoryConfigurationDelegate : Finished Spring Data repository scanning in 2 ms. Found 2 JPA repository interfaces.
2025-11-20T20:53:04.521-03:00  INFO 5660 --- [nubank-challenge-server] [restartedMain] o.s.b.w.embedded.tomcat.TomcatWebServer  : Tomcat initialized with port 8080 (http)
2025-11-20T20:53:04.522-03:00  INFO 5660 --- [nubank-challenge-server] [restartedMain] o.apache.catalina.core.StandardService   : Starting service [Tomcat]
2025-11-20T20:53:04.522-03:00  INFO 5660 --- [nubank-challenge-server] [restartedMain] o.apache.catalina.core.StandardEngine    : Starting Servlet engine: [Apache Tomcat/10.1.49]
2025-11-20T20:53:04.525-03:00  INFO 5660 --- [nubank-challenge-server] [restartedMain] o.a.c.c.C.[Tomcat-17].[localhost].[/]    : Initializing Spring embedded WebApplicationContext
2025-11-20T20:53:04.526-03:00  INFO 5660 --- [nubank-challenge-server] [restartedMain] w.s.c.ServletWebServerApplicationContext : Root WebApplicationContext: initialization completed in 150 ms
2025-11-20T20:53:04.554-03:00  INFO 5660 --- [nubank-challenge-server] [restartedMain] o.hibernate.jpa.internal.util.LogHelper  : HHH000204: Processing PersistenceUnitInfo [name: default]
2025-11-20T20:53:04.555-03:00  INFO 5660 --- [nubank-challenge-server] [restartedMain] o.h.c.internal.RegionFactoryInitiator    : HHH000026: Second-level cache disabled
2025-11-20T20:53:04.557-03:00  INFO 5660 --- [nubank-challenge-server] [restartedMain] o.s.o.j.p.SpringPersistenceUnitInfo      : No LoadTimeWeaver setup: ignoring JPA class transformer
2025-11-20T20:53:04.558-03:00  INFO 5660 --- [nubank-challenge-server] [restartedMain] com.zaxxer.hikari.HikariDataSource       : HikariPool-55 - Starting...
2025-11-20T20:53:04.570-03:00  INFO 5660 --- [nubank-challenge-server] [restartedMain] com.zaxxer.hikari.pool.HikariPool        : HikariPool-55 - Added connection org.postgresql.jdbc.PgConnection@29fd0b51
2025-11-20T20:53:04.570-03:00  INFO 5660 --- [nubank-challenge-server] [restartedMain] com.zaxxer.hikari.HikariDataSource       : HikariPool-55 - Start completed.
2025-11-20T20:53:04.572-03:00  WARN 5660 --- [nubank-challenge-server] [restartedMain] org.hibernate.orm.deprecation            : HHH90000025: PostgreSQLDialect does not need to be specified explicitly using 'hibernate.dialect' (remove the property setting and it will be selected by default)
2025-11-20T20:53:04.573-03:00  INFO 5660 --- [nubank-challenge-server] [restartedMain] org.hibernate.orm.connections.pooling    : HHH10001005: Database info:
	Database JDBC URL [Connecting through datasource 'HikariDataSource (HikariPool-55)']
	Database driver: undefined/unknown
	Database version: 15.15
	Autocommit mode: undefined/unknown
	Isolation level: undefined/unknown
	Minimum pool size: undefined/unknown
	Maximum pool size: undefined/unknown
2025-11-20T20:53:04.599-03:00  INFO 5660 --- [nubank-challenge-server] [restartedMain] o.h.e.t.j.p.i.JtaPlatformInitiator       : HHH000489: No JTA platform available (set 'hibernate.transaction.jta.platform' to enable JTA platform integration)
2025-11-20T20:53:04.599-03:00 DEBUG 5660 --- [nubank-challenge-server] [restartedMain] org.hibernate.SQL                        : 
    set client_min_messages = WARNING
2025-11-20T20:53:04.599-03:00 DEBUG 5660 --- [nubank-challenge-server] [restartedMain] org.hibernate.SQL                        : 
    alter table if exists contacts 
       drop constraint if exists FK94mnsowcdm8tow68ha3xudt48
2025-11-20T20:53:04.604-03:00 DEBUG 5660 --- [nubank-challenge-server] [restartedMain] org.hibernate.SQL                        : 
    drop table if exists clients cascade
2025-11-20T20:53:04.608-03:00 DEBUG 5660 --- [nubank-challenge-server] [restartedMain] org.hibernate.SQL                        : 
    drop table if exists contacts cascade
2025-11-20T20:53:04.613-03:00 DEBUG 5660 --- [nubank-challenge-server] [restartedMain] org.hibernate.SQL                        : 
    create table clients (
        id bigint generated by default as identity,
        name varchar(100) not null,
        primary key (id)
    )
2025-11-20T20:53:04.622-03:00 DEBUG 5660 --- [nubank-challenge-server] [restartedMain] org.hibernate.SQL                        : 
    create table contacts (
        client_id bigint not null,
        id bigint generated by default as identity,
        phone_number varchar(20),
        email varchar(100),
        primary key (id)
    )
2025-11-20T20:53:04.633-03:00 DEBUG 5660 --- [nubank-challenge-server] [restartedMain] org.hibernate.SQL                        : 
    alter table if exists contacts 
       add constraint FK94mnsowcdm8tow68ha3xudt48 
       foreign key (client_id) 
       references clients
2025-11-20T20:53:04.637-03:00  INFO 5660 --- [nubank-challenge-server] [restartedMain] j.LocalContainerEntityManagerFactoryBean : Initialized JPA EntityManagerFactory for persistence unit 'default'
2025-11-20T20:53:04.640-03:00  WARN 5660 --- [nubank-challenge-server] [restartedMain] ConfigServletWebServerApplicationContext : Exception encountered during context initialization - cancelling refresh attempt: org.springframework.beans.factory.UnsatisfiedDependencyException: Error creating bean with name 'clientsController' defined in file [/home/cardosofiles/www/java/development/nubank-challenge-server/target/classes/com/cardosofiles/nubank_challenge_server/controller/ClientsController.class]: Unsatisfied dependency expressed through constructor parameter 0: Error creating bean with name 'clientsService': Lookup method resolution failed
2025-11-20T20:53:04.640-03:00  INFO 5660 --- [nubank-challenge-server] [restartedMain] j.LocalContainerEntityManagerFactoryBean : Closing JPA EntityManagerFactory for persistence unit 'default'
2025-11-20T20:53:04.640-03:00  INFO 5660 --- [nubank-challenge-server] [restartedMain] com.zaxxer.hikari.HikariDataSource       : HikariPool-55 - Shutdown initiated...
2025-11-20T20:53:04.641-03:00  INFO 5660 --- [nubank-challenge-server] [restartedMain] com.zaxxer.hikari.HikariDataSource       : HikariPool-55 - Shutdown completed.
2025-11-20T20:53:04.641-03:00  INFO 5660 --- [nubank-challenge-server] [restartedMain] o.apache.catalina.core.StandardService   : Stopping service [Tomcat]
2025-11-20T20:53:04.647-03:00  INFO 5660 --- [nubank-challenge-server] [restartedMain] .s.b.a.l.ConditionEvaluationReportLogger : 

Error starting ApplicationContext. To display the condition evaluation report re-run your application with 'debug' enabled.
2025-11-20T20:53:04.648-03:00 ERROR 5660 --- [nubank-challenge-server] [restartedMain] o.s.boot.SpringApplication               : Application run failed

org.springframework.beans.factory.UnsatisfiedDependencyException: Error creating bean with name 'clientsController' defined in file [/home/cardosofiles/www/java/development/nubank-challenge-server/target/classes/com/cardosofiles/nubank_challenge_server/controller/ClientsController.class]: Unsatisfied dependency expressed through constructor parameter 0: Error creating bean with name 'clientsService': Lookup method resolution failed
	at org.springframework.beans.factory.support.ConstructorResolver.createArgumentArray(ConstructorResolver.java:804) ~[spring-beans-6.2.14.jar:6.2.14]
	at org.springframework.beans.factory.support.ConstructorResolver.autowireConstructor(ConstructorResolver.java:240) ~[spring-beans-6.2.14.jar:6.2.14]
	at org.springframework.beans.factory.support.AbstractAutowireCapableBeanFactory.autowireConstructor(AbstractAutowireCapableBeanFactory.java:1395) ~[spring-beans-6.2.14.jar:6.2.14]
	at org.springframework.beans.factory.support.AbstractAutowireCapableBeanFactory.createBeanInstance(AbstractAutowireCapableBeanFactory.java:1232) ~[spring-beans-6.2.14.jar:6.2.14]
	at org.springframework.beans.factory.support.AbstractAutowireCapableBeanFactory.doCreateBean(AbstractAutowireCapableBeanFactory.java:569) ~[spring-beans-6.2.14.jar:6.2.14]
	at org.springframework.beans.factory.support.AbstractAutowireCapableBeanFactory.createBean(AbstractAutowireCapableBeanFactory.java:529) ~[spring-beans-6.2.14.jar:6.2.14]
	at org.springframework.beans.factory.support.AbstractBeanFactory.lambda$doGetBean$0(AbstractBeanFactory.java:339) ~[spring-beans-6.2.14.jar:6.2.14]
	at org.springframework.beans.factory.support.DefaultSingletonBeanRegistry.getSingleton(DefaultSingletonBeanRegistry.java:373) ~[spring-beans-6.2.14.jar:6.2.14]
	at org.springframework.beans.factory.support.AbstractBeanFactory.doGetBean(AbstractBeanFactory.java:337) ~[spring-beans-6.2.14.jar:6.2.14]
	at org.springframework.beans.factory.support.AbstractBeanFactory.getBean(AbstractBeanFactory.java:202) ~[spring-beans-6.2.14.jar:6.2.14]
	at org.springframework.beans.factory.support.DefaultListableBeanFactory.instantiateSingleton(DefaultListableBeanFactory.java:1228) ~[spring-beans-6.2.14.jar:6.2.14]
	at org.springframework.beans.factory.support.DefaultListableBeanFactory.preInstantiateSingleton(DefaultListableBeanFactory.java:1194) ~[spring-beans-6.2.14.jar:6.2.14]
	at org.springframework.beans.factory.support.DefaultListableBeanFactory.preInstantiateSingletons(DefaultListableBeanFactory.java:1130) ~[spring-beans-6.2.14.jar:6.2.14]
	at org.springframework.context.support.AbstractApplicationContext.finishBeanFactoryInitialization(AbstractApplicationContext.java:990) ~[spring-context-6.2.14.jar:6.2.14]
	at org.springframework.context.support.AbstractApplicationContext.refresh(AbstractApplicationContext.java:627) ~[spring-context-6.2.14.jar:6.2.14]
	at org.springframework.boot.web.servlet.context.ServletWebServerApplicationContext.refresh(ServletWebServerApplicationContext.java:146) ~[spring-boot-3.5.8.jar:3.5.8]
	at org.springframework.boot.SpringApplication.refresh(SpringApplication.java:752) ~[spring-boot-3.5.8.jar:3.5.8]
	at org.springframework.boot.SpringApplication.refreshContext(SpringApplication.java:439) ~[spring-boot-3.5.8.jar:3.5.8]
	at org.springframework.boot.SpringApplication.run(SpringApplication.java:318) ~[spring-boot-3.5.8.jar:3.5.8]
	at org.springframework.boot.SpringApplication.run(SpringApplication.java:1361) ~[spring-boot-3.5.8.jar:3.5.8]
	at org.springframework.boot.SpringApplication.run(SpringApplication.java:1350) ~[spring-boot-3.5.8.jar:3.5.8]
	at com.cardosofiles.nubank_challenge_server.NubankChallengeServerApplication.main(NubankChallengeServerApplication.java:14) ~[classes/:na]
	at java.base/jdk.internal.reflect.NativeMethodAccessorImpl.invoke0(Native Method) ~[na:na]
	at java.base/jdk.internal.reflect.NativeMethodAccessorImpl.invoke(NativeMethodAccessorImpl.java:77) ~[na:na]
	at java.base/jdk.internal.reflect.DelegatingMethodAccessorImpl.invoke(DelegatingMethodAccessorImpl.java:43) ~[na:na]
	at java.base/java.lang.reflect.Method.invoke(Method.java:569) ~[na:na]
	at org.springframework.boot.devtools.restart.RestartLauncher.run(RestartLauncher.java:50) ~[spring-boot-devtools-3.5.8.jar:3.5.8]
Caused by: org.springframework.beans.factory.BeanCreationException: Error creating bean with name 'clientsService': Lookup method resolution failed
	at org.springframework.beans.factory.annotation.AutowiredAnnotationBeanPostProcessor.checkLookupMethods(AutowiredAnnotationBeanPostProcessor.java:498) ~[spring-beans-6.2.14.jar:6.2.14]
	at org.springframework.beans.factory.annotation.AutowiredAnnotationBeanPostProcessor.determineCandidateConstructors(AutowiredAnnotationBeanPostProcessor.java:368) ~[spring-beans-6.2.14.jar:6.2.14]
	at org.springframework.beans.factory.support.AbstractAutowireCapableBeanFactory.determineConstructorsFromBeanPostProcessors(AbstractAutowireCapableBeanFactory.java:1334) ~[spring-beans-6.2.14.jar:6.2.14]
	at org.springframework.beans.factory.support.AbstractAutowireCapableBeanFactory.createBeanInstance(AbstractAutowireCapableBeanFactory.java:1229) ~[spring-beans-6.2.14.jar:6.2.14]
	at org.springframework.beans.factory.support.AbstractAutowireCapableBeanFactory.doCreateBean(AbstractAutowireCapableBeanFactory.java:569) ~[spring-beans-6.2.14.jar:6.2.14]
	at org.springframework.beans.factory.support.AbstractAutowireCapableBeanFactory.createBean(AbstractAutowireCapableBeanFactory.java:529) ~[spring-beans-6.2.14.jar:6.2.14]
	at org.springframework.beans.factory.support.AbstractBeanFactory.lambda$doGetBean$0(AbstractBeanFactory.java:339) ~[spring-beans-6.2.14.jar:6.2.14]
	at org.springframework.beans.factory.support.DefaultSingletonBeanRegistry.getSingleton(DefaultSingletonBeanRegistry.java:373) ~[spring-beans-6.2.14.jar:6.2.14]
	at org.springframework.beans.factory.support.AbstractBeanFactory.doGetBean(AbstractBeanFactory.java:337) ~[spring-beans-6.2.14.jar:6.2.14]
	at org.springframework.beans.factory.support.AbstractBeanFactory.getBean(AbstractBeanFactory.java:202) ~[spring-beans-6.2.14.jar:6.2.14]
	at org.springframework.beans.factory.support.DefaultListableBeanFactory.doResolveDependency(DefaultListableBeanFactory.java:1708) ~[spring-beans-6.2.14.jar:6.2.14]
	at org.springframework.beans.factory.support.DefaultListableBeanFactory.resolveDependency(DefaultListableBeanFactory.java:1653) ~[spring-beans-6.2.14.jar:6.2.14]
	at org.springframework.beans.factory.support.ConstructorResolver.resolveAutowiredArgument(ConstructorResolver.java:913) ~[spring-beans-6.2.14.jar:6.2.14]
	at org.springframework.beans.factory.support.ConstructorResolver.createArgumentArray(ConstructorResolver.java:791) ~[spring-beans-6.2.14.jar:6.2.14]
	... 26 common frames omitted
Caused by: java.lang.IllegalStateException: Failed to introspect Class [com.cardosofiles.nubank_challenge_server.services.ClientsService] from ClassLoader [org.springframework.boot.devtools.restart.classloader.RestartClassLoader@12dfe120]
	at org.springframework.util.ReflectionUtils.getDeclaredMethods(ReflectionUtils.java:483) ~[spring-core-6.2.14.jar:6.2.14]
	at org.springframework.util.ReflectionUtils.doWithLocalMethods(ReflectionUtils.java:320) ~[spring-core-6.2.14.jar:6.2.14]
	at org.springframework.beans.factory.annotation.AutowiredAnnotationBeanPostProcessor.checkLookupMethods(AutowiredAnnotationBeanPostProcessor.java:476) ~[spring-beans-6.2.14.jar:6.2.14]
	... 39 common frames omitted
Caused by: java.lang.NoClassDefFoundError: Client
	at java.base/java.lang.Class.getDeclaredMethods0(Native Method) ~[na:na]
	at java.base/java.lang.Class.privateGetDeclaredMethods(Class.java:3402) ~[na:na]
	at java.base/java.lang.Class.getDeclaredMethods(Class.java:2504) ~[na:na]
	at org.springframework.util.ReflectionUtils.getDeclaredMethods(ReflectionUtils.java:465) ~[spring-core-6.2.14.jar:6.2.14]
	... 41 common frames omitted
Caused by: java.lang.ClassNotFoundException: Client
	at java.base/jdk.internal.loader.BuiltinClassLoader.loadClass(BuiltinClassLoader.java:641) ~[na:na]
	at java.base/jdk.internal.loader.ClassLoaders$AppClassLoader.loadClass(ClassLoaders.java:188) ~[na:na]
	at java.base/java.lang.ClassLoader.loadClass(ClassLoader.java:525) ~[na:na]
	at java.base/java.lang.Class.forName0(Native Method) ~[na:na]
	at java.base/java.lang.Class.forName(Class.java:467) ~[na:na]
	at org.springframework.boot.devtools.restart.classloader.RestartClassLoader.loadClass(RestartClassLoader.java:121) ~[spring-boot-devtools-3.5.8.jar:3.5.8]
	at java.base/java.lang.ClassLoader.loadClass(ClassLoader.java:525) ~[na:na]
	... 45 common frames omitted

2025-11-20T20:53:24.799-03:00  INFO 5660 --- [nubank-challenge-server] [restartedMain] c.c.n.NubankChallengeServerApplication   : Starting NubankChallengeServerApplication using Java 17.0.14 with PID 5660 (/home/cardosofiles/www/java/development/nubank-challenge-server/target/classes started by cardosofiles in /home/cardosofiles/www/java/development/nubank-challenge-server)
2025-11-20T20:53:24.799-03:00  INFO 5660 --- [nubank-challenge-server] [restartedMain] c.c.n.NubankChallengeServerApplication   : The following 1 profile is active: "dev"
2025-11-20T20:53:24.919-03:00  INFO 5660 --- [nubank-challenge-server] [restartedMain] .s.d.r.c.RepositoryConfigurationDelegate : Bootstrapping Spring Data JPA repositories in DEFAULT mode.
2025-11-20T20:53:24.923-03:00  INFO 5660 --- [nubank-challenge-server] [restartedMain] .s.d.r.c.RepositoryConfigurationDelegate : Finished Spring Data repository scanning in 3 ms. Found 2 JPA repository interfaces.
2025-11-20T20:53:24.965-03:00  INFO 5660 --- [nubank-challenge-server] [restartedMain] o.s.b.w.embedded.tomcat.TomcatWebServer  : Tomcat initialized with port 8080 (http)
2025-11-20T20:53:24.965-03:00  INFO 5660 --- [nubank-challenge-server] [restartedMain] o.apache.catalina.core.StandardService   : Starting service [Tomcat]
2025-11-20T20:53:24.965-03:00  INFO 5660 --- [nubank-challenge-server] [restartedMain] o.apache.catalina.core.StandardEngine    : Starting Servlet engine: [Apache Tomcat/10.1.49]
2025-11-20T20:53:24.970-03:00  INFO 5660 --- [nubank-challenge-server] [restartedMain] o.a.c.c.C.[Tomcat-18].[localhost].[/]    : Initializing Spring embedded WebApplicationContext
2025-11-20T20:53:24.970-03:00  INFO 5660 --- [nubank-challenge-server] [restartedMain] w.s.c.ServletWebServerApplicationContext : Root WebApplicationContext: initialization completed in 170 ms
2025-11-20T20:53:25.013-03:00  INFO 5660 --- [nubank-challenge-server] [restartedMain] o.hibernate.jpa.internal.util.LogHelper  : HHH000204: Processing PersistenceUnitInfo [name: default]
2025-11-20T20:53:25.014-03:00  INFO 5660 --- [nubank-challenge-server] [restartedMain] o.h.c.internal.RegionFactoryInitiator    : HHH000026: Second-level cache disabled
2025-11-20T20:53:25.016-03:00  INFO 5660 --- [nubank-challenge-server] [restartedMain] o.s.o.j.p.SpringPersistenceUnitInfo      : No LoadTimeWeaver setup: ignoring JPA class transformer
2025-11-20T20:53:25.016-03:00  INFO 5660 --- [nubank-challenge-server] [restartedMain] com.zaxxer.hikari.HikariDataSource       : HikariPool-56 - Starting...
2025-11-20T20:53:25.033-03:00  INFO 5660 --- [nubank-challenge-server] [restartedMain] com.zaxxer.hikari.pool.HikariPool        : HikariPool-56 - Added connection org.postgresql.jdbc.PgConnection@114c6a43
2025-11-20T20:53:25.033-03:00  INFO 5660 --- [nubank-challenge-server] [restartedMain] com.zaxxer.hikari.HikariDataSource       : HikariPool-56 - Start completed.
2025-11-20T20:53:25.036-03:00  WARN 5660 --- [nubank-challenge-server] [restartedMain] org.hibernate.orm.deprecation            : HHH90000025: PostgreSQLDialect does not need to be specified explicitly using 'hibernate.dialect' (remove the property setting and it will be selected by default)
2025-11-20T20:53:25.038-03:00  INFO 5660 --- [nubank-challenge-server] [restartedMain] org.hibernate.orm.connections.pooling    : HHH10001005: Database info:
	Database JDBC URL [Connecting through datasource 'HikariDataSource (HikariPool-56)']
	Database driver: undefined/unknown
	Database version: 15.15
	Autocommit mode: undefined/unknown
	Isolation level: undefined/unknown
	Minimum pool size: undefined/unknown
	Maximum pool size: undefined/unknown
2025-11-20T20:53:25.059-03:00  INFO 5660 --- [nubank-challenge-server] [restartedMain] o.h.e.t.j.p.i.JtaPlatformInitiator       : HHH000489: No JTA platform available (set 'hibernate.transaction.jta.platform' to enable JTA platform integration)
2025-11-20T20:53:25.059-03:00 DEBUG 5660 --- [nubank-challenge-server] [restartedMain] org.hibernate.SQL                        : 
    set client_min_messages = WARNING
2025-11-20T20:53:25.059-03:00 DEBUG 5660 --- [nubank-challenge-server] [restartedMain] org.hibernate.SQL                        : 
    alter table if exists contacts 
       drop constraint if exists FK94mnsowcdm8tow68ha3xudt48
2025-11-20T20:53:25.075-03:00 DEBUG 5660 --- [nubank-challenge-server] [restartedMain] org.hibernate.SQL                        : 
    drop table if exists clients cascade
2025-11-20T20:53:25.081-03:00 DEBUG 5660 --- [nubank-challenge-server] [restartedMain] org.hibernate.SQL                        : 
    drop table if exists contacts cascade
2025-11-20T20:53:25.088-03:00 DEBUG 5660 --- [nubank-challenge-server] [restartedMain] org.hibernate.SQL                        : 
    create table clients (
        id bigint generated by default as identity,
        name varchar(100) not null,
        primary key (id)
    )
2025-11-20T20:53:25.101-03:00 DEBUG 5660 --- [nubank-challenge-server] [restartedMain] org.hibernate.SQL                        : 
    create table contacts (
        client_id bigint not null,
        id bigint generated by default as identity,
        phone_number varchar(20),
        email varchar(100),
        primary key (id)
    )
2025-11-20T20:53:25.110-03:00 DEBUG 5660 --- [nubank-challenge-server] [restartedMain] org.hibernate.SQL                        : 
    alter table if exists contacts 
       add constraint FK94mnsowcdm8tow68ha3xudt48 
       foreign key (client_id) 
       references clients
2025-11-20T20:53:25.115-03:00  INFO 5660 --- [nubank-challenge-server] [restartedMain] j.LocalContainerEntityManagerFactoryBean : Initialized JPA EntityManagerFactory for persistence unit 'default'
2025-11-20T20:53:25.274-03:00  INFO 5660 --- [nubank-challenge-server] [restartedMain] o.s.b.d.a.OptionalLiveReloadServer       : LiveReload server is running on port 35729
2025-11-20T20:53:25.282-03:00  INFO 5660 --- [nubank-challenge-server] [restartedMain] o.s.b.a.e.web.EndpointLinksResolver      : Exposing 1 endpoint beneath base path '/actuator'
2025-11-20T20:53:25.296-03:00  INFO 5660 --- [nubank-challenge-server] [restartedMain] o.s.b.w.embedded.tomcat.TomcatWebServer  : Tomcat started on port 8080 (http) with context path '/'
2025-11-20T20:53:25.302-03:00  INFO 5660 --- [nubank-challenge-server] [restartedMain] c.c.n.NubankChallengeServerApplication   : Started NubankChallengeServerApplication in 0.512 seconds (process running for 4610.884)
2025-11-20T20:53:25.303-03:00  INFO 5660 --- [nubank-challenge-server] [restartedMain] .ConditionEvaluationDeltaLoggingListener : Condition evaluation unchanged
2025-11-20T20:53:46.713-03:00  INFO 5660 --- [nubank-challenge-server] [File Watcher] rtingClassPathChangeChangedEventListener : Restarting due to 1 class path change (0 additions, 0 deletions, 1 modification)
2025-11-20T20:53:46.714-03:00  INFO 5660 --- [nubank-challenge-server] [Thread-151] o.s.b.w.e.tomcat.GracefulShutdown        : Commencing graceful shutdown. Waiting for active requests to complete
2025-11-20T20:53:46.716-03:00  INFO 5660 --- [nubank-challenge-server] [tomcat-shutdown] o.s.b.w.e.tomcat.GracefulShutdown        : Graceful shutdown complete
2025-11-20T20:53:46.717-03:00  INFO 5660 --- [nubank-challenge-server] [Thread-151] j.LocalContainerEntityManagerFactoryBean : Closing JPA EntityManagerFactory for persistence unit 'default'
2025-11-20T20:53:46.718-03:00  INFO 5660 --- [nubank-challenge-server] [Thread-151] com.zaxxer.hikari.HikariDataSource       : HikariPool-56 - Shutdown initiated...
2025-11-20T20:53:46.718-03:00  INFO 5660 --- [nubank-challenge-server] [Thread-151] com.zaxxer.hikari.HikariDataSource       : HikariPool-56 - Shutdown completed.
2025-11-20T20:53:46.792-03:00  INFO 5660 --- [nubank-challenge-server] [restartedMain] c.c.n.NubankChallengeServerApplication   : Starting NubankChallengeServerApplication using Java 17.0.14 with PID 5660 (/home/cardosofiles/www/java/development/nubank-challenge-server/target/classes started by cardosofiles in /home/cardosofiles/www/java/development/nubank-challenge-server)
2025-11-20T20:53:46.793-03:00 DEBUG 5660 --- [nubank-challenge-server] [restartedMain] c.c.n.NubankChallengeServerApplication   : Running with Spring Boot v3.5.8, Spring v6.2.14
2025-11-20T20:53:46.793-03:00  INFO 5660 --- [nubank-challenge-server] [restartedMain] c.c.n.NubankChallengeServerApplication   : The following 1 profile is active: "dev"
2025-11-20T20:53:46.900-03:00  INFO 5660 --- [nubank-challenge-server] [restartedMain] .s.d.r.c.RepositoryConfigurationDelegate : Bootstrapping Spring Data JPA repositories in DEFAULT mode.
2025-11-20T20:53:46.904-03:00  INFO 5660 --- [nubank-challenge-server] [restartedMain] .s.d.r.c.RepositoryConfigurationDelegate : Finished Spring Data repository scanning in 3 ms. Found 2 JPA repository interfaces.
2025-11-20T20:53:46.947-03:00  INFO 5660 --- [nubank-challenge-server] [restartedMain] o.s.b.w.embedded.tomcat.TomcatWebServer  : Tomcat initialized with port 8080 (http)
2025-11-20T20:53:46.948-03:00  INFO 5660 --- [nubank-challenge-server] [restartedMain] o.apache.catalina.core.StandardService   : Starting service [Tomcat]
2025-11-20T20:53:46.948-03:00  INFO 5660 --- [nubank-challenge-server] [restartedMain] o.apache.catalina.core.StandardEngine    : Starting Servlet engine: [Apache Tomcat/10.1.49]
2025-11-20T20:53:46.951-03:00  INFO 5660 --- [nubank-challenge-server] [restartedMain] o.a.c.c.C.[Tomcat-18].[localhost].[/]    : Initializing Spring embedded WebApplicationContext
2025-11-20T20:53:46.951-03:00  INFO 5660 --- [nubank-challenge-server] [restartedMain] w.s.c.ServletWebServerApplicationContext : Root WebApplicationContext: initialization completed in 157 ms
2025-11-20T20:53:46.987-03:00  INFO 5660 --- [nubank-challenge-server] [restartedMain] o.hibernate.jpa.internal.util.LogHelper  : HHH000204: Processing PersistenceUnitInfo [name: default]
2025-11-20T20:53:46.988-03:00  INFO 5660 --- [nubank-challenge-server] [restartedMain] o.h.c.internal.RegionFactoryInitiator    : HHH000026: Second-level cache disabled
2025-11-20T20:53:46.990-03:00  INFO 5660 --- [nubank-challenge-server] [restartedMain] o.s.o.j.p.SpringPersistenceUnitInfo      : No LoadTimeWeaver setup: ignoring JPA class transformer
2025-11-20T20:53:46.991-03:00  INFO 5660 --- [nubank-challenge-server] [restartedMain] com.zaxxer.hikari.HikariDataSource       : HikariPool-57 - Starting...
2025-11-20T20:53:47.005-03:00  INFO 5660 --- [nubank-challenge-server] [restartedMain] com.zaxxer.hikari.pool.HikariPool        : HikariPool-57 - Added connection org.postgresql.jdbc.PgConnection@5efe3493
2025-11-20T20:53:47.005-03:00  INFO 5660 --- [nubank-challenge-server] [restartedMain] com.zaxxer.hikari.HikariDataSource       : HikariPool-57 - Start completed.
2025-11-20T20:53:47.008-03:00  WARN 5660 --- [nubank-challenge-server] [restartedMain] org.hibernate.orm.deprecation            : HHH90000025: PostgreSQLDialect does not need to be specified explicitly using 'hibernate.dialect' (remove the property setting and it will be selected by default)
2025-11-20T20:53:47.009-03:00  INFO 5660 --- [nubank-challenge-server] [restartedMain] org.hibernate.orm.connections.pooling    : HHH10001005: Database info:
	Database JDBC URL [Connecting through datasource 'HikariDataSource (HikariPool-57)']
	Database driver: undefined/unknown
	Database version: 15.15
	Autocommit mode: undefined/unknown
	Isolation level: undefined/unknown
	Minimum pool size: undefined/unknown
	Maximum pool size: undefined/unknown
2025-11-20T20:53:47.028-03:00  INFO 5660 --- [nubank-challenge-server] [restartedMain] o.h.e.t.j.p.i.JtaPlatformInitiator       : HHH000489: No JTA platform available (set 'hibernate.transaction.jta.platform' to enable JTA platform integration)
2025-11-20T20:53:47.028-03:00 DEBUG 5660 --- [nubank-challenge-server] [restartedMain] org.hibernate.SQL                        : 
    set client_min_messages = WARNING
2025-11-20T20:53:47.029-03:00 DEBUG 5660 --- [nubank-challenge-server] [restartedMain] org.hibernate.SQL                        : 
    alter table if exists contacts 
       drop constraint if exists FK94mnsowcdm8tow68ha3xudt48
2025-11-20T20:53:47.034-03:00 DEBUG 5660 --- [nubank-challenge-server] [restartedMain] org.hibernate.SQL                        : 
    drop table if exists clients cascade
2025-11-20T20:53:47.038-03:00 DEBUG 5660 --- [nubank-challenge-server] [restartedMain] org.hibernate.SQL                        : 
    drop table if exists contacts cascade
2025-11-20T20:53:47.042-03:00 DEBUG 5660 --- [nubank-challenge-server] [restartedMain] org.hibernate.SQL                        : 
    create table clients (
        id bigint generated by default as identity,
        name varchar(100) not null,
        primary key (id)
    )
2025-11-20T20:53:47.052-03:00 DEBUG 5660 --- [nubank-challenge-server] [restartedMain] org.hibernate.SQL                        : 
    create table contacts (
        client_id bigint not null,
        id bigint generated by default as identity,
        phone_number varchar(20),
        email varchar(100),
        primary key (id)
    )
2025-11-20T20:53:47.061-03:00 DEBUG 5660 --- [nubank-challenge-server] [restartedMain] org.hibernate.SQL                        : 
    alter table if exists contacts 
       add constraint FK94mnsowcdm8tow68ha3xudt48 
       foreign key (client_id) 
       references clients
2025-11-20T20:53:47.066-03:00  INFO 5660 --- [nubank-challenge-server] [restartedMain] j.LocalContainerEntityManagerFactoryBean : Initialized JPA EntityManagerFactory for persistence unit 'default'
2025-11-20T20:53:47.169-03:00  INFO 5660 --- [nubank-challenge-server] [restartedMain] o.s.b.d.a.OptionalLiveReloadServer       : LiveReload server is running on port 35729
2025-11-20T20:53:47.171-03:00  INFO 5660 --- [nubank-challenge-server] [restartedMain] o.s.b.a.e.web.EndpointLinksResolver      : Exposing 1 endpoint beneath base path '/actuator'
2025-11-20T20:53:47.181-03:00  INFO 5660 --- [nubank-challenge-server] [restartedMain] o.s.b.w.embedded.tomcat.TomcatWebServer  : Tomcat started on port 8080 (http) with context path '/'
2025-11-20T20:53:47.188-03:00  INFO 5660 --- [nubank-challenge-server] [restartedMain] c.c.n.NubankChallengeServerApplication   : Started NubankChallengeServerApplication in 0.406 seconds (process running for 4631.749)
2025-11-20T20:53:47.190-03:00  INFO 5660 --- [nubank-challenge-server] [restartedMain] .ConditionEvaluationDeltaLoggingListener : Condition evaluation unchanged
2025-11-20T20:53:48.573-03:00  INFO 5660 --- [nubank-challenge-server] [File Watcher] rtingClassPathChangeChangedEventListener : Restarting due to 1 class path change (0 additions, 0 deletions, 1 modification)
2025-11-20T20:53:48.575-03:00  INFO 5660 --- [nubank-challenge-server] [Thread-209] o.s.b.w.e.tomcat.GracefulShutdown        : Commencing graceful shutdown. Waiting for active requests to complete
2025-11-20T20:53:48.578-03:00  INFO 5660 --- [nubank-challenge-server] [tomcat-shutdown] o.s.b.w.e.tomcat.GracefulShutdown        : Graceful shutdown complete
2025-11-20T20:53:48.581-03:00  INFO 5660 --- [nubank-challenge-server] [Thread-209] j.LocalContainerEntityManagerFactoryBean : Closing JPA EntityManagerFactory for persistence unit 'default'
2025-11-20T20:53:48.582-03:00  INFO 5660 --- [nubank-challenge-server] [Thread-209] com.zaxxer.hikari.HikariDataSource       : HikariPool-57 - Shutdown initiated...
2025-11-20T20:53:48.584-03:00  INFO 5660 --- [nubank-challenge-server] [Thread-209] com.zaxxer.hikari.HikariDataSource       : HikariPool-57 - Shutdown completed.
2025-11-20T20:53:48.670-03:00  INFO 5660 --- [nubank-challenge-server] [restartedMain] c.c.n.NubankChallengeServerApplication   : Starting NubankChallengeServerApplication using Java 17.0.14 with PID 5660 (/home/cardosofiles/www/java/development/nubank-challenge-server/target/classes started by cardosofiles in /home/cardosofiles/www/java/development/nubank-challenge-server)
2025-11-20T20:53:48.670-03:00 DEBUG 5660 --- [nubank-challenge-server] [restartedMain] c.c.n.NubankChallengeServerApplication   : Running with Spring Boot v3.5.8, Spring v6.2.14
2025-11-20T20:53:48.670-03:00  INFO 5660 --- [nubank-challenge-server] [restartedMain] c.c.n.NubankChallengeServerApplication   : The following 1 profile is active: "dev"
2025-11-20T20:53:48.778-03:00  INFO 5660 --- [nubank-challenge-server] [restartedMain] .s.d.r.c.RepositoryConfigurationDelegate : Bootstrapping Spring Data JPA repositories in DEFAULT mode.
2025-11-20T20:53:48.782-03:00  INFO 5660 --- [nubank-challenge-server] [restartedMain] .s.d.r.c.RepositoryConfigurationDelegate : Finished Spring Data repository scanning in 3 ms. Found 2 JPA repository interfaces.
2025-11-20T20:53:48.827-03:00  INFO 5660 --- [nubank-challenge-server] [restartedMain] o.s.b.w.embedded.tomcat.TomcatWebServer  : Tomcat initialized with port 8080 (http)
2025-11-20T20:53:48.828-03:00  INFO 5660 --- [nubank-challenge-server] [restartedMain] o.apache.catalina.core.StandardService   : Starting service [Tomcat]
2025-11-20T20:53:48.828-03:00  INFO 5660 --- [nubank-challenge-server] [restartedMain] o.apache.catalina.core.StandardEngine    : Starting Servlet engine: [Apache Tomcat/10.1.49]
2025-11-20T20:53:48.833-03:00  INFO 5660 --- [nubank-challenge-server] [restartedMain] o.a.c.c.C.[Tomcat-18].[localhost].[/]    : Initializing Spring embedded WebApplicationContext
2025-11-20T20:53:48.833-03:00  INFO 5660 --- [nubank-challenge-server] [restartedMain] w.s.c.ServletWebServerApplicationContext : Root WebApplicationContext: initialization completed in 162 ms
2025-11-20T20:53:48.866-03:00  INFO 5660 --- [nubank-challenge-server] [restartedMain] o.hibernate.jpa.internal.util.LogHelper  : HHH000204: Processing PersistenceUnitInfo [name: default]
2025-11-20T20:53:48.867-03:00  INFO 5660 --- [nubank-challenge-server] [restartedMain] o.h.c.internal.RegionFactoryInitiator    : HHH000026: Second-level cache disabled
2025-11-20T20:53:48.869-03:00  INFO 5660 --- [nubank-challenge-server] [restartedMain] o.s.o.j.p.SpringPersistenceUnitInfo      : No LoadTimeWeaver setup: ignoring JPA class transformer
2025-11-20T20:53:48.870-03:00  INFO 5660 --- [nubank-challenge-server] [restartedMain] com.zaxxer.hikari.HikariDataSource       : HikariPool-58 - Starting...
2025-11-20T20:53:48.883-03:00  INFO 5660 --- [nubank-challenge-server] [restartedMain] com.zaxxer.hikari.pool.HikariPool        : HikariPool-58 - Added connection org.postgresql.jdbc.PgConnection@74616299
2025-11-20T20:53:48.883-03:00  INFO 5660 --- [nubank-challenge-server] [restartedMain] com.zaxxer.hikari.HikariDataSource       : HikariPool-58 - Start completed.
2025-11-20T20:53:48.885-03:00  WARN 5660 --- [nubank-challenge-server] [restartedMain] org.hibernate.orm.deprecation            : HHH90000025: PostgreSQLDialect does not need to be specified explicitly using 'hibernate.dialect' (remove the property setting and it will be selected by default)
2025-11-20T20:53:48.886-03:00  INFO 5660 --- [nubank-challenge-server] [restartedMain] org.hibernate.orm.connections.pooling    : HHH10001005: Database info:
	Database JDBC URL [Connecting through datasource 'HikariDataSource (HikariPool-58)']
	Database driver: undefined/unknown
	Database version: 15.15
	Autocommit mode: undefined/unknown
	Isolation level: undefined/unknown
	Minimum pool size: undefined/unknown
	Maximum pool size: undefined/unknown
2025-11-20T20:53:48.902-03:00  INFO 5660 --- [nubank-challenge-server] [restartedMain] o.h.e.t.j.p.i.JtaPlatformInitiator       : HHH000489: No JTA platform available (set 'hibernate.transaction.jta.platform' to enable JTA platform integration)
2025-11-20T20:53:48.902-03:00 DEBUG 5660 --- [nubank-challenge-server] [restartedMain] org.hibernate.SQL                        : 
    set client_min_messages = WARNING
2025-11-20T20:53:48.903-03:00 DEBUG 5660 --- [nubank-challenge-server] [restartedMain] org.hibernate.SQL                        : 
    alter table if exists contacts 
       drop constraint if exists FK94mnsowcdm8tow68ha3xudt48
2025-11-20T20:53:48.918-03:00 DEBUG 5660 --- [nubank-challenge-server] [restartedMain] org.hibernate.SQL                        : 
    drop table if exists clients cascade
2025-11-20T20:53:48.924-03:00 DEBUG 5660 --- [nubank-challenge-server] [restartedMain] org.hibernate.SQL                        : 
    drop table if exists contacts cascade
2025-11-20T20:53:48.930-03:00 DEBUG 5660 --- [nubank-challenge-server] [restartedMain] org.hibernate.SQL                        : 
    create table clients (
        id bigint generated by default as identity,
        name varchar(100) not null,
        primary key (id)
    )
2025-11-20T20:53:48.944-03:00 DEBUG 5660 --- [nubank-challenge-server] [restartedMain] org.hibernate.SQL                        : 
    create table contacts (
        client_id bigint not null,
        id bigint generated by default as identity,
        phone_number varchar(20),
        email varchar(100),
        primary key (id)
    )
2025-11-20T20:53:48.956-03:00 DEBUG 5660 --- [nubank-challenge-server] [restartedMain] org.hibernate.SQL                        : 
    alter table if exists contacts 
       add constraint FK94mnsowcdm8tow68ha3xudt48 
       foreign key (client_id) 
       references clients
2025-11-20T20:53:48.965-03:00  INFO 5660 --- [nubank-challenge-server] [restartedMain] j.LocalContainerEntityManagerFactoryBean : Initialized JPA EntityManagerFactory for persistence unit 'default'
2025-11-20T20:53:49.073-03:00  INFO 5660 --- [nubank-challenge-server] [restartedMain] o.s.b.d.a.OptionalLiveReloadServer       : LiveReload server is running on port 35729
2025-11-20T20:53:49.075-03:00  INFO 5660 --- [nubank-challenge-server] [restartedMain] o.s.b.a.e.web.EndpointLinksResolver      : Exposing 1 endpoint beneath base path '/actuator'
2025-11-20T20:53:49.086-03:00  INFO 5660 --- [nubank-challenge-server] [restartedMain] o.s.b.w.embedded.tomcat.TomcatWebServer  : Tomcat started on port 8080 (http) with context path '/'
2025-11-20T20:53:49.093-03:00  INFO 5660 --- [nubank-challenge-server] [restartedMain] c.c.n.NubankChallengeServerApplication   : Started NubankChallengeServerApplication in 0.433 seconds (process running for 4633.653)
2025-11-20T20:53:49.095-03:00  INFO 5660 --- [nubank-challenge-server] [restartedMain] .ConditionEvaluationDeltaLoggingListener : Condition evaluation unchanged
2025-11-20T20:54:07.013-03:00  INFO 5660 --- [nubank-challenge-server] [SpringApplicationShutdownHook] o.s.b.w.e.tomcat.GracefulShutdown        : Commencing graceful shutdown. Waiting for active requests to complete
2025-11-20T20:54:07.015-03:00  INFO 5660 --- [nubank-challenge-server] [tomcat-shutdown] o.s.b.w.e.tomcat.GracefulShutdown        : Graceful shutdown complete
2025-11-20T20:54:07.019-03:00  INFO 5660 --- [nubank-challenge-server] [SpringApplicationShutdownHook] j.LocalContainerEntityManagerFactoryBean : Closing JPA EntityManagerFactory for persistence unit 'default'
2025-11-20T20:54:07.019-03:00  INFO 5660 --- [nubank-challenge-server] [SpringApplicationShutdownHook] com.zaxxer.hikari.HikariDataSource       : HikariPool-58 - Shutdown initiated...
2025-11-20T20:54:07.020-03:00  INFO 5660 --- [nubank-challenge-server] [SpringApplicationShutdownHook] com.zaxxer.hikari.HikariDataSource       : HikariPool-58 - Shutdown completed.
2025-11-20T20:54:44.866-03:00  INFO 43350 --- [nubank-challenge-server] [restartedMain] c.c.n.NubankChallengeServerApplication   : Starting NubankChallengeServerApplication using Java 17.0.14 with PID 43350 (/home/cardosofiles/www/java/development/nubank-challenge-server/target/classes started by cardosofiles in /home/cardosofiles/www/java/development/nubank-challenge-server)
2025-11-20T20:54:44.867-03:00 DEBUG 43350 --- [nubank-challenge-server] [restartedMain] c.c.n.NubankChallengeServerApplication   : Running with Spring Boot v3.5.8, Spring v6.2.14
2025-11-20T20:54:44.868-03:00  INFO 43350 --- [nubank-challenge-server] [restartedMain] c.c.n.NubankChallengeServerApplication   : The following 1 profile is active: "dev"
2025-11-20T20:54:44.901-03:00  INFO 43350 --- [nubank-challenge-server] [restartedMain] .e.DevToolsPropertyDefaultsPostProcessor : Devtools property defaults active! Set 'spring.devtools.add-properties' to 'false' to disable
2025-11-20T20:54:44.901-03:00  INFO 43350 --- [nubank-challenge-server] [restartedMain] .e.DevToolsPropertyDefaultsPostProcessor : For additional web related logging consider setting the 'logging.level.web' property to 'DEBUG'
2025-11-20T20:54:45.481-03:00  INFO 43350 --- [nubank-challenge-server] [restartedMain] .s.d.r.c.RepositoryConfigurationDelegate : Bootstrapping Spring Data JPA repositories in DEFAULT mode.
2025-11-20T20:54:45.517-03:00  INFO 43350 --- [nubank-challenge-server] [restartedMain] .s.d.r.c.RepositoryConfigurationDelegate : Finished Spring Data repository scanning in 30 ms. Found 2 JPA repository interfaces.
2025-11-20T20:54:45.843-03:00  INFO 43350 --- [nubank-challenge-server] [restartedMain] o.s.b.w.embedded.tomcat.TomcatWebServer  : Tomcat initialized with port 8080 (http)
2025-11-20T20:54:45.855-03:00  INFO 43350 --- [nubank-challenge-server] [restartedMain] o.apache.catalina.core.StandardService   : Starting service [Tomcat]
2025-11-20T20:54:45.856-03:00  INFO 43350 --- [nubank-challenge-server] [restartedMain] o.apache.catalina.core.StandardEngine    : Starting Servlet engine: [Apache Tomcat/10.1.49]
2025-11-20T20:54:45.885-03:00  INFO 43350 --- [nubank-challenge-server] [restartedMain] o.a.c.c.C.[Tomcat].[localhost].[/]       : Initializing Spring embedded WebApplicationContext
2025-11-20T20:54:45.885-03:00  INFO 43350 --- [nubank-challenge-server] [restartedMain] w.s.c.ServletWebServerApplicationContext : Root WebApplicationContext: initialization completed in 983 ms
2025-11-20T20:54:46.056-03:00  INFO 43350 --- [nubank-challenge-server] [restartedMain] o.hibernate.jpa.internal.util.LogHelper  : HHH000204: Processing PersistenceUnitInfo [name: default]
2025-11-20T20:54:46.089-03:00  INFO 43350 --- [nubank-challenge-server] [restartedMain] org.hibernate.Version                    : HHH000412: Hibernate ORM core version 6.6.36.Final
2025-11-20T20:54:46.110-03:00  INFO 43350 --- [nubank-challenge-server] [restartedMain] o.h.c.internal.RegionFactoryInitiator    : HHH000026: Second-level cache disabled
2025-11-20T20:54:46.310-03:00  INFO 43350 --- [nubank-challenge-server] [restartedMain] o.s.o.j.p.SpringPersistenceUnitInfo      : No LoadTimeWeaver setup: ignoring JPA class transformer
2025-11-20T20:54:46.331-03:00  INFO 43350 --- [nubank-challenge-server] [restartedMain] com.zaxxer.hikari.HikariDataSource       : HikariPool-1 - Starting...
2025-11-20T20:54:46.428-03:00  INFO 43350 --- [nubank-challenge-server] [restartedMain] com.zaxxer.hikari.pool.HikariPool        : HikariPool-1 - Added connection org.postgresql.jdbc.PgConnection@e8f4105
2025-11-20T20:54:46.429-03:00  INFO 43350 --- [nubank-challenge-server] [restartedMain] com.zaxxer.hikari.HikariDataSource       : HikariPool-1 - Start completed.
2025-11-20T20:54:46.463-03:00  WARN 43350 --- [nubank-challenge-server] [restartedMain] org.hibernate.orm.deprecation            : HHH90000025: PostgreSQLDialect does not need to be specified explicitly using 'hibernate.dialect' (remove the property setting and it will be selected by default)
2025-11-20T20:54:46.485-03:00  INFO 43350 --- [nubank-challenge-server] [restartedMain] org.hibernate.orm.connections.pooling    : HHH10001005: Database info:
	Database JDBC URL [Connecting through datasource 'HikariDataSource (HikariPool-1)']
	Database driver: undefined/unknown
	Database version: 15.15
	Autocommit mode: undefined/unknown
	Isolation level: undefined/unknown
	Minimum pool size: undefined/unknown
	Maximum pool size: undefined/unknown
2025-11-20T20:54:47.059-03:00  INFO 43350 --- [nubank-challenge-server] [restartedMain] o.h.e.t.j.p.i.JtaPlatformInitiator       : HHH000489: No JTA platform available (set 'hibernate.transaction.jta.platform' to enable JTA platform integration)
2025-11-20T20:54:47.067-03:00 DEBUG 43350 --- [nubank-challenge-server] [restartedMain] org.hibernate.SQL                        : 
    set client_min_messages = WARNING
2025-11-20T20:54:47.069-03:00 DEBUG 43350 --- [nubank-challenge-server] [restartedMain] org.hibernate.SQL                        : 
    alter table if exists contacts 
       drop constraint if exists FK94mnsowcdm8tow68ha3xudt48
2025-11-20T20:54:47.077-03:00 DEBUG 43350 --- [nubank-challenge-server] [restartedMain] org.hibernate.SQL                        : 
    drop table if exists clients cascade
2025-11-20T20:54:47.082-03:00 DEBUG 43350 --- [nubank-challenge-server] [restartedMain] org.hibernate.SQL                        : 
    drop table if exists contacts cascade
2025-11-20T20:54:47.090-03:00 DEBUG 43350 --- [nubank-challenge-server] [restartedMain] org.hibernate.SQL                        : 
    create table clients (
        id bigint generated by default as identity,
        name varchar(100) not null,
        primary key (id)
    )
2025-11-20T20:54:47.103-03:00 DEBUG 43350 --- [nubank-challenge-server] [restartedMain] org.hibernate.SQL                        : 
    create table contacts (
        client_id bigint not null,
        id bigint generated by default as identity,
        phone_number varchar(20),
        email varchar(100),
        primary key (id)
    )
2025-11-20T20:54:47.113-03:00 DEBUG 43350 --- [nubank-challenge-server] [restartedMain] org.hibernate.SQL                        : 
    alter table if exists contacts 
       add constraint FK94mnsowcdm8tow68ha3xudt48 
       foreign key (client_id) 
       references clients
2025-11-20T20:54:47.119-03:00  INFO 43350 --- [nubank-challenge-server] [restartedMain] j.LocalContainerEntityManagerFactoryBean : Initialized JPA EntityManagerFactory for persistence unit 'default'
2025-11-20T20:54:48.222-03:00  INFO 43350 --- [nubank-challenge-server] [restartedMain] o.s.b.d.a.OptionalLiveReloadServer       : LiveReload server is running on port 35729
2025-11-20T20:54:48.227-03:00  INFO 43350 --- [nubank-challenge-server] [restartedMain] o.s.b.a.e.web.EndpointLinksResolver      : Exposing 1 endpoint beneath base path '/actuator'
2025-11-20T20:54:48.293-03:00  INFO 43350 --- [nubank-challenge-server] [restartedMain] o.s.b.w.embedded.tomcat.TomcatWebServer  : Tomcat started on port 8080 (http) with context path '/'
2025-11-20T20:54:48.313-03:00  INFO 43350 --- [nubank-challenge-server] [restartedMain] c.c.n.NubankChallengeServerApplication   : Started NubankChallengeServerApplication in 3.77 seconds (process running for 3.386)
2025-11-20T20:55:31.924-03:00  INFO 43350 --- [nubank-challenge-server] [http-nio-8080-exec-1] o.a.c.c.C.[Tomcat].[localhost].[/]       : Initializing Spring DispatcherServlet 'dispatcherServlet'
2025-11-20T20:55:31.924-03:00  INFO 43350 --- [nubank-challenge-server] [http-nio-8080-exec-1] o.s.web.servlet.DispatcherServlet        : Initializing Servlet 'dispatcherServlet'
2025-11-20T20:55:31.925-03:00  INFO 43350 --- [nubank-challenge-server] [http-nio-8080-exec-1] o.s.web.servlet.DispatcherServlet        : Completed initialization in 1 ms
2025-11-20T20:55:32.236-03:00 ERROR 43350 --- [nubank-challenge-server] [http-nio-8080-exec-2] c.c.n.exception.GlobalExceptionHandler   : Erro interno do servidor

org.springframework.web.servlet.resource.NoResourceFoundException: No static resource favicon.ico.
	at org.springframework.web.servlet.resource.ResourceHttpRequestHandler.handleRequest(ResourceHttpRequestHandler.java:585) ~[spring-webmvc-6.2.14.jar:6.2.14]
	at org.springframework.web.servlet.mvc.HttpRequestHandlerAdapter.handle(HttpRequestHandlerAdapter.java:52) ~[spring-webmvc-6.2.14.jar:6.2.14]
	at org.springframework.web.servlet.DispatcherServlet.doDispatch(DispatcherServlet.java:1089) ~[spring-webmvc-6.2.14.jar:6.2.14]
	at org.springframework.web.servlet.DispatcherServlet.doService(DispatcherServlet.java:979) ~[spring-webmvc-6.2.14.jar:6.2.14]
	at org.springframework.web.servlet.FrameworkServlet.processRequest(FrameworkServlet.java:1014) ~[spring-webmvc-6.2.14.jar:6.2.14]
	at org.springframework.web.servlet.FrameworkServlet.doGet(FrameworkServlet.java:903) ~[spring-webmvc-6.2.14.jar:6.2.14]
	at jakarta.servlet.http.HttpServlet.service(HttpServlet.java:564) ~[tomcat-embed-core-10.1.49.jar:6.0]
	at org.springframework.web.servlet.FrameworkServlet.service(FrameworkServlet.java:885) ~[spring-webmvc-6.2.14.jar:6.2.14]
	at jakarta.servlet.http.HttpServlet.service(HttpServlet.java:658) ~[tomcat-embed-core-10.1.49.jar:6.0]
	at org.apache.catalina.core.ApplicationFilterChain.internalDoFilter(ApplicationFilterChain.java:193) ~[tomcat-embed-core-10.1.49.jar:10.1.49]
	at org.apache.catalina.core.ApplicationFilterChain.doFilter(ApplicationFilterChain.java:138) ~[tomcat-embed-core-10.1.49.jar:10.1.49]
	at org.apache.tomcat.websocket.server.WsFilter.doFilter(WsFilter.java:51) ~[tomcat-embed-websocket-10.1.49.jar:10.1.49]
	at org.apache.catalina.core.ApplicationFilterChain.internalDoFilter(ApplicationFilterChain.java:162) ~[tomcat-embed-core-10.1.49.jar:10.1.49]
	at org.apache.catalina.core.ApplicationFilterChain.doFilter(ApplicationFilterChain.java:138) ~[tomcat-embed-core-10.1.49.jar:10.1.49]
	at org.springframework.web.filter.CorsFilter.doFilterInternal(CorsFilter.java:91) ~[spring-web-6.2.14.jar:6.2.14]
	at org.springframework.web.filter.OncePerRequestFilter.doFilter(OncePerRequestFilter.java:116) ~[spring-web-6.2.14.jar:6.2.14]
	at org.apache.catalina.core.ApplicationFilterChain.internalDoFilter(ApplicationFilterChain.java:162) ~[tomcat-embed-core-10.1.49.jar:10.1.49]
	at org.apache.catalina.core.ApplicationFilterChain.doFilter(ApplicationFilterChain.java:138) ~[tomcat-embed-core-10.1.49.jar:10.1.49]
	at org.springframework.web.filter.RequestContextFilter.doFilterInternal(RequestContextFilter.java:100) ~[spring-web-6.2.14.jar:6.2.14]
	at org.springframework.web.filter.OncePerRequestFilter.doFilter(OncePerRequestFilter.java:116) ~[spring-web-6.2.14.jar:6.2.14]
	at org.apache.catalina.core.ApplicationFilterChain.internalDoFilter(ApplicationFilterChain.java:162) ~[tomcat-embed-core-10.1.49.jar:10.1.49]
	at org.apache.catalina.core.ApplicationFilterChain.doFilter(ApplicationFilterChain.java:138) ~[tomcat-embed-core-10.1.49.jar:10.1.49]
	at org.springframework.web.filter.FormContentFilter.doFilterInternal(FormContentFilter.java:93) ~[spring-web-6.2.14.jar:6.2.14]
	at org.springframework.web.filter.OncePerRequestFilter.doFilter(OncePerRequestFilter.java:116) ~[spring-web-6.2.14.jar:6.2.14]
	at org.apache.catalina.core.ApplicationFilterChain.internalDoFilter(ApplicationFilterChain.java:162) ~[tomcat-embed-core-10.1.49.jar:10.1.49]
	at org.apache.catalina.core.ApplicationFilterChain.doFilter(ApplicationFilterChain.java:138) ~[tomcat-embed-core-10.1.49.jar:10.1.49]
	at org.springframework.web.filter.ServerHttpObservationFilter.doFilterInternal(ServerHttpObservationFilter.java:110) ~[spring-web-6.2.14.jar:6.2.14]
	at org.springframework.web.filter.OncePerRequestFilter.doFilter(OncePerRequestFilter.java:116) ~[spring-web-6.2.14.jar:6.2.14]
	at org.apache.catalina.core.ApplicationFilterChain.internalDoFilter(ApplicationFilterChain.java:162) ~[tomcat-embed-core-10.1.49.jar:10.1.49]
	at org.apache.catalina.core.ApplicationFilterChain.doFilter(ApplicationFilterChain.java:138) ~[tomcat-embed-core-10.1.49.jar:10.1.49]
	at org.springframework.web.filter.CharacterEncodingFilter.doFilterInternal(CharacterEncodingFilter.java:201) ~[spring-web-6.2.14.jar:6.2.14]
	at org.springframework.web.filter.OncePerRequestFilter.doFilter(OncePerRequestFilter.java:116) ~[spring-web-6.2.14.jar:6.2.14]
	at org.apache.catalina.core.ApplicationFilterChain.internalDoFilter(ApplicationFilterChain.java:162) ~[tomcat-embed-core-10.1.49.jar:10.1.49]
	at org.apache.catalina.core.ApplicationFilterChain.doFilter(ApplicationFilterChain.java:138) ~[tomcat-embed-core-10.1.49.jar:10.1.49]
	at org.apache.catalina.core.StandardWrapperValve.invoke(StandardWrapperValve.java:165) ~[tomcat-embed-core-10.1.49.jar:10.1.49]
	at org.apache.catalina.core.StandardContextValve.invoke(StandardContextValve.java:88) ~[tomcat-embed-core-10.1.49.jar:10.1.49]
	at org.apache.catalina.authenticator.AuthenticatorBase.invoke(AuthenticatorBase.java:482) ~[tomcat-embed-core-10.1.49.jar:10.1.49]
	at org.apache.catalina.core.StandardHostValve.invoke(StandardHostValve.java:113) ~[tomcat-embed-core-10.1.49.jar:10.1.49]
	at org.apache.catalina.valves.ErrorReportValve.invoke(ErrorReportValve.java:83) ~[tomcat-embed-core-10.1.49.jar:10.1.49]
	at org.apache.catalina.core.StandardEngineValve.invoke(StandardEngineValve.java:72) ~[tomcat-embed-core-10.1.49.jar:10.1.49]
	at org.apache.catalina.connector.CoyoteAdapter.service(CoyoteAdapter.java:342) ~[tomcat-embed-core-10.1.49.jar:10.1.49]
	at org.apache.coyote.http11.Http11Processor.service(Http11Processor.java:399) ~[tomcat-embed-core-10.1.49.jar:10.1.49]
	at org.apache.coyote.AbstractProcessorLight.process(AbstractProcessorLight.java:63) ~[tomcat-embed-core-10.1.49.jar:10.1.49]
	at org.apache.coyote.AbstractProtocol$ConnectionHandler.process(AbstractProtocol.java:903) ~[tomcat-embed-core-10.1.49.jar:10.1.49]
	at org.apache.tomcat.util.net.NioEndpoint$SocketProcessor.doRun(NioEndpoint.java:1774) ~[tomcat-embed-core-10.1.49.jar:10.1.49]
	at org.apache.tomcat.util.net.SocketProcessorBase.run(SocketProcessorBase.java:52) ~[tomcat-embed-core-10.1.49.jar:10.1.49]
	at org.apache.tomcat.util.threads.ThreadPoolExecutor.runWorker(ThreadPoolExecutor.java:973) ~[tomcat-embed-core-10.1.49.jar:10.1.49]
	at org.apache.tomcat.util.threads.ThreadPoolExecutor$Worker.run(ThreadPoolExecutor.java:491) ~[tomcat-embed-core-10.1.49.jar:10.1.49]
	at org.apache.tomcat.util.threads.TaskThread$WrappingRunnable.run(TaskThread.java:63) ~[tomcat-embed-core-10.1.49.jar:10.1.49]
	at java.base/java.lang.Thread.run(Thread.java:840) ~[na:na]

2025-11-20T20:55:32.271-03:00  WARN 43350 --- [nubank-challenge-server] [http-nio-8080-exec-2] .m.m.a.ExceptionHandlerExceptionResolver : Resolved [org.springframework.web.servlet.resource.NoResourceFoundException: No static resource favicon.ico.]
2025-11-20T20:56:39.061-03:00  INFO 43350 --- [nubank-challenge-server] [File Watcher] rtingClassPathChangeChangedEventListener : Restarting due to 1 class path change (0 additions, 0 deletions, 1 modification)
2025-11-20T20:56:39.067-03:00  INFO 43350 --- [nubank-challenge-server] [Thread-5] o.s.b.w.e.tomcat.GracefulShutdown        : Commencing graceful shutdown. Waiting for active requests to complete
2025-11-20T20:56:39.070-03:00  INFO 43350 --- [nubank-challenge-server] [tomcat-shutdown] o.s.b.w.e.tomcat.GracefulShutdown        : Graceful shutdown complete
2025-11-20T20:56:39.075-03:00  INFO 43350 --- [nubank-challenge-server] [Thread-5] j.LocalContainerEntityManagerFactoryBean : Closing JPA EntityManagerFactory for persistence unit 'default'
2025-11-20T20:56:39.089-03:00  INFO 43350 --- [nubank-challenge-server] [Thread-5] com.zaxxer.hikari.HikariDataSource       : HikariPool-1 - Shutdown initiated...
2025-11-20T20:56:39.091-03:00  INFO 43350 --- [nubank-challenge-server] [Thread-5] com.zaxxer.hikari.HikariDataSource       : HikariPool-1 - Shutdown completed.
2025-11-20T20:56:39.159-03:00  INFO 43350 --- [nubank-challenge-server] [restartedMain] c.c.n.NubankChallengeServerApplication   : Starting NubankChallengeServerApplication using Java 17.0.14 with PID 43350 (/home/cardosofiles/www/java/development/nubank-challenge-server/target/classes started by cardosofiles in /home/cardosofiles/www/java/development/nubank-challenge-server)
2025-11-20T20:56:39.160-03:00 DEBUG 43350 --- [nubank-challenge-server] [restartedMain] c.c.n.NubankChallengeServerApplication   : Running with Spring Boot v3.5.8, Spring v6.2.14
2025-11-20T20:56:39.160-03:00  INFO 43350 --- [nubank-challenge-server] [restartedMain] c.c.n.NubankChallengeServerApplication   : The following 1 profile is active: "dev"
2025-11-20T20:56:39.315-03:00  INFO 43350 --- [nubank-challenge-server] [restartedMain] .s.d.r.c.RepositoryConfigurationDelegate : Bootstrapping Spring Data JPA repositories in DEFAULT mode.
2025-11-20T20:56:39.321-03:00  INFO 43350 --- [nubank-challenge-server] [restartedMain] .s.d.r.c.RepositoryConfigurationDelegate : Finished Spring Data repository scanning in 5 ms. Found 2 JPA repository interfaces.
2025-11-20T20:56:39.380-03:00  INFO 43350 --- [nubank-challenge-server] [restartedMain] o.s.b.w.embedded.tomcat.TomcatWebServer  : Tomcat initialized with port 8080 (http)
2025-11-20T20:56:39.381-03:00  INFO 43350 --- [nubank-challenge-server] [restartedMain] o.apache.catalina.core.StandardService   : Starting service [Tomcat]
2025-11-20T20:56:39.381-03:00  INFO 43350 --- [nubank-challenge-server] [restartedMain] o.apache.catalina.core.StandardEngine    : Starting Servlet engine: [Apache Tomcat/10.1.49]
2025-11-20T20:56:39.389-03:00  INFO 43350 --- [nubank-challenge-server] [restartedMain] o.a.c.c.C.[Tomcat].[localhost].[/]       : Initializing Spring embedded WebApplicationContext
2025-11-20T20:56:39.389-03:00  INFO 43350 --- [nubank-challenge-server] [restartedMain] w.s.c.ServletWebServerApplicationContext : Root WebApplicationContext: initialization completed in 228 ms
2025-11-20T20:56:39.431-03:00  INFO 43350 --- [nubank-challenge-server] [restartedMain] o.hibernate.jpa.internal.util.LogHelper  : HHH000204: Processing PersistenceUnitInfo [name: default]
2025-11-20T20:56:39.433-03:00  INFO 43350 --- [nubank-challenge-server] [restartedMain] o.h.c.internal.RegionFactoryInitiator    : HHH000026: Second-level cache disabled
2025-11-20T20:56:39.438-03:00  INFO 43350 --- [nubank-challenge-server] [restartedMain] o.s.o.j.p.SpringPersistenceUnitInfo      : No LoadTimeWeaver setup: ignoring JPA class transformer
2025-11-20T20:56:39.439-03:00  INFO 43350 --- [nubank-challenge-server] [restartedMain] com.zaxxer.hikari.HikariDataSource       : HikariPool-2 - Starting...
2025-11-20T20:56:39.455-03:00  INFO 43350 --- [nubank-challenge-server] [restartedMain] com.zaxxer.hikari.pool.HikariPool        : HikariPool-2 - Added connection org.postgresql.jdbc.PgConnection@5a34c2e8
2025-11-20T20:56:39.455-03:00  INFO 43350 --- [nubank-challenge-server] [restartedMain] com.zaxxer.hikari.HikariDataSource       : HikariPool-2 - Start completed.
2025-11-20T20:56:39.458-03:00  WARN 43350 --- [nubank-challenge-server] [restartedMain] org.hibernate.orm.deprecation            : HHH90000025: PostgreSQLDialect does not need to be specified explicitly using 'hibernate.dialect' (remove the property setting and it will be selected by default)
2025-11-20T20:56:39.460-03:00  INFO 43350 --- [nubank-challenge-server] [restartedMain] org.hibernate.orm.connections.pooling    : HHH10001005: Database info:
	Database JDBC URL [Connecting through datasource 'HikariDataSource (HikariPool-2)']
	Database driver: undefined/unknown
	Database version: 15.15
	Autocommit mode: undefined/unknown
	Isolation level: undefined/unknown
	Minimum pool size: undefined/unknown
	Maximum pool size: undefined/unknown
2025-11-20T20:56:39.504-03:00  INFO 43350 --- [nubank-challenge-server] [restartedMain] o.h.e.t.j.p.i.JtaPlatformInitiator       : HHH000489: No JTA platform available (set 'hibernate.transaction.jta.platform' to enable JTA platform integration)
2025-11-20T20:56:39.505-03:00 DEBUG 43350 --- [nubank-challenge-server] [restartedMain] org.hibernate.SQL                        : 
    set client_min_messages = WARNING
2025-11-20T20:56:39.505-03:00 DEBUG 43350 --- [nubank-challenge-server] [restartedMain] org.hibernate.SQL                        : 
    alter table if exists contacts 
       drop constraint if exists FK94mnsowcdm8tow68ha3xudt48
2025-11-20T20:56:39.521-03:00 DEBUG 43350 --- [nubank-challenge-server] [restartedMain] org.hibernate.SQL                        : 
    drop table if exists clients cascade
2025-11-20T20:56:39.526-03:00 DEBUG 43350 --- [nubank-challenge-server] [restartedMain] org.hibernate.SQL                        : 
    drop table if exists contacts cascade
2025-11-20T20:56:39.532-03:00 DEBUG 43350 --- [nubank-challenge-server] [restartedMain] org.hibernate.SQL                        : 
    create table clients (
        id bigint generated by default as identity,
        name varchar(100) not null,
        primary key (id)
    )
2025-11-20T20:56:39.542-03:00 DEBUG 43350 --- [nubank-challenge-server] [restartedMain] org.hibernate.SQL                        : 
    create table contacts (
        client_id bigint not null,
        id bigint generated by default as identity,
        phone_number varchar(20),
        email varchar(100),
        primary key (id)
    )
2025-11-20T20:56:39.551-03:00 DEBUG 43350 --- [nubank-challenge-server] [restartedMain] org.hibernate.SQL                        : 
    alter table if exists contacts 
       add constraint FK94mnsowcdm8tow68ha3xudt48 
       foreign key (client_id) 
       references clients
2025-11-20T20:56:39.556-03:00  INFO 43350 --- [nubank-challenge-server] [restartedMain] j.LocalContainerEntityManagerFactoryBean : Initialized JPA EntityManagerFactory for persistence unit 'default'
2025-11-20T20:56:39.693-03:00  INFO 43350 --- [nubank-challenge-server] [restartedMain] o.s.b.d.a.OptionalLiveReloadServer       : LiveReload server is running on port 35729
2025-11-20T20:56:39.694-03:00  INFO 43350 --- [nubank-challenge-server] [restartedMain] o.s.b.a.e.web.EndpointLinksResolver      : Exposing 1 endpoint beneath base path '/actuator'
2025-11-20T20:56:39.707-03:00  INFO 43350 --- [nubank-challenge-server] [restartedMain] o.s.b.w.embedded.tomcat.TomcatWebServer  : Tomcat started on port 8080 (http) with context path '/'
2025-11-20T20:56:39.714-03:00  INFO 43350 --- [nubank-challenge-server] [restartedMain] c.c.n.NubankChallengeServerApplication   : Started NubankChallengeServerApplication in 0.573 seconds (process running for 108.868)
2025-11-20T20:56:39.716-03:00  INFO 43350 --- [nubank-challenge-server] [restartedMain] .ConditionEvaluationDeltaLoggingListener : Condition evaluation unchanged
2025-11-20T21:04:11.884-03:00  INFO 43350 --- [nubank-challenge-server] [http-nio-8080-exec-2] o.a.c.c.C.[Tomcat].[localhost].[/]       : Initializing Spring DispatcherServlet 'dispatcherServlet'
2025-11-20T21:04:11.886-03:00  INFO 43350 --- [nubank-challenge-server] [http-nio-8080-exec-2] o.s.web.servlet.DispatcherServlet        : Initializing Servlet 'dispatcherServlet'
2025-11-20T21:04:11.889-03:00  INFO 43350 --- [nubank-challenge-server] [http-nio-8080-exec-2] o.s.web.servlet.DispatcherServlet        : Completed initialization in 3 ms
2025-11-20T21:04:11.907-03:00  INFO 43350 --- [nubank-challenge-server] [http-nio-8080-exec-2] c.c.n.controller.ClientsController       : Requisição GET /api/clients
2025-11-20T21:04:11.914-03:00  INFO 43350 --- [nubank-challenge-server] [http-nio-8080-exec-2] c.c.n.services.ClientsService            : Buscando todos os clientes
2025-11-20T21:04:11.997-03:00 DEBUG 43350 --- [nubank-challenge-server] [http-nio-8080-exec-2] org.hibernate.SQL                        : 
    select
        c1_0.id,
        c1_0.name 
    from
        clients c1_0
2025-11-20T21:04:38.416-03:00  INFO 43350 --- [nubank-challenge-server] [http-nio-8080-exec-3] c.c.n.controller.ClientsController       : Requisição POST /api/clients - Cliente: João Silva
2025-11-20T21:04:38.417-03:00  INFO 43350 --- [nubank-challenge-server] [http-nio-8080-exec-3] c.c.n.services.ClientsService            : Salvando cliente: João Silva
2025-11-20T21:04:38.439-03:00 DEBUG 43350 --- [nubank-challenge-server] [http-nio-8080-exec-3] org.hibernate.SQL                        : 
    insert 
    into
        clients
        (name) 
    values
        (?)
2025-11-20T21:04:38.451-03:00 DEBUG 43350 --- [nubank-challenge-server] [http-nio-8080-exec-3] org.hibernate.SQL                        : 
    insert 
    into
        contacts
        (client_id, email, phone_number) 
    values
        (?, ?, ?)
2025-11-20T21:04:38.454-03:00 DEBUG 43350 --- [nubank-challenge-server] [http-nio-8080-exec-3] org.hibernate.SQL                        : 
    insert 
    into
        contacts
        (client_id, email, phone_number) 
    values
        (?, ?, ?)
2025-11-20T21:04:38.455-03:00  INFO 43350 --- [nubank-challenge-server] [http-nio-8080-exec-3] c.c.n.services.ClientsService            : Cliente salvo com sucesso. ID: 1
2025-11-20T21:05:15.005-03:00 ERROR 43350 --- [nubank-challenge-server] [http-nio-8080-exec-4] c.c.n.exception.GlobalExceptionHandler   : Erro de validação: Validation failed for argument [0] in public org.springframework.http.ResponseEntity<com.cardosofiles.nubank_challenge_server.dto.ClientsResponseDTO> com.cardosofiles.nubank_challenge_server.controller.ClientsController.createClient(com.cardosofiles.nubank_challenge_server.dto.ClientsDTO) with 2 errors: [Field error in object 'clientsDTO' on field 'name': rejected value []; codes [NotBlank.clientsDTO.name,NotBlank.name,NotBlank.java.lang.String,NotBlank]; arguments [org.springframework.context.support.DefaultMessageSourceResolvable: codes [clientsDTO.name,name]; arguments []; default message [name]]; default message [Nome é obrigatório]] [Field error in object 'clientsDTO' on field 'name': rejected value []; codes [Size.clientsDTO.name,Size.name,Size.java.lang.String,Size]; arguments [org.springframework.context.support.DefaultMessageSourceResolvable: codes [clientsDTO.name,name]; arguments []; default message [name],100,3]; default message [Nome deve ter entre 3 e 100 caracteres]] 
2025-11-20T21:05:15.010-03:00  WARN 43350 --- [nubank-challenge-server] [http-nio-8080-exec-4] .m.m.a.ExceptionHandlerExceptionResolver : Resolved [org.springframework.web.bind.MethodArgumentNotValidException: Validation failed for argument [0] in public org.springframework.http.ResponseEntity<com.cardosofiles.nubank_challenge_server.dto.ClientsResponseDTO> com.cardosofiles.nubank_challenge_server.controller.ClientsController.createClient(com.cardosofiles.nubank_challenge_server.dto.ClientsDTO) with 2 errors: [Field error in object 'clientsDTO' on field 'name': rejected value []; codes [NotBlank.clientsDTO.name,NotBlank.name,NotBlank.java.lang.String,NotBlank]; arguments [org.springframework.context.support.DefaultMessageSourceResolvable: codes [clientsDTO.name,name]; arguments []; default message [name]]; default message [Nome é obrigatório]] [Field error in object 'clientsDTO' on field 'name': rejected value []; codes [Size.clientsDTO.name,Size.name,Size.java.lang.String,Size]; arguments [org.springframework.context.support.DefaultMessageSourceResolvable: codes [clientsDTO.name,name]; arguments []; default message [name],100,3]; default message [Nome deve ter entre 3 e 100 caracteres]] ]
2025-11-20T21:05:29.098-03:00 ERROR 43350 --- [nubank-challenge-server] [http-nio-8080-exec-6] c.c.n.exception.GlobalExceptionHandler   : Erro de validação: Validation failed for argument [0] in public org.springframework.http.ResponseEntity<com.cardosofiles.nubank_challenge_server.dto.ClientsResponseDTO> com.cardosofiles.nubank_challenge_server.controller.ClientsController.createClient(com.cardosofiles.nubank_challenge_server.dto.ClientsDTO): [Field error in object 'clientsDTO' on field 'name': rejected value [Jo]; codes [Size.clientsDTO.name,Size.name,Size.java.lang.String,Size]; arguments [org.springframework.context.support.DefaultMessageSourceResolvable: codes [clientsDTO.name,name]; arguments []; default message [name],100,3]; default message [Nome deve ter entre 3 e 100 caracteres]] 
2025-11-20T21:05:29.100-03:00  WARN 43350 --- [nubank-challenge-server] [http-nio-8080-exec-6] .m.m.a.ExceptionHandlerExceptionResolver : Resolved [org.springframework.web.bind.MethodArgumentNotValidException: Validation failed for argument [0] in public org.springframework.http.ResponseEntity<com.cardosofiles.nubank_challenge_server.dto.ClientsResponseDTO> com.cardosofiles.nubank_challenge_server.controller.ClientsController.createClient(com.cardosofiles.nubank_challenge_server.dto.ClientsDTO): [Field error in object 'clientsDTO' on field 'name': rejected value [Jo]; codes [Size.clientsDTO.name,Size.name,Size.java.lang.String,Size]; arguments [org.springframework.context.support.DefaultMessageSourceResolvable: codes [clientsDTO.name,name]; arguments []; default message [name],100,3]; default message [Nome deve ter entre 3 e 100 caracteres]] ]
2025-11-20T21:05:41.626-03:00 ERROR 43350 --- [nubank-challenge-server] [http-nio-8080-exec-8] c.c.n.exception.GlobalExceptionHandler   : Erro de validação: Validation failed for argument [0] in public org.springframework.http.ResponseEntity<com.cardosofiles.nubank_challenge_server.dto.ClientsResponseDTO> com.cardosofiles.nubank_challenge_server.controller.ClientsController.createClient(com.cardosofiles.nubank_challenge_server.dto.ClientsDTO): [Field error in object 'clientsDTO' on field 'contacts[0].email': rejected value [email-invalido]; codes [Email.clientsDTO.contacts[0].email,Email.clientsDTO.contacts.email,Email.contacts[0].email,Email.contacts.email,Email.email,Email.java.lang.String,Email]; arguments [org.springframework.context.support.DefaultMessageSourceResolvable: codes [clientsDTO.contacts[0].email,contacts[0].email]; arguments []; default message [contacts[0].email],[Ljakarta.validation.constraints.Pattern$Flag;@634b0ba1,.*]; default message [Email inválido]] 
2025-11-20T21:05:41.627-03:00  WARN 43350 --- [nubank-challenge-server] [http-nio-8080-exec-8] .m.m.a.ExceptionHandlerExceptionResolver : Resolved [org.springframework.web.bind.MethodArgumentNotValidException: Validation failed for argument [0] in public org.springframework.http.ResponseEntity<com.cardosofiles.nubank_challenge_server.dto.ClientsResponseDTO> com.cardosofiles.nubank_challenge_server.controller.ClientsController.createClient(com.cardosofiles.nubank_challenge_server.dto.ClientsDTO): [Field error in object 'clientsDTO' on field 'contacts[0].email': rejected value [email-invalido]; codes [Email.clientsDTO.contacts[0].email,Email.clientsDTO.contacts.email,Email.contacts[0].email,Email.contacts.email,Email.email,Email.java.lang.String,Email]; arguments [org.springframework.context.support.DefaultMessageSourceResolvable: codes [clientsDTO.contacts[0].email,contacts[0].email]; arguments []; default message [contacts[0].email],[Ljakarta.validation.constraints.Pattern$Flag;@634b0ba1,.*]; default message [Email inválido]] ]
2025-11-20T21:05:51.508-03:00  INFO 43350 --- [nubank-challenge-server] [http-nio-8080-exec-10] c.c.n.controller.ClientsController       : Requisição POST /api/clients - Cliente: Ana Paula
2025-11-20T21:05:51.510-03:00  INFO 43350 --- [nubank-challenge-server] [http-nio-8080-exec-10] c.c.n.services.ClientsService            : Salvando cliente: Ana Paula
2025-11-20T21:05:51.511-03:00 DEBUG 43350 --- [nubank-challenge-server] [http-nio-8080-exec-10] org.hibernate.SQL                        : 
    insert 
    into
        clients
        (name) 
    values
        (?)
2025-11-20T21:05:51.514-03:00 DEBUG 43350 --- [nubank-challenge-server] [http-nio-8080-exec-10] org.hibernate.SQL                        : 
    insert 
    into
        contacts
        (client_id, email, phone_number) 
    values
        (?, ?, ?)
2025-11-20T21:05:51.517-03:00  INFO 43350 --- [nubank-challenge-server] [http-nio-8080-exec-10] c.c.n.services.ClientsService            : Cliente salvo com sucesso. ID: 2
2025-11-20T21:05:59.925-03:00  INFO 43350 --- [nubank-challenge-server] [http-nio-8080-exec-1] c.c.n.controller.ClientsController       : Requisição POST /api/clients - Cliente: Ana Paula
2025-11-20T21:05:59.927-03:00  INFO 43350 --- [nubank-challenge-server] [http-nio-8080-exec-1] c.c.n.services.ClientsService            : Salvando cliente: Ana Paula
2025-11-20T21:05:59.929-03:00 DEBUG 43350 --- [nubank-challenge-server] [http-nio-8080-exec-1] org.hibernate.SQL                        : 
    insert 
    into
        clients
        (name) 
    values
        (?)
2025-11-20T21:05:59.932-03:00 DEBUG 43350 --- [nubank-challenge-server] [http-nio-8080-exec-1] org.hibernate.SQL                        : 
    insert 
    into
        contacts
        (client_id, email, phone_number) 
    values
        (?, ?, ?)
2025-11-20T21:05:59.936-03:00  INFO 43350 --- [nubank-challenge-server] [http-nio-8080-exec-1] c.c.n.services.ClientsService            : Cliente salvo com sucesso. ID: 3
2025-11-20T21:06:25.477-03:00  INFO 43350 --- [nubank-challenge-server] [http-nio-8080-exec-2] c.c.n.controller.ClientsController       : Requisição POST /api/clients - Cliente: Ana Paula
2025-11-20T21:06:25.479-03:00  INFO 43350 --- [nubank-challenge-server] [http-nio-8080-exec-2] c.c.n.services.ClientsService            : Salvando cliente: Ana Paula
2025-11-20T21:06:25.481-03:00 DEBUG 43350 --- [nubank-challenge-server] [http-nio-8080-exec-2] org.hibernate.SQL                        : 
    insert 
    into
        clients
        (name) 
    values
        (?)
2025-11-20T21:06:25.483-03:00 DEBUG 43350 --- [nubank-challenge-server] [http-nio-8080-exec-2] org.hibernate.SQL                        : 
    insert 
    into
        contacts
        (client_id, email, phone_number) 
    values
        (?, ?, ?)
2025-11-20T21:06:25.486-03:00  INFO 43350 --- [nubank-challenge-server] [http-nio-8080-exec-2] c.c.n.services.ClientsService            : Cliente salvo com sucesso. ID: 4
2025-11-20T21:06:26.838-03:00  INFO 43350 --- [nubank-challenge-server] [http-nio-8080-exec-3] c.c.n.controller.ClientsController       : Requisição POST /api/clients - Cliente: Ana Paula
2025-11-20T21:06:26.840-03:00  INFO 43350 --- [nubank-challenge-server] [http-nio-8080-exec-3] c.c.n.services.ClientsService            : Salvando cliente: Ana Paula
2025-11-20T21:06:26.842-03:00 DEBUG 43350 --- [nubank-challenge-server] [http-nio-8080-exec-3] org.hibernate.SQL                        : 
    insert 
    into
        clients
        (name) 
    values
        (?)
2025-11-20T21:06:26.845-03:00 DEBUG 43350 --- [nubank-challenge-server] [http-nio-8080-exec-3] org.hibernate.SQL                        : 
    insert 
    into
        contacts
        (client_id, email, phone_number) 
    values
        (?, ?, ?)
2025-11-20T21:06:26.848-03:00  INFO 43350 --- [nubank-challenge-server] [http-nio-8080-exec-3] c.c.n.services.ClientsService            : Cliente salvo com sucesso. ID: 5
2025-11-20T21:06:47.207-03:00 ERROR 43350 --- [nubank-challenge-server] [http-nio-8080-exec-4] c.c.n.exception.GlobalExceptionHandler   : Erro de validação: Validation failed for argument [0] in public org.springframework.http.ResponseEntity<com.cardosofiles.nubank_challenge_server.dto.ClientsResponseDTO> com.cardosofiles.nubank_challenge_server.controller.ClientsController.createClient(com.cardosofiles.nubank_challenge_server.dto.ClientsDTO): [Field error in object 'clientsDTO' on field 'contacts': rejected value [[]]; codes [NotEmpty.clientsDTO.contacts,NotEmpty.contacts,NotEmpty.java.util.List,NotEmpty]; arguments [org.springframework.context.support.DefaultMessageSourceResolvable: codes [clientsDTO.contacts,contacts]; arguments []; default message [contacts]]; default message [Deve ter pelo menos um contato]] 
2025-11-20T21:06:47.209-03:00  WARN 43350 --- [nubank-challenge-server] [http-nio-8080-exec-4] .m.m.a.ExceptionHandlerExceptionResolver : Resolved [org.springframework.web.bind.MethodArgumentNotValidException: Validation failed for argument [0] in public org.springframework.http.ResponseEntity<com.cardosofiles.nubank_challenge_server.dto.ClientsResponseDTO> com.cardosofiles.nubank_challenge_server.controller.ClientsController.createClient(com.cardosofiles.nubank_challenge_server.dto.ClientsDTO): [Field error in object 'clientsDTO' on field 'contacts': rejected value [[]]; codes [NotEmpty.clientsDTO.contacts,NotEmpty.contacts,NotEmpty.java.util.List,NotEmpty]; arguments [org.springframework.context.support.DefaultMessageSourceResolvable: codes [clientsDTO.contacts,contacts]; arguments []; default message [contacts]]; default message [Deve ter pelo menos um contato]] ]
2025-11-20T21:07:19.476-03:00  INFO 43350 --- [nubank-challenge-server] [http-nio-8080-exec-6] c.c.n.controller.ClientsController       : Requisição GET /api/clients
2025-11-20T21:07:19.477-03:00  INFO 43350 --- [nubank-challenge-server] [http-nio-8080-exec-6] c.c.n.services.ClientsService            : Buscando todos os clientes
2025-11-20T21:07:19.479-03:00 DEBUG 43350 --- [nubank-challenge-server] [http-nio-8080-exec-6] org.hibernate.SQL                        : 
    select
        c1_0.id,
        c1_0.name 
    from
        clients c1_0
2025-11-20T21:07:19.489-03:00 DEBUG 43350 --- [nubank-challenge-server] [http-nio-8080-exec-6] org.hibernate.SQL                        : 
    select
        c1_0.client_id,
        c1_0.id,
        c1_0.email,
        c1_0.phone_number 
    from
        contacts c1_0 
    where
        c1_0.client_id=?
2025-11-20T21:07:19.495-03:00 DEBUG 43350 --- [nubank-challenge-server] [http-nio-8080-exec-6] org.hibernate.SQL                        : 
    select
        c1_0.client_id,
        c1_0.id,
        c1_0.email,
        c1_0.phone_number 
    from
        contacts c1_0 
    where
        c1_0.client_id=?
2025-11-20T21:07:19.497-03:00 DEBUG 43350 --- [nubank-challenge-server] [http-nio-8080-exec-6] org.hibernate.SQL                        : 
    select
        c1_0.client_id,
        c1_0.id,
        c1_0.email,
        c1_0.phone_number 
    from
        contacts c1_0 
    where
        c1_0.client_id=?
2025-11-20T21:07:19.498-03:00 DEBUG 43350 --- [nubank-challenge-server] [http-nio-8080-exec-6] org.hibernate.SQL                        : 
    select
        c1_0.client_id,
        c1_0.id,
        c1_0.email,
        c1_0.phone_number 
    from
        contacts c1_0 
    where
        c1_0.client_id=?
2025-11-20T21:07:19.500-03:00 DEBUG 43350 --- [nubank-challenge-server] [http-nio-8080-exec-6] org.hibernate.SQL                        : 
    select
        c1_0.client_id,
        c1_0.id,
        c1_0.email,
        c1_0.phone_number 
    from
        contacts c1_0 
    where
        c1_0.client_id=?
2025-11-20T21:07:42.080-03:00  INFO 43350 --- [nubank-challenge-server] [http-nio-8080-exec-7] c.c.n.controller.ClientsController       : Requisição GET /api/clients/999
2025-11-20T21:07:42.084-03:00  INFO 43350 --- [nubank-challenge-server] [http-nio-8080-exec-7] c.c.n.services.ClientsService            : Buscando cliente ID: 999
2025-11-20T21:07:42.094-03:00 DEBUG 43350 --- [nubank-challenge-server] [http-nio-8080-exec-7] org.hibernate.SQL                        : 
    select
        c1_0.id,
        c1_0.name 
    from
        clients c1_0 
    where
        c1_0.id=?
2025-11-20T21:07:42.103-03:00 ERROR 43350 --- [nubank-challenge-server] [http-nio-8080-exec-7] c.c.n.exception.GlobalExceptionHandler   : Recurso não encontrado: Cliente não encontrado com ID: 999
2025-11-20T21:07:42.112-03:00  WARN 43350 --- [nubank-challenge-server] [http-nio-8080-exec-7] .m.m.a.ExceptionHandlerExceptionResolver : Resolved [com.cardosofiles.nubank_challenge_server.exception.ResourceNotFoundException: Cliente não encontrado com ID: 999]
2025-11-20T21:08:29.049-03:00  INFO 43350 --- [nubank-challenge-server] [http-nio-8080-exec-8] c.c.n.controller.ClientsController       : Requisição POST /api/clients - Cliente: Cliente Internacional
2025-11-20T21:08:29.052-03:00  INFO 43350 --- [nubank-challenge-server] [http-nio-8080-exec-8] c.c.n.services.ClientsService            : Salvando cliente: Cliente Internacional
2025-11-20T21:08:29.053-03:00 DEBUG 43350 --- [nubank-challenge-server] [http-nio-8080-exec-8] org.hibernate.SQL                        : 
    insert 
    into
        clients
        (name) 
    values
        (?)
2025-11-20T21:08:29.055-03:00 DEBUG 43350 --- [nubank-challenge-server] [http-nio-8080-exec-8] org.hibernate.SQL                        : 
    insert 
    into
        contacts
        (client_id, email, phone_number) 
    values
        (?, ?, ?)
2025-11-20T21:08:29.057-03:00 DEBUG 43350 --- [nubank-challenge-server] [http-nio-8080-exec-8] org.hibernate.SQL                        : 
    insert 
    into
        contacts
        (client_id, email, phone_number) 
    values
        (?, ?, ?)
2025-11-20T21:08:29.060-03:00  INFO 43350 --- [nubank-challenge-server] [http-nio-8080-exec-8] c.c.n.services.ClientsService            : Cliente salvo com sucesso. ID: 6
2025-11-20T21:08:33.909-03:00  INFO 43350 --- [nubank-challenge-server] [File Watcher] rtingClassPathChangeChangedEventListener : Restarting due to 2 class path changes (0 additions, 0 deletions, 2 modifications)
2025-11-20T21:08:33.913-03:00  INFO 43350 --- [nubank-challenge-server] [Thread-7] o.s.b.w.e.tomcat.GracefulShutdown        : Commencing graceful shutdown. Waiting for active requests to complete
2025-11-20T21:08:33.916-03:00  INFO 43350 --- [nubank-challenge-server] [tomcat-shutdown] o.s.b.w.e.tomcat.GracefulShutdown        : Graceful shutdown complete
2025-11-20T21:08:33.923-03:00  INFO 43350 --- [nubank-challenge-server] [Thread-7] j.LocalContainerEntityManagerFactoryBean : Closing JPA EntityManagerFactory for persistence unit 'default'
2025-11-20T21:08:33.924-03:00  INFO 43350 --- [nubank-challenge-server] [Thread-7] com.zaxxer.hikari.HikariDataSource       : HikariPool-2 - Shutdown initiated...
2025-11-20T21:08:33.925-03:00  INFO 43350 --- [nubank-challenge-server] [Thread-7] com.zaxxer.hikari.HikariDataSource       : HikariPool-2 - Shutdown completed.
2025-11-20T21:08:33.983-03:00  INFO 43350 --- [nubank-challenge-server] [restartedMain] c.c.n.NubankChallengeServerApplication   : Starting NubankChallengeServerApplication using Java 17.0.14 with PID 43350 (/home/cardosofiles/www/java/development/nubank-challenge-server/target/classes started by cardosofiles in /home/cardosofiles/www/java/development/nubank-challenge-server)
2025-11-20T21:08:33.983-03:00 DEBUG 43350 --- [nubank-challenge-server] [restartedMain] c.c.n.NubankChallengeServerApplication   : Running with Spring Boot v3.5.8, Spring v6.2.14
2025-11-20T21:08:33.983-03:00  INFO 43350 --- [nubank-challenge-server] [restartedMain] c.c.n.NubankChallengeServerApplication   : The following 1 profile is active: "dev"
2025-11-20T21:08:34.110-03:00  INFO 43350 --- [nubank-challenge-server] [restartedMain] .s.d.r.c.RepositoryConfigurationDelegate : Bootstrapping Spring Data JPA repositories in DEFAULT mode.
2025-11-20T21:08:34.116-03:00  INFO 43350 --- [nubank-challenge-server] [restartedMain] .s.d.r.c.RepositoryConfigurationDelegate : Finished Spring Data repository scanning in 4 ms. Found 2 JPA repository interfaces.
2025-11-20T21:08:34.186-03:00  INFO 43350 --- [nubank-challenge-server] [restartedMain] o.s.b.w.embedded.tomcat.TomcatWebServer  : Tomcat initialized with port 8080 (http)
2025-11-20T21:08:34.187-03:00  INFO 43350 --- [nubank-challenge-server] [restartedMain] o.apache.catalina.core.StandardService   : Starting service [Tomcat]
2025-11-20T21:08:34.188-03:00  INFO 43350 --- [nubank-challenge-server] [restartedMain] o.apache.catalina.core.StandardEngine    : Starting Servlet engine: [Apache Tomcat/10.1.49]
2025-11-20T21:08:34.194-03:00  INFO 43350 --- [nubank-challenge-server] [restartedMain] o.a.c.c.C.[Tomcat].[localhost].[/]       : Initializing Spring embedded WebApplicationContext
2025-11-20T21:08:34.194-03:00  INFO 43350 --- [nubank-challenge-server] [restartedMain] w.s.c.ServletWebServerApplicationContext : Root WebApplicationContext: initialization completed in 210 ms
2025-11-20T21:08:34.235-03:00  INFO 43350 --- [nubank-challenge-server] [restartedMain] o.hibernate.jpa.internal.util.LogHelper  : HHH000204: Processing PersistenceUnitInfo [name: default]
2025-11-20T21:08:34.237-03:00  INFO 43350 --- [nubank-challenge-server] [restartedMain] o.h.c.internal.RegionFactoryInitiator    : HHH000026: Second-level cache disabled
2025-11-20T21:08:34.241-03:00  INFO 43350 --- [nubank-challenge-server] [restartedMain] o.s.o.j.p.SpringPersistenceUnitInfo      : No LoadTimeWeaver setup: ignoring JPA class transformer
2025-11-20T21:08:34.242-03:00  INFO 43350 --- [nubank-challenge-server] [restartedMain] com.zaxxer.hikari.HikariDataSource       : HikariPool-3 - Starting...
2025-11-20T21:08:34.258-03:00  INFO 43350 --- [nubank-challenge-server] [restartedMain] com.zaxxer.hikari.pool.HikariPool        : HikariPool-3 - Added connection org.postgresql.jdbc.PgConnection@17f6180d
2025-11-20T21:08:34.258-03:00  INFO 43350 --- [nubank-challenge-server] [restartedMain] com.zaxxer.hikari.HikariDataSource       : HikariPool-3 - Start completed.
2025-11-20T21:08:34.261-03:00  WARN 43350 --- [nubank-challenge-server] [restartedMain] org.hibernate.orm.deprecation            : HHH90000025: PostgreSQLDialect does not need to be specified explicitly using 'hibernate.dialect' (remove the property setting and it will be selected by default)
2025-11-20T21:08:34.262-03:00  INFO 43350 --- [nubank-challenge-server] [restartedMain] org.hibernate.orm.connections.pooling    : HHH10001005: Database info:
	Database JDBC URL [Connecting through datasource 'HikariDataSource (HikariPool-3)']
	Database driver: undefined/unknown
	Database version: 15.15
	Autocommit mode: undefined/unknown
	Isolation level: undefined/unknown
	Minimum pool size: undefined/unknown
	Maximum pool size: undefined/unknown
2025-11-20T21:08:34.298-03:00  INFO 43350 --- [nubank-challenge-server] [restartedMain] o.h.e.t.j.p.i.JtaPlatformInitiator       : HHH000489: No JTA platform available (set 'hibernate.transaction.jta.platform' to enable JTA platform integration)
2025-11-20T21:08:34.298-03:00 DEBUG 43350 --- [nubank-challenge-server] [restartedMain] org.hibernate.SQL                        : 
    set client_min_messages = WARNING
2025-11-20T21:08:34.299-03:00 DEBUG 43350 --- [nubank-challenge-server] [restartedMain] org.hibernate.SQL                        : 
    alter table if exists contacts 
       drop constraint if exists FK94mnsowcdm8tow68ha3xudt48
2025-11-20T21:08:34.305-03:00 DEBUG 43350 --- [nubank-challenge-server] [restartedMain] org.hibernate.SQL                        : 
    drop table if exists clients cascade
2025-11-20T21:08:34.309-03:00 DEBUG 43350 --- [nubank-challenge-server] [restartedMain] org.hibernate.SQL                        : 
    drop table if exists contacts cascade
2025-11-20T21:08:34.314-03:00 DEBUG 43350 --- [nubank-challenge-server] [restartedMain] org.hibernate.SQL                        : 
    create table clients (
        id bigint generated by default as identity,
        name varchar(100) not null,
        primary key (id)
    )
2025-11-20T21:08:34.325-03:00 DEBUG 43350 --- [nubank-challenge-server] [restartedMain] org.hibernate.SQL                        : 
    create table contacts (
        client_id bigint not null,
        id bigint generated by default as identity,
        phone_number varchar(20),
        email varchar(100),
        primary key (id)
    )
2025-11-20T21:08:34.334-03:00 DEBUG 43350 --- [nubank-challenge-server] [restartedMain] org.hibernate.SQL                        : 
    alter table if exists contacts 
       add constraint FK94mnsowcdm8tow68ha3xudt48 
       foreign key (client_id) 
       references clients
2025-11-20T21:08:34.339-03:00  INFO 43350 --- [nubank-challenge-server] [restartedMain] j.LocalContainerEntityManagerFactoryBean : Initialized JPA EntityManagerFactory for persistence unit 'default'
2025-11-20T21:08:34.514-03:00  INFO 43350 --- [nubank-challenge-server] [restartedMain] o.s.b.d.a.OptionalLiveReloadServer       : LiveReload server is running on port 35729
2025-11-20T21:08:34.517-03:00  INFO 43350 --- [nubank-challenge-server] [restartedMain] o.s.b.a.e.web.EndpointLinksResolver      : Exposing 1 endpoint beneath base path '/actuator'
2025-11-20T21:08:34.542-03:00  INFO 43350 --- [nubank-challenge-server] [restartedMain] o.s.b.w.embedded.tomcat.TomcatWebServer  : Tomcat started on port 8080 (http) with context path '/'
2025-11-20T21:08:34.550-03:00  INFO 43350 --- [nubank-challenge-server] [restartedMain] c.c.n.NubankChallengeServerApplication   : Started NubankChallengeServerApplication in 0.582 seconds (process running for 790.6)
2025-11-20T21:08:34.552-03:00  INFO 43350 --- [nubank-challenge-server] [restartedMain] .ConditionEvaluationDeltaLoggingListener : Condition evaluation unchanged
2025-11-20T21:08:51.880-03:00  INFO 43350 --- [nubank-challenge-server] [http-nio-8080-exec-2] o.a.c.c.C.[Tomcat].[localhost].[/]       : Initializing Spring DispatcherServlet 'dispatcherServlet'
2025-11-20T21:08:51.881-03:00  INFO 43350 --- [nubank-challenge-server] [http-nio-8080-exec-2] o.s.web.servlet.DispatcherServlet        : Initializing Servlet 'dispatcherServlet'
2025-11-20T21:08:51.886-03:00  INFO 43350 --- [nubank-challenge-server] [http-nio-8080-exec-2] o.s.web.servlet.DispatcherServlet        : Completed initialization in 4 ms
2025-11-20T21:08:51.918-03:00 ERROR 43350 --- [nubank-challenge-server] [http-nio-8080-exec-2] c.c.n.exception.GlobalExceptionHandler   : Erro de validação: Validation failed for argument [0] in public org.springframework.http.ResponseEntity<com.cardosofiles.nubank_challenge_server.dto.ClientsResponseDTO> com.cardosofiles.nubank_challenge_server.controller.ClientsController.createClient(com.cardosofiles.nubank_challenge_server.dto.ClientsDTO): [Field error in object 'clientsDTO' on field 'contacts[0].phoneNumber': rejected value [123]; codes [Pattern.clientsDTO.contacts[0].phoneNumber,Pattern.clientsDTO.contacts.phoneNumber,Pattern.contacts[0].phoneNumber,Pattern.contacts.phoneNumber,Pattern.phoneNumber,Pattern.java.lang.String,Pattern]; arguments [org.springframework.context.support.DefaultMessageSourceResolvable: codes [clientsDTO.contacts[0].phoneNumber,contacts[0].phoneNumber]; arguments []; default message [contacts[0].phoneNumber],[Ljakarta.validation.constraints.Pattern$Flag;@7e51ce1a,^\+?[1-9]\d{9,14}$]; default message [Telefone inválido (mínimo 10 dígitos)]] 
2025-11-20T21:08:51.922-03:00  WARN 43350 --- [nubank-challenge-server] [http-nio-8080-exec-2] .m.m.a.ExceptionHandlerExceptionResolver : Resolved [org.springframework.web.bind.MethodArgumentNotValidException: Validation failed for argument [0] in public org.springframework.http.ResponseEntity<com.cardosofiles.nubank_challenge_server.dto.ClientsResponseDTO> com.cardosofiles.nubank_challenge_server.controller.ClientsController.createClient(com.cardosofiles.nubank_challenge_server.dto.ClientsDTO): [Field error in object 'clientsDTO' on field 'contacts[0].phoneNumber': rejected value [123]; codes [Pattern.clientsDTO.contacts[0].phoneNumber,Pattern.clientsDTO.contacts.phoneNumber,Pattern.contacts[0].phoneNumber,Pattern.contacts.phoneNumber,Pattern.phoneNumber,Pattern.java.lang.String,Pattern]; arguments [org.springframework.context.support.DefaultMessageSourceResolvable: codes [clientsDTO.contacts[0].phoneNumber,contacts[0].phoneNumber]; arguments []; default message [contacts[0].phoneNumber],[Ljakarta.validation.constraints.Pattern$Flag;@7e51ce1a,^\+?[1-9]\d{9,14}$]; default message [Telefone inválido (mínimo 10 dígitos)]] ]
2025-11-20T21:09:02.091-03:00  INFO 43350 --- [nubank-challenge-server] [File Watcher] rtingClassPathChangeChangedEventListener : Restarting due to 1 class path change (0 additions, 0 deletions, 1 modification)
2025-11-20T21:09:02.094-03:00  INFO 43350 --- [nubank-challenge-server] [Thread-11] o.s.b.w.e.tomcat.GracefulShutdown        : Commencing graceful shutdown. Waiting for active requests to complete
2025-11-20T21:09:02.098-03:00  INFO 43350 --- [nubank-challenge-server] [tomcat-shutdown] o.s.b.w.e.tomcat.GracefulShutdown        : Graceful shutdown complete
2025-11-20T21:09:02.103-03:00  INFO 43350 --- [nubank-challenge-server] [Thread-11] j.LocalContainerEntityManagerFactoryBean : Closing JPA EntityManagerFactory for persistence unit 'default'
2025-11-20T21:09:02.104-03:00  INFO 43350 --- [nubank-challenge-server] [Thread-11] com.zaxxer.hikari.HikariDataSource       : HikariPool-3 - Shutdown initiated...
2025-11-20T21:09:02.106-03:00  INFO 43350 --- [nubank-challenge-server] [Thread-11] com.zaxxer.hikari.HikariDataSource       : HikariPool-3 - Shutdown completed.
2025-11-20T21:09:02.169-03:00  INFO 43350 --- [nubank-challenge-server] [restartedMain] c.c.n.NubankChallengeServerApplication   : Starting NubankChallengeServerApplication using Java 17.0.14 with PID 43350 (/home/cardosofiles/www/java/development/nubank-challenge-server/target/classes started by cardosofiles in /home/cardosofiles/www/java/development/nubank-challenge-server)
2025-11-20T21:09:02.169-03:00 DEBUG 43350 --- [nubank-challenge-server] [restartedMain] c.c.n.NubankChallengeServerApplication   : Running with Spring Boot v3.5.8, Spring v6.2.14
2025-11-20T21:09:02.169-03:00  INFO 43350 --- [nubank-challenge-server] [restartedMain] c.c.n.NubankChallengeServerApplication   : The following 1 profile is active: "dev"
2025-11-20T21:09:02.296-03:00  INFO 43350 --- [nubank-challenge-server] [restartedMain] .s.d.r.c.RepositoryConfigurationDelegate : Bootstrapping Spring Data JPA repositories in DEFAULT mode.
2025-11-20T21:09:02.301-03:00  INFO 43350 --- [nubank-challenge-server] [restartedMain] .s.d.r.c.RepositoryConfigurationDelegate : Finished Spring Data repository scanning in 5 ms. Found 2 JPA repository interfaces.
2025-11-20T21:09:02.343-03:00  INFO 43350 --- [nubank-challenge-server] [restartedMain] o.s.b.w.embedded.tomcat.TomcatWebServer  : Tomcat initialized with port 8080 (http)
2025-11-20T21:09:02.344-03:00  INFO 43350 --- [nubank-challenge-server] [restartedMain] o.apache.catalina.core.StandardService   : Starting service [Tomcat]
2025-11-20T21:09:02.344-03:00  INFO 43350 --- [nubank-challenge-server] [restartedMain] o.apache.catalina.core.StandardEngine    : Starting Servlet engine: [Apache Tomcat/10.1.49]
2025-11-20T21:09:02.348-03:00  INFO 43350 --- [nubank-challenge-server] [restartedMain] o.a.c.c.C.[Tomcat].[localhost].[/]       : Initializing Spring embedded WebApplicationContext
2025-11-20T21:09:02.348-03:00  INFO 43350 --- [nubank-challenge-server] [restartedMain] w.s.c.ServletWebServerApplicationContext : Root WebApplicationContext: initialization completed in 177 ms
2025-11-20T21:09:02.379-03:00  INFO 43350 --- [nubank-challenge-server] [restartedMain] o.hibernate.jpa.internal.util.LogHelper  : HHH000204: Processing PersistenceUnitInfo [name: default]
2025-11-20T21:09:02.380-03:00  INFO 43350 --- [nubank-challenge-server] [restartedMain] o.h.c.internal.RegionFactoryInitiator    : HHH000026: Second-level cache disabled
2025-11-20T21:09:02.383-03:00  INFO 43350 --- [nubank-challenge-server] [restartedMain] o.s.o.j.p.SpringPersistenceUnitInfo      : No LoadTimeWeaver setup: ignoring JPA class transformer
2025-11-20T21:09:02.384-03:00  INFO 43350 --- [nubank-challenge-server] [restartedMain] com.zaxxer.hikari.HikariDataSource       : HikariPool-4 - Starting...
2025-11-20T21:09:02.397-03:00  INFO 43350 --- [nubank-challenge-server] [restartedMain] com.zaxxer.hikari.pool.HikariPool        : HikariPool-4 - Added connection org.postgresql.jdbc.PgConnection@b1b6150
2025-11-20T21:09:02.397-03:00  INFO 43350 --- [nubank-challenge-server] [restartedMain] com.zaxxer.hikari.HikariDataSource       : HikariPool-4 - Start completed.
2025-11-20T21:09:02.399-03:00  WARN 43350 --- [nubank-challenge-server] [restartedMain] org.hibernate.orm.deprecation            : HHH90000025: PostgreSQLDialect does not need to be specified explicitly using 'hibernate.dialect' (remove the property setting and it will be selected by default)
2025-11-20T21:09:02.400-03:00  INFO 43350 --- [nubank-challenge-server] [restartedMain] org.hibernate.orm.connections.pooling    : HHH10001005: Database info:
	Database JDBC URL [Connecting through datasource 'HikariDataSource (HikariPool-4)']
	Database driver: undefined/unknown
	Database version: 15.15
	Autocommit mode: undefined/unknown
	Isolation level: undefined/unknown
	Minimum pool size: undefined/unknown
	Maximum pool size: undefined/unknown
2025-11-20T21:09:02.432-03:00  INFO 43350 --- [nubank-challenge-server] [restartedMain] o.h.e.t.j.p.i.JtaPlatformInitiator       : HHH000489: No JTA platform available (set 'hibernate.transaction.jta.platform' to enable JTA platform integration)
2025-11-20T21:09:02.432-03:00 DEBUG 43350 --- [nubank-challenge-server] [restartedMain] org.hibernate.SQL                        : 
    set client_min_messages = WARNING
2025-11-20T21:09:02.433-03:00 DEBUG 43350 --- [nubank-challenge-server] [restartedMain] org.hibernate.SQL                        : 
    alter table if exists contacts 
       drop constraint if exists FK94mnsowcdm8tow68ha3xudt48
2025-11-20T21:09:02.439-03:00 DEBUG 43350 --- [nubank-challenge-server] [restartedMain] org.hibernate.SQL                        : 
    drop table if exists clients cascade
2025-11-20T21:09:02.443-03:00 DEBUG 43350 --- [nubank-challenge-server] [restartedMain] org.hibernate.SQL                        : 
    drop table if exists contacts cascade
2025-11-20T21:09:02.447-03:00 DEBUG 43350 --- [nubank-challenge-server] [restartedMain] org.hibernate.SQL                        : 
    create table clients (
        id bigint generated by default as identity,
        name varchar(100) not null,
        primary key (id)
    )
2025-11-20T21:09:02.457-03:00 DEBUG 43350 --- [nubank-challenge-server] [restartedMain] org.hibernate.SQL                        : 
    create table contacts (
        client_id bigint not null,
        id bigint generated by default as identity,
        phone_number varchar(20),
        email varchar(100),
        primary key (id)
    )
2025-11-20T21:09:02.468-03:00 DEBUG 43350 --- [nubank-challenge-server] [restartedMain] org.hibernate.SQL                        : 
    alter table if exists contacts 
       add constraint FK94mnsowcdm8tow68ha3xudt48 
       foreign key (client_id) 
       references clients
2025-11-20T21:09:02.473-03:00  INFO 43350 --- [nubank-challenge-server] [restartedMain] j.LocalContainerEntityManagerFactoryBean : Initialized JPA EntityManagerFactory for persistence unit 'default'
2025-11-20T21:09:02.611-03:00  INFO 43350 --- [nubank-challenge-server] [restartedMain] o.s.b.d.a.OptionalLiveReloadServer       : LiveReload server is running on port 35729
2025-11-20T21:09:02.612-03:00  INFO 43350 --- [nubank-challenge-server] [restartedMain] o.s.b.a.e.web.EndpointLinksResolver      : Exposing 1 endpoint beneath base path '/actuator'
2025-11-20T21:09:02.623-03:00  INFO 43350 --- [nubank-challenge-server] [restartedMain] o.s.b.w.embedded.tomcat.TomcatWebServer  : Tomcat started on port 8080 (http) with context path '/'
2025-11-20T21:09:02.628-03:00  INFO 43350 --- [nubank-challenge-server] [restartedMain] c.c.n.NubankChallengeServerApplication   : Started NubankChallengeServerApplication in 0.473 seconds (process running for 817.93)
2025-11-20T21:09:02.630-03:00  INFO 43350 --- [nubank-challenge-server] [restartedMain] .ConditionEvaluationDeltaLoggingListener : Condition evaluation unchanged
2025-11-20T22:15:51.485-03:00  INFO 43350 --- [nubank-challenge-server] [SpringApplicationShutdownHook] o.s.b.w.e.tomcat.GracefulShutdown        : Commencing graceful shutdown. Waiting for active requests to complete
2025-11-20T22:15:51.491-03:00  INFO 43350 --- [nubank-challenge-server] [tomcat-shutdown] o.s.b.w.e.tomcat.GracefulShutdown        : Graceful shutdown complete
2025-11-20T22:15:51.503-03:00  INFO 43350 --- [nubank-challenge-server] [SpringApplicationShutdownHook] j.LocalContainerEntityManagerFactoryBean : Closing JPA EntityManagerFactory for persistence unit 'default'
2025-11-20T22:15:51.507-03:00  INFO 43350 --- [nubank-challenge-server] [SpringApplicationShutdownHook] com.zaxxer.hikari.HikariDataSource       : HikariPool-4 - Shutdown initiated...
2025-11-20T22:15:51.510-03:00  INFO 43350 --- [nubank-challenge-server] [SpringApplicationShutdownHook] com.zaxxer.hikari.HikariDataSource       : HikariPool-4 - Shutdown completed.
2025-11-20T22:36:07.408-03:00  INFO 95547 --- [nubank-challenge-server] [restartedMain] c.c.n.NubankChallengeServerApplication   : Starting NubankChallengeServerApplication using Java 17.0.14 with PID 95547 (/home/cardosofiles/www/java/development/nubank-challenge-server/target/classes started by cardosofiles in /home/cardosofiles/www/java/development/nubank-challenge-server)
2025-11-20T22:36:07.410-03:00 DEBUG 95547 --- [nubank-challenge-server] [restartedMain] c.c.n.NubankChallengeServerApplication   : Running with Spring Boot v3.5.8, Spring v6.2.14
2025-11-20T22:36:07.410-03:00  INFO 95547 --- [nubank-challenge-server] [restartedMain] c.c.n.NubankChallengeServerApplication   : The following 1 profile is active: "dev"
2025-11-20T22:36:07.453-03:00  INFO 95547 --- [nubank-challenge-server] [restartedMain] .e.DevToolsPropertyDefaultsPostProcessor : Devtools property defaults active! Set 'spring.devtools.add-properties' to 'false' to disable
2025-11-20T22:36:07.453-03:00  INFO 95547 --- [nubank-challenge-server] [restartedMain] .e.DevToolsPropertyDefaultsPostProcessor : For additional web related logging consider setting the 'logging.level.web' property to 'DEBUG'
2025-11-20T22:36:08.299-03:00  INFO 95547 --- [nubank-challenge-server] [restartedMain] .s.d.r.c.RepositoryConfigurationDelegate : Bootstrapping Spring Data JPA repositories in DEFAULT mode.
2025-11-20T22:36:08.356-03:00  INFO 95547 --- [nubank-challenge-server] [restartedMain] .s.d.r.c.RepositoryConfigurationDelegate : Finished Spring Data repository scanning in 47 ms. Found 2 JPA repository interfaces.
2025-11-20T22:36:08.813-03:00  INFO 95547 --- [nubank-challenge-server] [restartedMain] o.s.b.w.embedded.tomcat.TomcatWebServer  : Tomcat initialized with port 8080 (http)
2025-11-20T22:36:08.826-03:00  INFO 95547 --- [nubank-challenge-server] [restartedMain] o.apache.catalina.core.StandardService   : Starting service [Tomcat]
2025-11-20T22:36:08.826-03:00  INFO 95547 --- [nubank-challenge-server] [restartedMain] o.apache.catalina.core.StandardEngine    : Starting Servlet engine: [Apache Tomcat/10.1.49]
2025-11-20T22:36:08.871-03:00  INFO 95547 --- [nubank-challenge-server] [restartedMain] o.a.c.c.C.[Tomcat].[localhost].[/]       : Initializing Spring embedded WebApplicationContext
2025-11-20T22:36:08.872-03:00  INFO 95547 --- [nubank-challenge-server] [restartedMain] w.s.c.ServletWebServerApplicationContext : Root WebApplicationContext: initialization completed in 1418 ms
2025-11-20T22:36:09.164-03:00  INFO 95547 --- [nubank-challenge-server] [restartedMain] o.hibernate.jpa.internal.util.LogHelper  : HHH000204: Processing PersistenceUnitInfo [name: default]
2025-11-20T22:36:09.241-03:00  INFO 95547 --- [nubank-challenge-server] [restartedMain] org.hibernate.Version                    : HHH000412: Hibernate ORM core version 6.6.36.Final
2025-11-20T22:36:09.271-03:00  INFO 95547 --- [nubank-challenge-server] [restartedMain] o.h.c.internal.RegionFactoryInitiator    : HHH000026: Second-level cache disabled
2025-11-20T22:36:09.530-03:00  INFO 95547 --- [nubank-challenge-server] [restartedMain] o.s.o.j.p.SpringPersistenceUnitInfo      : No LoadTimeWeaver setup: ignoring JPA class transformer
2025-11-20T22:36:09.570-03:00  INFO 95547 --- [nubank-challenge-server] [restartedMain] com.zaxxer.hikari.HikariDataSource       : HikariPool-1 - Starting...
2025-11-20T22:36:10.620-03:00  WARN 95547 --- [nubank-challenge-server] [restartedMain] o.h.engine.jdbc.spi.SqlExceptionHelper   : SQL Error: 0, SQLState: 08001
2025-11-20T22:36:10.621-03:00 ERROR 95547 --- [nubank-challenge-server] [restartedMain] o.h.engine.jdbc.spi.SqlExceptionHelper   : Connection to localhost:5432 refused. Check that the hostname and port are correct and that the postmaster is accepting TCP/IP connections.
2025-11-20T22:36:10.622-03:00  WARN 95547 --- [nubank-challenge-server] [restartedMain] o.h.e.j.e.i.JdbcEnvironmentInitiator     : HHH000342: Could not obtain connection to query metadata

org.hibernate.exception.JDBCConnectionException: unable to obtain isolated JDBC connection [Connection to localhost:5432 refused. Check that the hostname and port are correct and that the postmaster is accepting TCP/IP connections.] [n/a]
	at org.hibernate.exception.internal.SQLStateConversionDelegate.convert(SQLStateConversionDelegate.java:100) ~[hibernate-core-6.6.36.Final.jar:6.6.36.Final]
	at org.hibernate.exception.internal.StandardSQLExceptionConverter.convert(StandardSQLExceptionConverter.java:58) ~[hibernate-core-6.6.36.Final.jar:6.6.36.Final]
	at org.hibernate.engine.jdbc.spi.SqlExceptionHelper.convert(SqlExceptionHelper.java:108) ~[hibernate-core-6.6.36.Final.jar:6.6.36.Final]
	at org.hibernate.engine.jdbc.spi.SqlExceptionHelper.convert(SqlExceptionHelper.java:94) ~[hibernate-core-6.6.36.Final.jar:6.6.36.Final]
	at org.hibernate.resource.transaction.backend.jdbc.internal.JdbcIsolationDelegate.delegateWork(JdbcIsolationDelegate.java:116) ~[hibernate-core-6.6.36.Final.jar:6.6.36.Final]
	at org.hibernate.engine.jdbc.env.internal.JdbcEnvironmentInitiator.getJdbcEnvironmentUsingJdbcMetadata(JdbcEnvironmentInitiator.java:334) ~[hibernate-core-6.6.36.Final.jar:6.6.36.Final]
	at org.hibernate.engine.jdbc.env.internal.JdbcEnvironmentInitiator.initiateService(JdbcEnvironmentInitiator.java:129) ~[hibernate-core-6.6.36.Final.jar:6.6.36.Final]
	at org.hibernate.engine.jdbc.env.internal.JdbcEnvironmentInitiator.initiateService(JdbcEnvironmentInitiator.java:81) ~[hibernate-core-6.6.36.Final.jar:6.6.36.Final]
	at org.hibernate.boot.registry.internal.StandardServiceRegistryImpl.initiateService(StandardServiceRegistryImpl.java:130) ~[hibernate-core-6.6.36.Final.jar:6.6.36.Final]
	at org.hibernate.service.internal.AbstractServiceRegistryImpl.createService(AbstractServiceRegistryImpl.java:263) ~[hibernate-core-6.6.36.Final.jar:6.6.36.Final]
	at org.hibernate.service.internal.AbstractServiceRegistryImpl.initializeService(AbstractServiceRegistryImpl.java:238) ~[hibernate-core-6.6.36.Final.jar:6.6.36.Final]
	at org.hibernate.service.internal.AbstractServiceRegistryImpl.getService(AbstractServiceRegistryImpl.java:215) ~[hibernate-core-6.6.36.Final.jar:6.6.36.Final]
	at org.hibernate.boot.model.relational.Database.<init>(Database.java:45) ~[hibernate-core-6.6.36.Final.jar:6.6.36.Final]
	at org.hibernate.boot.internal.InFlightMetadataCollectorImpl.getDatabase(InFlightMetadataCollectorImpl.java:226) ~[hibernate-core-6.6.36.Final.jar:6.6.36.Final]
	at org.hibernate.boot.internal.InFlightMetadataCollectorImpl.<init>(InFlightMetadataCollectorImpl.java:194) ~[hibernate-core-6.6.36.Final.jar:6.6.36.Final]
	at org.hibernate.boot.model.process.spi.MetadataBuildingProcess.complete(MetadataBuildingProcess.java:171) ~[hibernate-core-6.6.36.Final.jar:6.6.36.Final]
	at org.hibernate.jpa.boot.internal.EntityManagerFactoryBuilderImpl.metadata(EntityManagerFactoryBuilderImpl.java:1442) ~[hibernate-core-6.6.36.Final.jar:6.6.36.Final]
	at org.hibernate.jpa.boot.internal.EntityManagerFactoryBuilderImpl.build(EntityManagerFactoryBuilderImpl.java:1513) ~[hibernate-core-6.6.36.Final.jar:6.6.36.Final]
	at org.springframework.orm.jpa.vendor.SpringHibernateJpaPersistenceProvider.createContainerEntityManagerFactory(SpringHibernateJpaPersistenceProvider.java:66) ~[spring-orm-6.2.14.jar:6.2.14]
	at org.springframework.orm.jpa.LocalContainerEntityManagerFactoryBean.createNativeEntityManagerFactory(LocalContainerEntityManagerFactoryBean.java:390) ~[spring-orm-6.2.14.jar:6.2.14]
	at org.springframework.orm.jpa.AbstractEntityManagerFactoryBean.buildNativeEntityManagerFactory(AbstractEntityManagerFactoryBean.java:419) ~[spring-orm-6.2.14.jar:6.2.14]
	at org.springframework.orm.jpa.AbstractEntityManagerFactoryBean.afterPropertiesSet(AbstractEntityManagerFactoryBean.java:400) ~[spring-orm-6.2.14.jar:6.2.14]
	at org.springframework.orm.jpa.LocalContainerEntityManagerFactoryBean.afterPropertiesSet(LocalContainerEntityManagerFactoryBean.java:366) ~[spring-orm-6.2.14.jar:6.2.14]
	at org.springframework.beans.factory.support.AbstractAutowireCapableBeanFactory.invokeInitMethods(AbstractAutowireCapableBeanFactory.java:1873) ~[spring-beans-6.2.14.jar:6.2.14]
	at org.springframework.beans.factory.support.AbstractAutowireCapableBeanFactory.initializeBean(AbstractAutowireCapableBeanFactory.java:1822) ~[spring-beans-6.2.14.jar:6.2.14]
	at org.springframework.beans.factory.support.AbstractAutowireCapableBeanFactory.doCreateBean(AbstractAutowireCapableBeanFactory.java:607) ~[spring-beans-6.2.14.jar:6.2.14]
	at org.springframework.beans.factory.support.AbstractAutowireCapableBeanFactory.createBean(AbstractAutowireCapableBeanFactory.java:529) ~[spring-beans-6.2.14.jar:6.2.14]
	at org.springframework.beans.factory.support.AbstractBeanFactory.lambda$doGetBean$0(AbstractBeanFactory.java:339) ~[spring-beans-6.2.14.jar:6.2.14]
	at org.springframework.beans.factory.support.DefaultSingletonBeanRegistry.getSingleton(DefaultSingletonBeanRegistry.java:373) ~[spring-beans-6.2.14.jar:6.2.14]
	at org.springframework.beans.factory.support.AbstractBeanFactory.doGetBean(AbstractBeanFactory.java:337) ~[spring-beans-6.2.14.jar:6.2.14]
	at org.springframework.beans.factory.support.AbstractBeanFactory.getBean(AbstractBeanFactory.java:207) ~[spring-beans-6.2.14.jar:6.2.14]
	at org.springframework.context.support.AbstractApplicationContext.finishBeanFactoryInitialization(AbstractApplicationContext.java:973) ~[spring-context-6.2.14.jar:6.2.14]
	at org.springframework.context.support.AbstractApplicationContext.refresh(AbstractApplicationContext.java:627) ~[spring-context-6.2.14.jar:6.2.14]
	at org.springframework.boot.web.servlet.context.ServletWebServerApplicationContext.refresh(ServletWebServerApplicationContext.java:146) ~[spring-boot-3.5.8.jar:3.5.8]
	at org.springframework.boot.SpringApplication.refresh(SpringApplication.java:752) ~[spring-boot-3.5.8.jar:3.5.8]
	at org.springframework.boot.SpringApplication.refreshContext(SpringApplication.java:439) ~[spring-boot-3.5.8.jar:3.5.8]
	at org.springframework.boot.SpringApplication.run(SpringApplication.java:318) ~[spring-boot-3.5.8.jar:3.5.8]
	at org.springframework.boot.SpringApplication.run(SpringApplication.java:1361) ~[spring-boot-3.5.8.jar:3.5.8]
	at org.springframework.boot.SpringApplication.run(SpringApplication.java:1350) ~[spring-boot-3.5.8.jar:3.5.8]
	at com.cardosofiles.nubank_challenge_server.NubankChallengeServerApplication.main(NubankChallengeServerApplication.java:14) ~[classes/:na]
	at java.base/jdk.internal.reflect.NativeMethodAccessorImpl.invoke0(Native Method) ~[na:na]
	at java.base/jdk.internal.reflect.NativeMethodAccessorImpl.invoke(NativeMethodAccessorImpl.java:77) ~[na:na]
	at java.base/jdk.internal.reflect.DelegatingMethodAccessorImpl.invoke(DelegatingMethodAccessorImpl.java:43) ~[na:na]
	at java.base/java.lang.reflect.Method.invoke(Method.java:569) ~[na:na]
	at org.springframework.boot.devtools.restart.RestartLauncher.run(RestartLauncher.java:50) ~[spring-boot-devtools-3.5.8.jar:3.5.8]
Caused by: org.postgresql.util.PSQLException: Connection to localhost:5432 refused. Check that the hostname and port are correct and that the postmaster is accepting TCP/IP connections.
	at org.postgresql.core.v3.ConnectionFactoryImpl.openConnectionImpl(ConnectionFactoryImpl.java:373) ~[postgresql-42.7.8.jar:42.7.8]
	at org.postgresql.core.ConnectionFactory.openConnection(ConnectionFactory.java:57) ~[postgresql-42.7.8.jar:42.7.8]
	at org.postgresql.jdbc.PgConnection.<init>(PgConnection.java:279) ~[postgresql-42.7.8.jar:42.7.8]
	at org.postgresql.Driver.makeConnection(Driver.java:448) ~[postgresql-42.7.8.jar:42.7.8]
	at org.postgresql.Driver.connect(Driver.java:298) ~[postgresql-42.7.8.jar:42.7.8]
	at com.zaxxer.hikari.util.DriverDataSource.getConnection(DriverDataSource.java:144) ~[HikariCP-6.3.3.jar:na]
	at com.zaxxer.hikari.pool.PoolBase.newConnection(PoolBase.java:370) ~[HikariCP-6.3.3.jar:na]
	at com.zaxxer.hikari.pool.PoolBase.newPoolEntry(PoolBase.java:207) ~[HikariCP-6.3.3.jar:na]
	at com.zaxxer.hikari.pool.HikariPool.createPoolEntry(HikariPool.java:488) ~[HikariCP-6.3.3.jar:na]
	at com.zaxxer.hikari.pool.HikariPool.checkFailFast(HikariPool.java:576) ~[HikariCP-6.3.3.jar:na]
	at com.zaxxer.hikari.pool.HikariPool.<init>(HikariPool.java:97) ~[HikariCP-6.3.3.jar:na]
	at com.zaxxer.hikari.HikariDataSource.getConnection(HikariDataSource.java:111) ~[HikariCP-6.3.3.jar:na]
	at org.hibernate.engine.jdbc.connections.internal.DatasourceConnectionProviderImpl.getConnection(DatasourceConnectionProviderImpl.java:126) ~[hibernate-core-6.6.36.Final.jar:6.6.36.Final]
	at org.hibernate.engine.jdbc.env.internal.JdbcEnvironmentInitiator$ConnectionProviderJdbcConnectionAccess.obtainConnection(JdbcEnvironmentInitiator.java:485) ~[hibernate-core-6.6.36.Final.jar:6.6.36.Final]
	at org.hibernate.resource.transaction.backend.jdbc.internal.JdbcIsolationDelegate.delegateWork(JdbcIsolationDelegate.java:61) ~[hibernate-core-6.6.36.Final.jar:6.6.36.Final]
	... 40 common frames omitted
Caused by: java.net.ConnectException: Connection refused
	at java.base/sun.nio.ch.Net.pollConnect(Native Method) ~[na:na]
	at java.base/sun.nio.ch.Net.pollConnectNow(Net.java:672) ~[na:na]
	at java.base/sun.nio.ch.NioSocketImpl.timedFinishConnect(NioSocketImpl.java:547) ~[na:na]
	at java.base/sun.nio.ch.NioSocketImpl.connect(NioSocketImpl.java:602) ~[na:na]
	at java.base/java.net.SocksSocketImpl.connect(SocksSocketImpl.java:327) ~[na:na]
	at java.base/java.net.Socket.connect(Socket.java:633) ~[na:na]
	at org.postgresql.core.PGStream.createSocket(PGStream.java:261) ~[postgresql-42.7.8.jar:42.7.8]
	at org.postgresql.core.PGStream.<init>(PGStream.java:122) ~[postgresql-42.7.8.jar:42.7.8]
	at org.postgresql.core.v3.ConnectionFactoryImpl.tryConnect(ConnectionFactoryImpl.java:146) ~[postgresql-42.7.8.jar:42.7.8]
	at org.postgresql.core.v3.ConnectionFactoryImpl.openConnectionImpl(ConnectionFactoryImpl.java:289) ~[postgresql-42.7.8.jar:42.7.8]
	... 54 common frames omitted

2025-11-20T22:36:10.679-03:00  WARN 95547 --- [nubank-challenge-server] [restartedMain] org.hibernate.orm.deprecation            : HHH90000025: PostgreSQLDialect does not need to be specified explicitly using 'hibernate.dialect' (remove the property setting and it will be selected by default)
2025-11-20T22:36:10.689-03:00  INFO 95547 --- [nubank-challenge-server] [restartedMain] org.hibernate.orm.connections.pooling    : HHH10001005: Database info:
	Database JDBC URL [Connecting through datasource 'HikariDataSource (null)']
	Database driver: undefined/unknown
	Database version: 12.0
	Autocommit mode: undefined/unknown
	Isolation level: undefined/unknown
	Minimum pool size: undefined/unknown
	Maximum pool size: undefined/unknown
2025-11-20T22:36:11.427-03:00  INFO 95547 --- [nubank-challenge-server] [restartedMain] o.h.e.t.j.p.i.JtaPlatformInitiator       : HHH000489: No JTA platform available (set 'hibernate.transaction.jta.platform' to enable JTA platform integration)
2025-11-20T22:36:11.438-03:00 DEBUG 95547 --- [nubank-challenge-server] [restartedMain] org.hibernate.SQL                        : 
    set client_min_messages = WARNING
2025-11-20T22:36:11.439-03:00  INFO 95547 --- [nubank-challenge-server] [restartedMain] com.zaxxer.hikari.HikariDataSource       : HikariPool-1 - Starting...
2025-11-20T22:36:12.440-03:00  WARN 95547 --- [nubank-challenge-server] [restartedMain] o.h.engine.jdbc.spi.SqlExceptionHelper   : SQL Error: 0, SQLState: 08001
2025-11-20T22:36:12.441-03:00 ERROR 95547 --- [nubank-challenge-server] [restartedMain] o.h.engine.jdbc.spi.SqlExceptionHelper   : Connection to localhost:5432 refused. Check that the hostname and port are correct and that the postmaster is accepting TCP/IP connections.
2025-11-20T22:36:12.458-03:00 ERROR 95547 --- [nubank-challenge-server] [restartedMain] j.LocalContainerEntityManagerFactoryBean : Failed to initialize JPA EntityManagerFactory: [PersistenceUnit: default] Unable to build Hibernate SessionFactory; nested exception is org.hibernate.exception.JDBCConnectionException: Unable to open JDBC Connection for DDL execution [Connection to localhost:5432 refused. Check that the hostname and port are correct and that the postmaster is accepting TCP/IP connections.] [n/a]
2025-11-20T22:36:12.459-03:00  WARN 95547 --- [nubank-challenge-server] [restartedMain] ConfigServletWebServerApplicationContext : Exception encountered during context initialization - cancelling refresh attempt: org.springframework.beans.factory.BeanCreationException: Error creating bean with name 'entityManagerFactory' defined in class path resource [org/springframework/boot/autoconfigure/orm/jpa/HibernateJpaConfiguration.class]: [PersistenceUnit: default] Unable to build Hibernate SessionFactory; nested exception is org.hibernate.exception.JDBCConnectionException: Unable to open JDBC Connection for DDL execution [Connection to localhost:5432 refused. Check that the hostname and port are correct and that the postmaster is accepting TCP/IP connections.] [n/a]
2025-11-20T22:36:12.463-03:00  INFO 95547 --- [nubank-challenge-server] [restartedMain] o.apache.catalina.core.StandardService   : Stopping service [Tomcat]
2025-11-20T22:36:12.480-03:00  INFO 95547 --- [nubank-challenge-server] [restartedMain] .s.b.a.l.ConditionEvaluationReportLogger : 

Error starting ApplicationContext. To display the condition evaluation report re-run your application with 'debug' enabled.
2025-11-20T22:36:12.490-03:00 ERROR 95547 --- [nubank-challenge-server] [restartedMain] o.s.boot.SpringApplication               : Application run failed

org.springframework.beans.factory.BeanCreationException: Error creating bean with name 'entityManagerFactory' defined in class path resource [org/springframework/boot/autoconfigure/orm/jpa/HibernateJpaConfiguration.class]: [PersistenceUnit: default] Unable to build Hibernate SessionFactory; nested exception is org.hibernate.exception.JDBCConnectionException: Unable to open JDBC Connection for DDL execution [Connection to localhost:5432 refused. Check that the hostname and port are correct and that the postmaster is accepting TCP/IP connections.] [n/a]
	at org.springframework.beans.factory.support.AbstractAutowireCapableBeanFactory.initializeBean(AbstractAutowireCapableBeanFactory.java:1826) ~[spring-beans-6.2.14.jar:6.2.14]
	at org.springframework.beans.factory.support.AbstractAutowireCapableBeanFactory.doCreateBean(AbstractAutowireCapableBeanFactory.java:607) ~[spring-beans-6.2.14.jar:6.2.14]
	at org.springframework.beans.factory.support.AbstractAutowireCapableBeanFactory.createBean(AbstractAutowireCapableBeanFactory.java:529) ~[spring-beans-6.2.14.jar:6.2.14]
	at org.springframework.beans.factory.support.AbstractBeanFactory.lambda$doGetBean$0(AbstractBeanFactory.java:339) ~[spring-beans-6.2.14.jar:6.2.14]
	at org.springframework.beans.factory.support.DefaultSingletonBeanRegistry.getSingleton(DefaultSingletonBeanRegistry.java:373) ~[spring-beans-6.2.14.jar:6.2.14]
	at org.springframework.beans.factory.support.AbstractBeanFactory.doGetBean(AbstractBeanFactory.java:337) ~[spring-beans-6.2.14.jar:6.2.14]
	at org.springframework.beans.factory.support.AbstractBeanFactory.getBean(AbstractBeanFactory.java:207) ~[spring-beans-6.2.14.jar:6.2.14]
	at org.springframework.context.support.AbstractApplicationContext.finishBeanFactoryInitialization(AbstractApplicationContext.java:973) ~[spring-context-6.2.14.jar:6.2.14]
	at org.springframework.context.support.AbstractApplicationContext.refresh(AbstractApplicationContext.java:627) ~[spring-context-6.2.14.jar:6.2.14]
	at org.springframework.boot.web.servlet.context.ServletWebServerApplicationContext.refresh(ServletWebServerApplicationContext.java:146) ~[spring-boot-3.5.8.jar:3.5.8]
	at org.springframework.boot.SpringApplication.refresh(SpringApplication.java:752) ~[spring-boot-3.5.8.jar:3.5.8]
	at org.springframework.boot.SpringApplication.refreshContext(SpringApplication.java:439) ~[spring-boot-3.5.8.jar:3.5.8]
	at org.springframework.boot.SpringApplication.run(SpringApplication.java:318) ~[spring-boot-3.5.8.jar:3.5.8]
	at org.springframework.boot.SpringApplication.run(SpringApplication.java:1361) ~[spring-boot-3.5.8.jar:3.5.8]
	at org.springframework.boot.SpringApplication.run(SpringApplication.java:1350) ~[spring-boot-3.5.8.jar:3.5.8]
	at com.cardosofiles.nubank_challenge_server.NubankChallengeServerApplication.main(NubankChallengeServerApplication.java:14) ~[classes/:na]
	at java.base/jdk.internal.reflect.NativeMethodAccessorImpl.invoke0(Native Method) ~[na:na]
	at java.base/jdk.internal.reflect.NativeMethodAccessorImpl.invoke(NativeMethodAccessorImpl.java:77) ~[na:na]
	at java.base/jdk.internal.reflect.DelegatingMethodAccessorImpl.invoke(DelegatingMethodAccessorImpl.java:43) ~[na:na]
	at java.base/java.lang.reflect.Method.invoke(Method.java:569) ~[na:na]
	at org.springframework.boot.devtools.restart.RestartLauncher.run(RestartLauncher.java:50) ~[spring-boot-devtools-3.5.8.jar:3.5.8]
Caused by: jakarta.persistence.PersistenceException: [PersistenceUnit: default] Unable to build Hibernate SessionFactory; nested exception is org.hibernate.exception.JDBCConnectionException: Unable to open JDBC Connection for DDL execution [Connection to localhost:5432 refused. Check that the hostname and port are correct and that the postmaster is accepting TCP/IP connections.] [n/a]
	at org.springframework.orm.jpa.AbstractEntityManagerFactoryBean.buildNativeEntityManagerFactory(AbstractEntityManagerFactoryBean.java:431) ~[spring-orm-6.2.14.jar:6.2.14]
	at org.springframework.orm.jpa.AbstractEntityManagerFactoryBean.afterPropertiesSet(AbstractEntityManagerFactoryBean.java:400) ~[spring-orm-6.2.14.jar:6.2.14]
	at org.springframework.orm.jpa.LocalContainerEntityManagerFactoryBean.afterPropertiesSet(LocalContainerEntityManagerFactoryBean.java:366) ~[spring-orm-6.2.14.jar:6.2.14]
	at org.springframework.beans.factory.support.AbstractAutowireCapableBeanFactory.invokeInitMethods(AbstractAutowireCapableBeanFactory.java:1873) ~[spring-beans-6.2.14.jar:6.2.14]
	at org.springframework.beans.factory.support.AbstractAutowireCapableBeanFactory.initializeBean(AbstractAutowireCapableBeanFactory.java:1822) ~[spring-beans-6.2.14.jar:6.2.14]
	... 20 common frames omitted
Caused by: org.hibernate.exception.JDBCConnectionException: Unable to open JDBC Connection for DDL execution [Connection to localhost:5432 refused. Check that the hostname and port are correct and that the postmaster is accepting TCP/IP connections.] [n/a]
	at org.hibernate.exception.internal.SQLStateConversionDelegate.convert(SQLStateConversionDelegate.java:100) ~[hibernate-core-6.6.36.Final.jar:6.6.36.Final]
	at org.hibernate.exception.internal.StandardSQLExceptionConverter.convert(StandardSQLExceptionConverter.java:58) ~[hibernate-core-6.6.36.Final.jar:6.6.36.Final]
	at org.hibernate.engine.jdbc.spi.SqlExceptionHelper.convert(SqlExceptionHelper.java:108) ~[hibernate-core-6.6.36.Final.jar:6.6.36.Final]
	at org.hibernate.engine.jdbc.spi.SqlExceptionHelper.convert(SqlExceptionHelper.java:94) ~[hibernate-core-6.6.36.Final.jar:6.6.36.Final]
	at org.hibernate.resource.transaction.backend.jdbc.internal.DdlTransactionIsolatorNonJtaImpl.getIsolatedConnection(DdlTransactionIsolatorNonJtaImpl.java:74) ~[hibernate-core-6.6.36.Final.jar:6.6.36.Final]
	at org.hibernate.tool.schema.internal.exec.GenerationTargetToDatabase.getIsolatedConnection(GenerationTargetToDatabase.java:60) ~[hibernate-core-6.6.36.Final.jar:6.6.36.Final]
	at org.hibernate.tool.schema.internal.exec.GenerationTargetToDatabase.jdbcStatement(GenerationTargetToDatabase.java:112) ~[hibernate-core-6.6.36.Final.jar:6.6.36.Final]
	at org.hibernate.tool.schema.internal.exec.GenerationTargetToDatabase.accept(GenerationTargetToDatabase.java:79) ~[hibernate-core-6.6.36.Final.jar:6.6.36.Final]
	at org.hibernate.tool.schema.internal.Helper.applySqlString(Helper.java:233) ~[hibernate-core-6.6.36.Final.jar:6.6.36.Final]
	at org.hibernate.tool.schema.internal.SchemaDropperImpl.dropFromMetadata(SchemaDropperImpl.java:213) ~[hibernate-core-6.6.36.Final.jar:6.6.36.Final]
	at org.hibernate.tool.schema.internal.SchemaDropperImpl.performDrop(SchemaDropperImpl.java:186) ~[hibernate-core-6.6.36.Final.jar:6.6.36.Final]
	at org.hibernate.tool.schema.internal.SchemaDropperImpl.doDrop(SchemaDropperImpl.java:156) ~[hibernate-core-6.6.36.Final.jar:6.6.36.Final]
	at org.hibernate.tool.schema.internal.SchemaDropperImpl.doDrop(SchemaDropperImpl.java:116) ~[hibernate-core-6.6.36.Final.jar:6.6.36.Final]
	at org.hibernate.tool.schema.spi.SchemaManagementToolCoordinator.performDatabaseAction(SchemaManagementToolCoordinator.java:238) ~[hibernate-core-6.6.36.Final.jar:6.6.36.Final]
	at org.hibernate.tool.schema.spi.SchemaManagementToolCoordinator.lambda$process$5(SchemaManagementToolCoordinator.java:144) ~[hibernate-core-6.6.36.Final.jar:6.6.36.Final]
	at java.base/java.util.HashMap.forEach(HashMap.java:1421) ~[na:na]
	at org.hibernate.tool.schema.spi.SchemaManagementToolCoordinator.process(SchemaManagementToolCoordinator.java:141) ~[hibernate-core-6.6.36.Final.jar:6.6.36.Final]
	at org.hibernate.boot.internal.SessionFactoryObserverForSchemaExport.sessionFactoryCreated(SessionFactoryObserverForSchemaExport.java:37) ~[hibernate-core-6.6.36.Final.jar:6.6.36.Final]
	at org.hibernate.internal.SessionFactoryObserverChain.sessionFactoryCreated(SessionFactoryObserverChain.java:35) ~[hibernate-core-6.6.36.Final.jar:6.6.36.Final]
	at org.hibernate.internal.SessionFactoryImpl.<init>(SessionFactoryImpl.java:324) ~[hibernate-core-6.6.36.Final.jar:6.6.36.Final]
	at org.hibernate.boot.internal.SessionFactoryBuilderImpl.build(SessionFactoryBuilderImpl.java:463) ~[hibernate-core-6.6.36.Final.jar:6.6.36.Final]
	at org.hibernate.jpa.boot.internal.EntityManagerFactoryBuilderImpl.build(EntityManagerFactoryBuilderImpl.java:1517) ~[hibernate-core-6.6.36.Final.jar:6.6.36.Final]
	at org.springframework.orm.jpa.vendor.SpringHibernateJpaPersistenceProvider.createContainerEntityManagerFactory(SpringHibernateJpaPersistenceProvider.java:66) ~[spring-orm-6.2.14.jar:6.2.14]
	at org.springframework.orm.jpa.LocalContainerEntityManagerFactoryBean.createNativeEntityManagerFactory(LocalContainerEntityManagerFactoryBean.java:390) ~[spring-orm-6.2.14.jar:6.2.14]
	at org.springframework.orm.jpa.AbstractEntityManagerFactoryBean.buildNativeEntityManagerFactory(AbstractEntityManagerFactoryBean.java:419) ~[spring-orm-6.2.14.jar:6.2.14]
	... 24 common frames omitted
Caused by: org.postgresql.util.PSQLException: Connection to localhost:5432 refused. Check that the hostname and port are correct and that the postmaster is accepting TCP/IP connections.
	at org.postgresql.core.v3.ConnectionFactoryImpl.openConnectionImpl(ConnectionFactoryImpl.java:373) ~[postgresql-42.7.8.jar:42.7.8]
	at org.postgresql.core.ConnectionFactory.openConnection(ConnectionFactory.java:57) ~[postgresql-42.7.8.jar:42.7.8]
	at org.postgresql.jdbc.PgConnection.<init>(PgConnection.java:279) ~[postgresql-42.7.8.jar:42.7.8]
	at org.postgresql.Driver.makeConnection(Driver.java:448) ~[postgresql-42.7.8.jar:42.7.8]
	at org.postgresql.Driver.connect(Driver.java:298) ~[postgresql-42.7.8.jar:42.7.8]
	at com.zaxxer.hikari.util.DriverDataSource.getConnection(DriverDataSource.java:144) ~[HikariCP-6.3.3.jar:na]
	at com.zaxxer.hikari.pool.PoolBase.newConnection(PoolBase.java:370) ~[HikariCP-6.3.3.jar:na]
	at com.zaxxer.hikari.pool.PoolBase.newPoolEntry(PoolBase.java:207) ~[HikariCP-6.3.3.jar:na]
	at com.zaxxer.hikari.pool.HikariPool.createPoolEntry(HikariPool.java:488) ~[HikariCP-6.3.3.jar:na]
	at com.zaxxer.hikari.pool.HikariPool.checkFailFast(HikariPool.java:576) ~[HikariCP-6.3.3.jar:na]
	at com.zaxxer.hikari.pool.HikariPool.<init>(HikariPool.java:97) ~[HikariCP-6.3.3.jar:na]
	at com.zaxxer.hikari.HikariDataSource.getConnection(HikariDataSource.java:111) ~[HikariCP-6.3.3.jar:na]
	at org.hibernate.engine.jdbc.connections.internal.DatasourceConnectionProviderImpl.getConnection(DatasourceConnectionProviderImpl.java:126) ~[hibernate-core-6.6.36.Final.jar:6.6.36.Final]
	at org.hibernate.engine.jdbc.env.internal.JdbcEnvironmentInitiator$ConnectionProviderJdbcConnectionAccess.obtainConnection(JdbcEnvironmentInitiator.java:485) ~[hibernate-core-6.6.36.Final.jar:6.6.36.Final]
	at org.hibernate.resource.transaction.backend.jdbc.internal.DdlTransactionIsolatorNonJtaImpl.getIsolatedConnection(DdlTransactionIsolatorNonJtaImpl.java:46) ~[hibernate-core-6.6.36.Final.jar:6.6.36.Final]
	... 44 common frames omitted
Caused by: java.net.ConnectException: Connection refused
	at java.base/sun.nio.ch.Net.pollConnect(Native Method) ~[na:na]
	at java.base/sun.nio.ch.Net.pollConnectNow(Net.java:672) ~[na:na]
	at java.base/sun.nio.ch.NioSocketImpl.timedFinishConnect(NioSocketImpl.java:547) ~[na:na]
	at java.base/sun.nio.ch.NioSocketImpl.connect(NioSocketImpl.java:602) ~[na:na]
	at java.base/java.net.SocksSocketImpl.connect(SocksSocketImpl.java:327) ~[na:na]
	at java.base/java.net.Socket.connect(Socket.java:633) ~[na:na]
	at org.postgresql.core.PGStream.createSocket(PGStream.java:261) ~[postgresql-42.7.8.jar:42.7.8]
	at org.postgresql.core.PGStream.<init>(PGStream.java:122) ~[postgresql-42.7.8.jar:42.7.8]
	at org.postgresql.core.v3.ConnectionFactoryImpl.tryConnect(ConnectionFactoryImpl.java:146) ~[postgresql-42.7.8.jar:42.7.8]
	at org.postgresql.core.v3.ConnectionFactoryImpl.openConnectionImpl(ConnectionFactoryImpl.java:289) ~[postgresql-42.7.8.jar:42.7.8]
	... 58 common frames omitted

2025-11-20T22:36:33.525-03:00  INFO 96250 --- [nubank-challenge-server] [restartedMain] c.c.n.NubankChallengeServerApplication   : Starting NubankChallengeServerApplication using Java 17.0.14 with PID 96250 (/home/cardosofiles/www/java/development/nubank-challenge-server/target/classes started by cardosofiles in /home/cardosofiles/www/java/development/nubank-challenge-server)
2025-11-20T22:36:33.526-03:00 DEBUG 96250 --- [nubank-challenge-server] [restartedMain] c.c.n.NubankChallengeServerApplication   : Running with Spring Boot v3.5.8, Spring v6.2.14
2025-11-20T22:36:33.527-03:00  INFO 96250 --- [nubank-challenge-server] [restartedMain] c.c.n.NubankChallengeServerApplication   : The following 1 profile is active: "dev"
2025-11-20T22:36:33.567-03:00  INFO 96250 --- [nubank-challenge-server] [restartedMain] .e.DevToolsPropertyDefaultsPostProcessor : Devtools property defaults active! Set 'spring.devtools.add-properties' to 'false' to disable
2025-11-20T22:36:33.568-03:00  INFO 96250 --- [nubank-challenge-server] [restartedMain] .e.DevToolsPropertyDefaultsPostProcessor : For additional web related logging consider setting the 'logging.level.web' property to 'DEBUG'
2025-11-20T22:36:34.368-03:00  INFO 96250 --- [nubank-challenge-server] [restartedMain] .s.d.r.c.RepositoryConfigurationDelegate : Bootstrapping Spring Data JPA repositories in DEFAULT mode.
2025-11-20T22:36:34.413-03:00  INFO 96250 --- [nubank-challenge-server] [restartedMain] .s.d.r.c.RepositoryConfigurationDelegate : Finished Spring Data repository scanning in 37 ms. Found 2 JPA repository interfaces.
2025-11-20T22:36:34.784-03:00  INFO 96250 --- [nubank-challenge-server] [restartedMain] o.s.b.w.embedded.tomcat.TomcatWebServer  : Tomcat initialized with port 8080 (http)
2025-11-20T22:36:34.794-03:00  INFO 96250 --- [nubank-challenge-server] [restartedMain] o.apache.catalina.core.StandardService   : Starting service [Tomcat]
2025-11-20T22:36:34.795-03:00  INFO 96250 --- [nubank-challenge-server] [restartedMain] o.apache.catalina.core.StandardEngine    : Starting Servlet engine: [Apache Tomcat/10.1.49]
2025-11-20T22:36:34.831-03:00  INFO 96250 --- [nubank-challenge-server] [restartedMain] o.a.c.c.C.[Tomcat].[localhost].[/]       : Initializing Spring embedded WebApplicationContext
2025-11-20T22:36:34.831-03:00  INFO 96250 --- [nubank-challenge-server] [restartedMain] w.s.c.ServletWebServerApplicationContext : Root WebApplicationContext: initialization completed in 1263 ms
2025-11-20T22:36:35.030-03:00  INFO 96250 --- [nubank-challenge-server] [restartedMain] o.hibernate.jpa.internal.util.LogHelper  : HHH000204: Processing PersistenceUnitInfo [name: default]
2025-11-20T22:36:35.066-03:00  INFO 96250 --- [nubank-challenge-server] [restartedMain] org.hibernate.Version                    : HHH000412: Hibernate ORM core version 6.6.36.Final
2025-11-20T22:36:35.091-03:00  INFO 96250 --- [nubank-challenge-server] [restartedMain] o.h.c.internal.RegionFactoryInitiator    : HHH000026: Second-level cache disabled
2025-11-20T22:36:35.279-03:00  INFO 96250 --- [nubank-challenge-server] [restartedMain] o.s.o.j.p.SpringPersistenceUnitInfo      : No LoadTimeWeaver setup: ignoring JPA class transformer
2025-11-20T22:36:35.301-03:00  INFO 96250 --- [nubank-challenge-server] [restartedMain] com.zaxxer.hikari.HikariDataSource       : HikariPool-1 - Starting...
2025-11-20T22:36:35.440-03:00  INFO 96250 --- [nubank-challenge-server] [restartedMain] com.zaxxer.hikari.pool.HikariPool        : HikariPool-1 - Added connection org.postgresql.jdbc.PgConnection@2f68b018
2025-11-20T22:36:35.442-03:00  INFO 96250 --- [nubank-challenge-server] [restartedMain] com.zaxxer.hikari.HikariDataSource       : HikariPool-1 - Start completed.
2025-11-20T22:36:35.478-03:00  WARN 96250 --- [nubank-challenge-server] [restartedMain] org.hibernate.orm.deprecation            : HHH90000025: PostgreSQLDialect does not need to be specified explicitly using 'hibernate.dialect' (remove the property setting and it will be selected by default)
2025-11-20T22:36:35.494-03:00  INFO 96250 --- [nubank-challenge-server] [restartedMain] org.hibernate.orm.connections.pooling    : HHH10001005: Database info:
	Database JDBC URL [Connecting through datasource 'HikariDataSource (HikariPool-1)']
	Database driver: undefined/unknown
	Database version: 15.15
	Autocommit mode: undefined/unknown
	Isolation level: undefined/unknown
	Minimum pool size: undefined/unknown
	Maximum pool size: undefined/unknown
2025-11-20T22:36:36.083-03:00  INFO 96250 --- [nubank-challenge-server] [restartedMain] o.h.e.t.j.p.i.JtaPlatformInitiator       : HHH000489: No JTA platform available (set 'hibernate.transaction.jta.platform' to enable JTA platform integration)
2025-11-20T22:36:36.092-03:00 DEBUG 96250 --- [nubank-challenge-server] [restartedMain] org.hibernate.SQL                        : 
    set client_min_messages = WARNING
2025-11-20T22:36:36.094-03:00 DEBUG 96250 --- [nubank-challenge-server] [restartedMain] org.hibernate.SQL                        : 
    alter table if exists contacts 
       drop constraint if exists FK94mnsowcdm8tow68ha3xudt48
2025-11-20T22:36:36.111-03:00 DEBUG 96250 --- [nubank-challenge-server] [restartedMain] org.hibernate.SQL                        : 
    drop table if exists clients cascade
2025-11-20T22:36:36.119-03:00 DEBUG 96250 --- [nubank-challenge-server] [restartedMain] org.hibernate.SQL                        : 
    drop table if exists contacts cascade
2025-11-20T22:36:36.130-03:00 DEBUG 96250 --- [nubank-challenge-server] [restartedMain] org.hibernate.SQL                        : 
    create table clients (
        id bigint generated by default as identity,
        name varchar(100) not null,
        primary key (id)
    )
2025-11-20T22:36:36.154-03:00 DEBUG 96250 --- [nubank-challenge-server] [restartedMain] org.hibernate.SQL                        : 
    create table contacts (
        client_id bigint not null,
        id bigint generated by default as identity,
        phone_number varchar(20),
        email varchar(100),
        primary key (id)
    )
2025-11-20T22:36:36.167-03:00 DEBUG 96250 --- [nubank-challenge-server] [restartedMain] org.hibernate.SQL                        : 
    alter table if exists contacts 
       add constraint FK94mnsowcdm8tow68ha3xudt48 
       foreign key (client_id) 
       references clients
2025-11-20T22:36:36.178-03:00  INFO 96250 --- [nubank-challenge-server] [restartedMain] j.LocalContainerEntityManagerFactoryBean : Initialized JPA EntityManagerFactory for persistence unit 'default'
2025-11-20T22:36:36.760-03:00  INFO 96250 --- [nubank-challenge-server] [restartedMain] o.s.b.d.a.OptionalLiveReloadServer       : LiveReload server is running on port 35729
2025-11-20T22:36:36.765-03:00  INFO 96250 --- [nubank-challenge-server] [restartedMain] o.s.b.a.e.web.EndpointLinksResolver      : Exposing 1 endpoint beneath base path '/actuator'
2025-11-20T22:36:36.819-03:00  INFO 96250 --- [nubank-challenge-server] [restartedMain] o.s.b.w.embedded.tomcat.TomcatWebServer  : Tomcat started on port 8080 (http) with context path '/'
2025-11-20T22:36:36.836-03:00  INFO 96250 --- [nubank-challenge-server] [restartedMain] c.c.n.NubankChallengeServerApplication   : Started NubankChallengeServerApplication in 3.652 seconds (process running for 3.916)
2025-11-20T22:36:47.986-03:00  INFO 96250 --- [nubank-challenge-server] [http-nio-8080-exec-1] o.a.c.c.C.[Tomcat].[localhost].[/]       : Initializing Spring DispatcherServlet 'dispatcherServlet'
2025-11-20T22:36:47.986-03:00  INFO 96250 --- [nubank-challenge-server] [http-nio-8080-exec-1] o.s.web.servlet.DispatcherServlet        : Initializing Servlet 'dispatcherServlet'
2025-11-20T22:36:47.988-03:00  INFO 96250 --- [nubank-challenge-server] [http-nio-8080-exec-1] o.s.web.servlet.DispatcherServlet        : Completed initialization in 2 ms
2025-11-20T22:37:32.771-03:00  INFO 96250 --- [nubank-challenge-server] [File Watcher] rtingClassPathChangeChangedEventListener : Restarting due to 1 class path change (0 additions, 0 deletions, 1 modification)
2025-11-20T22:37:32.776-03:00  INFO 96250 --- [nubank-challenge-server] [Thread-5] o.s.b.w.e.tomcat.GracefulShutdown        : Commencing graceful shutdown. Waiting for active requests to complete
2025-11-20T22:37:32.780-03:00  INFO 96250 --- [nubank-challenge-server] [tomcat-shutdown] o.s.b.w.e.tomcat.GracefulShutdown        : Graceful shutdown complete
2025-11-20T22:37:32.786-03:00  INFO 96250 --- [nubank-challenge-server] [Thread-5] j.LocalContainerEntityManagerFactoryBean : Closing JPA EntityManagerFactory for persistence unit 'default'
2025-11-20T22:37:32.791-03:00  INFO 96250 --- [nubank-challenge-server] [Thread-5] com.zaxxer.hikari.HikariDataSource       : HikariPool-1 - Shutdown initiated...
2025-11-20T22:37:32.794-03:00  INFO 96250 --- [nubank-challenge-server] [Thread-5] com.zaxxer.hikari.HikariDataSource       : HikariPool-1 - Shutdown completed.
2025-11-20T22:37:32.858-03:00  INFO 96250 --- [nubank-challenge-server] [restartedMain] c.c.n.NubankChallengeServerApplication   : Starting NubankChallengeServerApplication using Java 17.0.14 with PID 96250 (/home/cardosofiles/www/java/development/nubank-challenge-server/target/classes started by cardosofiles in /home/cardosofiles/www/java/development/nubank-challenge-server)
2025-11-20T22:37:32.858-03:00 DEBUG 96250 --- [nubank-challenge-server] [restartedMain] c.c.n.NubankChallengeServerApplication   : Running with Spring Boot v3.5.8, Spring v6.2.14
2025-11-20T22:37:32.858-03:00  INFO 96250 --- [nubank-challenge-server] [restartedMain] c.c.n.NubankChallengeServerApplication   : The following 1 profile is active: "dev"
2025-11-20T22:37:33.036-03:00  INFO 96250 --- [nubank-challenge-server] [restartedMain] .s.d.r.c.RepositoryConfigurationDelegate : Bootstrapping Spring Data JPA repositories in DEFAULT mode.
2025-11-20T22:37:33.042-03:00  INFO 96250 --- [nubank-challenge-server] [restartedMain] .s.d.r.c.RepositoryConfigurationDelegate : Finished Spring Data repository scanning in 5 ms. Found 2 JPA repository interfaces.
2025-11-20T22:37:33.104-03:00  INFO 96250 --- [nubank-challenge-server] [restartedMain] o.s.b.w.embedded.tomcat.TomcatWebServer  : Tomcat initialized with port 8080 (http)
2025-11-20T22:37:33.105-03:00  INFO 96250 --- [nubank-challenge-server] [restartedMain] o.apache.catalina.core.StandardService   : Starting service [Tomcat]
2025-11-20T22:37:33.105-03:00  INFO 96250 --- [nubank-challenge-server] [restartedMain] o.apache.catalina.core.StandardEngine    : Starting Servlet engine: [Apache Tomcat/10.1.49]
2025-11-20T22:37:33.110-03:00  INFO 96250 --- [nubank-challenge-server] [restartedMain] o.a.c.c.C.[Tomcat].[localhost].[/]       : Initializing Spring embedded WebApplicationContext
2025-11-20T22:37:33.111-03:00  INFO 96250 --- [nubank-challenge-server] [restartedMain] w.s.c.ServletWebServerApplicationContext : Root WebApplicationContext: initialization completed in 252 ms
2025-11-20T22:37:33.151-03:00  INFO 96250 --- [nubank-challenge-server] [restartedMain] o.hibernate.jpa.internal.util.LogHelper  : HHH000204: Processing PersistenceUnitInfo [name: default]
2025-11-20T22:37:33.153-03:00  INFO 96250 --- [nubank-challenge-server] [restartedMain] o.h.c.internal.RegionFactoryInitiator    : HHH000026: Second-level cache disabled
2025-11-20T22:37:33.158-03:00  INFO 96250 --- [nubank-challenge-server] [restartedMain] o.s.o.j.p.SpringPersistenceUnitInfo      : No LoadTimeWeaver setup: ignoring JPA class transformer
2025-11-20T22:37:33.159-03:00  INFO 96250 --- [nubank-challenge-server] [restartedMain] com.zaxxer.hikari.HikariDataSource       : HikariPool-2 - Starting...
2025-11-20T22:37:33.173-03:00  INFO 96250 --- [nubank-challenge-server] [restartedMain] com.zaxxer.hikari.pool.HikariPool        : HikariPool-2 - Added connection org.postgresql.jdbc.PgConnection@77a6f8f7
2025-11-20T22:37:33.174-03:00  INFO 96250 --- [nubank-challenge-server] [restartedMain] com.zaxxer.hikari.HikariDataSource       : HikariPool-2 - Start completed.
2025-11-20T22:37:33.177-03:00  WARN 96250 --- [nubank-challenge-server] [restartedMain] org.hibernate.orm.deprecation            : HHH90000025: PostgreSQLDialect does not need to be specified explicitly using 'hibernate.dialect' (remove the property setting and it will be selected by default)
2025-11-20T22:37:33.178-03:00  INFO 96250 --- [nubank-challenge-server] [restartedMain] org.hibernate.orm.connections.pooling    : HHH10001005: Database info:
	Database JDBC URL [Connecting through datasource 'HikariDataSource (HikariPool-2)']
	Database driver: undefined/unknown
	Database version: 15.15
	Autocommit mode: undefined/unknown
	Isolation level: undefined/unknown
	Minimum pool size: undefined/unknown
	Maximum pool size: undefined/unknown
2025-11-20T22:37:33.218-03:00  INFO 96250 --- [nubank-challenge-server] [restartedMain] o.h.e.t.j.p.i.JtaPlatformInitiator       : HHH000489: No JTA platform available (set 'hibernate.transaction.jta.platform' to enable JTA platform integration)
2025-11-20T22:37:33.219-03:00 DEBUG 96250 --- [nubank-challenge-server] [restartedMain] org.hibernate.SQL                        : 
    set client_min_messages = WARNING
2025-11-20T22:37:33.220-03:00 DEBUG 96250 --- [nubank-challenge-server] [restartedMain] org.hibernate.SQL                        : 
    alter table if exists contacts 
       drop constraint if exists FK94mnsowcdm8tow68ha3xudt48
2025-11-20T22:37:33.234-03:00 DEBUG 96250 --- [nubank-challenge-server] [restartedMain] org.hibernate.SQL                        : 
    drop table if exists clients cascade
2025-11-20T22:37:33.239-03:00 DEBUG 96250 --- [nubank-challenge-server] [restartedMain] org.hibernate.SQL                        : 
    drop table if exists contacts cascade
2025-11-20T22:37:33.244-03:00 DEBUG 96250 --- [nubank-challenge-server] [restartedMain] org.hibernate.SQL                        : 
    create table clients (
        id bigint generated by default as identity,
        name varchar(100) not null,
        primary key (id)
    )
2025-11-20T22:37:33.254-03:00 DEBUG 96250 --- [nubank-challenge-server] [restartedMain] org.hibernate.SQL                        : 
    create table contacts (
        client_id bigint not null,
        id bigint generated by default as identity,
        phone_number varchar(20),
        email varchar(100),
        primary key (id)
    )
2025-11-20T22:37:33.266-03:00 DEBUG 96250 --- [nubank-challenge-server] [restartedMain] org.hibernate.SQL                        : 
    alter table if exists contacts 
       add constraint FK94mnsowcdm8tow68ha3xudt48 
       foreign key (client_id) 
       references clients
2025-11-20T22:37:33.273-03:00  INFO 96250 --- [nubank-challenge-server] [restartedMain] j.LocalContainerEntityManagerFactoryBean : Initialized JPA EntityManagerFactory for persistence unit 'default'
2025-11-20T22:37:33.394-03:00  INFO 96250 --- [nubank-challenge-server] [restartedMain] o.s.b.d.a.OptionalLiveReloadServer       : LiveReload server is running on port 35729
2025-11-20T22:37:33.396-03:00  INFO 96250 --- [nubank-challenge-server] [restartedMain] o.s.b.a.e.web.EndpointLinksResolver      : Exposing 1 endpoint beneath base path '/actuator'
2025-11-20T22:37:33.414-03:00  INFO 96250 --- [nubank-challenge-server] [restartedMain] o.s.b.w.embedded.tomcat.TomcatWebServer  : Tomcat started on port 8080 (http) with context path '/'
2025-11-20T22:37:33.421-03:00  INFO 96250 --- [nubank-challenge-server] [restartedMain] c.c.n.NubankChallengeServerApplication   : Started NubankChallengeServerApplication in 0.582 seconds (process running for 58.962)
2025-11-20T22:37:33.424-03:00  INFO 96250 --- [nubank-challenge-server] [restartedMain] .ConditionEvaluationDeltaLoggingListener : Condition evaluation unchanged
2025-11-20T22:37:33.545-03:00  INFO 96250 --- [nubank-challenge-server] [http-nio-8080-exec-1] o.a.c.c.C.[Tomcat].[localhost].[/]       : Initializing Spring DispatcherServlet 'dispatcherServlet'
2025-11-20T22:37:33.545-03:00  INFO 96250 --- [nubank-challenge-server] [http-nio-8080-exec-1] o.s.web.servlet.DispatcherServlet        : Initializing Servlet 'dispatcherServlet'
2025-11-20T22:37:33.547-03:00  INFO 96250 --- [nubank-challenge-server] [http-nio-8080-exec-1] o.s.web.servlet.DispatcherServlet        : Completed initialization in 2 ms
2025-11-20T22:37:46.754-03:00  INFO 96250 --- [nubank-challenge-server] [SpringApplicationShutdownHook] o.s.b.w.e.tomcat.GracefulShutdown        : Commencing graceful shutdown. Waiting for active requests to complete
2025-11-20T22:37:46.758-03:00  INFO 96250 --- [nubank-challenge-server] [tomcat-shutdown] o.s.b.w.e.tomcat.GracefulShutdown        : Graceful shutdown complete
2025-11-20T22:37:46.764-03:00  INFO 96250 --- [nubank-challenge-server] [SpringApplicationShutdownHook] j.LocalContainerEntityManagerFactoryBean : Closing JPA EntityManagerFactory for persistence unit 'default'
2025-11-20T22:37:46.766-03:00  INFO 96250 --- [nubank-challenge-server] [SpringApplicationShutdownHook] com.zaxxer.hikari.HikariDataSource       : HikariPool-2 - Shutdown initiated...
2025-11-20T22:37:46.769-03:00  INFO 96250 --- [nubank-challenge-server] [SpringApplicationShutdownHook] com.zaxxer.hikari.HikariDataSource       : HikariPool-2 - Shutdown completed.
